STRUCTURE,STRUCTURE_ID,STRUCTURE_NAME,ACTION,FREQ,Frequency,CLIMATE_CHANGE_INDICATORS,Climate Change Indicators,GEO_PICT,Pacific Island Countries and territories,TIME_PERIOD,Time,OBS_VALUE,Observation value,OBS_STATUS,Observation Status,UNIT_MEASURE,Unit of measure,ERROR_TYPE,Error type,ERROR_VAL,Error value,REPORTING_TYPE,Reporting Type,OBS_COMMENT,Comment
DATAFLOW,SPC:DF_CLIMATE_CHANGE(1.0),Climate Change indicators,I,A,Annual,FISH_MNGT_MULT_BILAT_ARGMT,Fisheries management measures in place and multilateral and bilateral fisheries management arrangements,TO,Tonga,1903,,2,,,,N,units,,,,,N,National,,
DATAFLOW,SPC:DF_CLIMATE_CHANGE(1.0),Climate Change indicators,I,A,Annual,FISH_MNGT_MULT_BILAT_ARGMT,Fisheries management measures in place and multilateral and bilateral fisheries management arrangements,TO,Tonga,1904,,2,,,,N,units,,,,,N,National,,
DATAFLOW,SPC:DF_CLIMATE_CHANGE(1.0),Climate Change indicators,I,A,Annual,FISH_MNGT_MULT_BILAT_ARGMT,Fisheries management measures in place and multilateral and bilateral fisheries management arrangements,TO,Tonga,1905,,2,,,,N,units,,,,,N,National,,
DATAFLOW,SPC:DF_CLIMATE_CHANGE(1.0),Climate Change indicators,I,A,Annual,FISH_MNGT_MULT_BILAT_ARGMT,Fisheries management measures in place and multilateral and bilateral fisheries management arrangements,TO,Tonga,1906,,2,,,,N,units,,,,,N,National,,
DATAFLOW,SPC:DF_CLIMATE_CHANGE(1.0),Climate Change indicators,I,A,Annual,FISH_MNGT_MULT_BILAT_ARGMT,Fisheries management measures in place and multilateral and bilateral fisheries management arrangements,TO,Tonga,1907,,2,,,,N,units,,,,,N,National,,
DATAFLOW,SPC:DF_CLIMATE_CHANGE(1.0),Climate Change indicators,I,A,Annual,FISH_MNGT_MULT_BILAT_ARGMT,Fisheries management measures in place and multilateral and bilateral fisheries management arrangements,TO,Tonga,1908,,2,,,,N,units,,,,,N,National,,
DATAFLOW,SPC:DF_CLIMATE_CHANGE(1.0),Climate Change indicators,I,A,Annual,FISH_MNGT_MULT_BILAT_ARGMT,Fisheries management measures in place and multilateral and bilateral fisheries management arrangements,TO,Tonga,1909,,2,,,,N,units,,,,,N,National,,
DATAFLOW,SPC:DF_CLIMATE_CHANGE(1.0),Climate Change indicators,I,A,Annual,FISH_MNGT_MULT_BILAT_ARGMT,Fisheries management measures in place and multilateral and bilateral fisheries management arrangements,TO,Tonga,1910,,2,,,,N,units,,,,,N,National,,
DATAFLOW,SPC:DF_CLIMATE_CHANGE(1.0),Climate Change indicators,I,A,Annual,FISH_MNGT_MULT_BILAT_ARGMT,Fisheries management measures in place and multilateral and bilateral fisheries management arrangements,TO,Tonga,1911,,2,,,,N,units,,,,,N,National,,
DATAFLOW,SPC:DF_CLIMATE_CHANGE(1.0),Climate Change indicators,I,A,Annual,FISH_MNGT_MULT_BILAT_ARGMT,Fisheries management measures in place and multilateral and bilateral fisheries management arrangements,TO,Tonga,1912,,2,,,,N,units,,,,,N,National,,
DATAFLOW,SPC:DF_CLIMATE_CHANGE(1.0),Climate Change indicators,I,A,Annual,FISH_MNGT_MULT_BILAT_ARGMT,Fisheries management measures in place and multilateral and bilateral fisheries management arrangements,TO,Tonga,1913,,2,,,,N,units,,,,,N,National,,
DATAFLOW,SPC:DF_CLIMATE_CHANGE(1.0),Climate Change indicators,I,A,Annual,FISH_MNGT_MULT_BILAT_ARGMT,Fisheries management measures in place and multilateral and bilateral fisheries management arrangements,TO,Tonga,1914,,2,,,,N,units,,,,,N,National,,
DATAFLOW,SPC:DF_CLIMATE_CHANGE(1.0),Climate Change indicators,I,A,Annual,FISH_MNGT_MULT_BILAT_ARGMT,Fisheries management measures in place and multilateral and bilateral fisheries management arrangements,TO,Tonga,1915,,2,,,,N,units,,,,,N,National,,
DATAFLOW,SPC:DF_CLIMATE_CHANGE(1.0),Climate Change indicators,I,A,Annual,FISH_MNGT_MULT_BILAT_ARGMT,Fisheries management measures in place and multilateral and bilateral fisheries management arrangements,TO,Tonga,1916,,2,,,,N,units,,,,,N,National,,
DATAFLOW,SPC:DF_CLIMATE_CHANGE(1.0),Climate Change indicators,I,A,Annual,FISH_MNGT_MULT_BILAT_ARGMT,Fisheries management measures in place and multilateral and bilateral fisheries management arrangements,TO,Tonga,1917,,2,,,,N,units,,,,,N,National,,
DATAFLOW,SPC:DF_CLIMATE_CHANGE(1.0),Climate Change indicators,I,A,Annual,FISH_MNGT_MULT_BILAT_ARGMT,Fisheries management measures in place and multilateral and bilateral fisheries management arrangements,TO,Tonga,1918,,2,,,,N,units,,,,,N,National,,
DATAFLOW,SPC:DF_CLIMATE_CHANGE(1.0),Climate Change indicators,I,A,Annual,FISH_MNGT_MULT_BILAT_ARGMT,Fisheries management measures in place and multilateral and bilateral fisheries management arrangements,TO,Tonga,1919,,2,,,,N,units,,,,,N,National,,
DATAFLOW,SPC:DF_CLIMATE_CHANGE(1.0),Climate Change indicators,I,A,Annual,FISH_MNGT_MULT_BILAT_ARGMT,Fisheries management measures in place and multilateral and bilateral fisheries management arrangements,TO,Tonga,1920,,2,,,,N,units,,,,,N,National,,
DATAFLOW,SPC:DF_CLIMATE_CHANGE(1.0),Climate Change indicators,I,A,Annual,FISH_MNGT_MULT_BILAT_ARGMT,Fisheries management measures in place and multilateral and bilateral fisheries management arrangements,TO,Tonga,1921,,2,,,,N,units,,,,,N,National,,
DATAFLOW,SPC:DF_CLIMATE_CHANGE(1.0),Climate Change indicators,I,A,Annual,FISH_MNGT_MULT_BILAT_ARGMT,Fisheries management measures in place and multilateral and bilateral fisheries management arrangements,TO,Tonga,1922,,2,,,,N,units,,,,,N,National,,
DATAFLOW,SPC:DF_CLIMATE_CHANGE(1.0),Climate Change indicators,I,A,Annual,FISH_MNGT_MULT_BILAT_ARGMT,Fisheries management measures in place and multilateral and bilateral fisheries management arrangements,TO,Tonga,1923,,2,,,,N,units,,,,,N,National,,
DATAFLOW,SPC:DF_CLIMATE_CHANGE(1.0),Climate Change indicators,I,A,Annual,FISH_MNGT_MULT_BILAT_ARGMT,Fisheries management measures in place and multilateral and bilateral fisheries management arrangements,TO,Tonga,1924,,2,,,,N,units,,,,,N,National,,
DATAFLOW,SPC:DF_CLIMATE_CHANGE(1.0),Climate Change indicators,I,A,Annual,FISH_MNGT_MULT_BILAT_ARGMT,Fisheries management measures in place and multilateral and bilateral fisheries management arrangements,TO,Tonga,1925,,2,,,,N,units,,,,,N,National,,
DATAFLOW,SPC:DF_CLIMATE_CHANGE(1.0),Climate Change indicators,I,A,Annual,FISH_MNGT_MULT_BILAT_ARGMT,Fisheries management measures in place and multilateral and bilateral fisheries management arrangements,TO,Tonga,1926,,3,,,,N,units,,,,,N,National,,
DATAFLOW,SPC:DF_CLIMATE_CHANGE(1.0),Climate Change indicators,I,A,Annual,FISH_MNGT_MULT_BILAT_ARGMT,Fisheries management measures in place and multilateral and bilateral fisheries management arrangements,TO,Tonga,1927,,3,,,,N,units,,,,,N,National,,
DATAFLOW,SPC:DF_CLIMATE_CHANGE(1.0),Climate Change indicators,I,A,Annual,FISH_MNGT_MULT_BILAT_ARGMT,Fisheries management measures in place and multilateral and bilateral fisheries management arrangements,TO,Tonga,1928,,3,,,,N,units,,,,,N,National,,
DATAFLOW,SPC:DF_CLIMATE_CHANGE(1.0),Climate Change indicators,I,A,Annual,FISH_MNGT_MULT_BILAT_ARGMT,Fisheries management measures in place and multilateral and bilateral fisheries management arrangements,TO,Tonga,1929,,3,,,,N,units,,,,,N,National,,
DATAFLOW,SPC:DF_CLIMATE_CHANGE(1.0),Climate Change indicators,I,A,Annual,FISH_MNGT_MULT_BILAT_ARGMT,Fisheries management measures in place and multilateral and bilateral fisheries management arrangements,TO,Tonga,1930,,3,,,,N,units,,,,,N,National,,
DATAFLOW,SPC:DF_CLIMATE_CHANGE(1.0),Climate Change indicators,I,A,Annual,FISH_MNGT_MULT_BILAT_ARGMT,Fisheries management measures in place and multilateral and bilateral fisheries management arrangements,TO,Tonga,1931,,3,,,,N,units,,,,,N,National,,
DATAFLOW,SPC:DF_CLIMATE_CHANGE(1.0),Climate Change indicators,I,A,Annual,FISH_MNGT_MULT_BILAT_ARGMT,Fisheries management measures in place and multilateral and bilateral fisheries management arrangements,TO,Tonga,1932,,3,,,,N,units,,,,,N,National,,
DATAFLOW,SPC:DF_CLIMATE_CHANGE(1.0),Climate Change indicators,I,A,Annual,FISH_MNGT_MULT_BILAT_ARGMT,Fisheries management measures in place and multilateral and bilateral fisheries management arrangements,TO,Tonga,1933,,3,,,,N,units,,,,,N,National,,
DATAFLOW,SPC:DF_CLIMATE_CHANGE(1.0),Climate Change indicators,I,A,Annual,FISH_MNGT_MULT_BILAT_ARGMT,Fisheries management measures in place and multilateral and bilateral fisheries management arrangements,TO,Tonga,1934,,3,,,,N,units,,,,,N,National,,
DATAFLOW,SPC:DF_CLIMATE_CHANGE(1.0),Climate Change indicators,I,A,Annual,FISH_MNGT_MULT_BILAT_ARGMT,Fisheries management measures in place and multilateral and bilateral fisheries management arrangements,TO,Tonga,1935,,3,,,,N,units,,,,,N,National,,
DATAFLOW,SPC:DF_CLIMATE_CHANGE(1.0),Climate Change indicators,I,A,Annual,FISH_MNGT_MULT_BILAT_ARGMT,Fisheries management measures in place and multilateral and bilateral fisheries management arrangements,TO,Tonga,1936,,3,,,,N,units,,,,,N,National,,
DATAFLOW,SPC:DF_CLIMATE_CHANGE(1.0),Climate Change indicators,I,A,Annual,FISH_MNGT_MULT_BILAT_ARGMT,Fisheries management measures in place and multilateral and bilateral fisheries management arrangements,TO,Tonga,1937,,3,,,,N,units,,,,,N,National,,
DATAFLOW,SPC:DF_CLIMATE_CHANGE(1.0),Climate Change indicators,I,A,Annual,FISH_MNGT_MULT_BILAT_ARGMT,Fisheries management measures in place and multilateral and bilateral fisheries management arrangements,TO,Tonga,1938,,3,,,,N,units,,,,,N,National,,
DATAFLOW,SPC:DF_CLIMATE_CHANGE(1.0),Climate Change indicators,I,A,Annual,FISH_MNGT_MULT_BILAT_ARGMT,Fisheries management measures in place and multilateral and bilateral fisheries management arrangements,TO,Tonga,1939,,3,,,,N,units,,,,,N,National,,
DATAFLOW,SPC:DF_CLIMATE_CHANGE(1.0),Climate Change indicators,I,A,Annual,FISH_MNGT_MULT_BILAT_ARGMT,Fisheries management measures in place and multilateral and bilateral fisheries management arrangements,TO,Tonga,1940,,3,,,,N,units,,,,,N,National,,
DATAFLOW,SPC:DF_CLIMATE_CHANGE(1.0),Climate Change indicators,I,A,Annual,FISH_MNGT_MULT_BILAT_ARGMT,Fisheries management measures in place and multilateral and bilateral fisheries management arrangements,TO,Tonga,1941,,3,,,,N,units,,,,,N,National,,
DATAFLOW,SPC:DF_CLIMATE_CHANGE(1.0),Climate Change indicators,I,A,Annual,FISH_MNGT_MULT_BILAT_ARGMT,Fisheries management measures in place and multilateral and bilateral fisheries management arrangements,TO,Tonga,1942,,3,,,,N,units,,,,,N,National,,
DATAFLOW,SPC:DF_CLIMATE_CHANGE(1.0),Climate Change indicators,I,A,Annual,FISH_MNGT_MULT_BILAT_ARGMT,Fisheries management measures in place and multilateral and bilateral fisheries management arrangements,TO,Tonga,1943,,3,,,,N,units,,,,,N,National,,
DATAFLOW,SPC:DF_CLIMATE_CHANGE(1.0),Climate Change indicators,I,A,Annual,FISH_MNGT_MULT_BILAT_ARGMT,Fisheries management measures in place and multilateral and bilateral fisheries management arrangements,TO,Tonga,1944,,3,,,,N,units,,,,,N,National,,
DATAFLOW,SPC:DF_CLIMATE_CHANGE(1.0),Climate Change indicators,I,A,Annual,FISH_MNGT_MULT_BILAT_ARGMT,Fisheries management measures in place and multilateral and bilateral fisheries management arrangements,TO,Tonga,1945,,3,,,,N,units,,,,,N,National,,
DATAFLOW,SPC:DF_CLIMATE_CHANGE(1.0),Climate Change indicators,I,A,Annual,FISH_MNGT_MULT_BILAT_ARGMT,Fisheries management measures in place and multilateral and bilateral fisheries management arrangements,TO,Tonga,1946,,3,,,,N,units,,,,,N,National,,
DATAFLOW,SPC:DF_CLIMATE_CHANGE(1.0),Climate Change indicators,I,A,Annual,FISH_MNGT_MULT_BILAT_ARGMT,Fisheries management measures in place and multilateral and bilateral fisheries management arrangements,TO,Tonga,1947,,3,,,,N,units,,,,,N,National,,
DATAFLOW,SPC:DF_CLIMATE_CHANGE(1.0),Climate Change indicators,I,A,Annual,FISH_MNGT_MULT_BILAT_ARGMT,Fisheries management measures in place and multilateral and bilateral fisheries management arrangements,TO,Tonga,1948,,3,,,,N,units,,,,,N,National,,
DATAFLOW,SPC:DF_CLIMATE_CHANGE(1.0),Climate Change indicators,I,A,Annual,FISH_MNGT_MULT_BILAT_ARGMT,Fisheries management measures in place and multilateral and bilateral fisheries management arrangements,TO,Tonga,1949,,3,,,,N,units,,,,,N,National,,
DATAFLOW,SPC:DF_CLIMATE_CHANGE(1.0),Climate Change indicators,I,A,Annual,FISH_MNGT_MULT_BILAT_ARGMT,Fisheries management measures in place and multilateral and bilateral fisheries management arrangements,TO,Tonga,1950,,3,,,,N,units,,,,,N,National,,
DATAFLOW,SPC:DF_CLIMATE_CHANGE(1.0),Climate Change indicators,I,A,Annual,FISH_MNGT_MULT_BILAT_ARGMT,Fisheries management measures in place and multilateral and bilateral fisheries management arrangements,TO,Tonga,1951,,3,,,,N,units,,,,,N,National,,
DATAFLOW,SPC:DF_CLIMATE_CHANGE(1.0),Climate Change indicators,I,A,Annual,FISH_MNGT_MULT_BILAT_ARGMT,Fisheries management measures in place and multilateral and bilateral fisheries management arrangements,TO,Tonga,1952,,3,,,,N,units,,,,,N,National,,
DATAFLOW,SPC:DF_CLIMATE_CHANGE(1.0),Climate Change indicators,I,A,Annual,FISH_MNGT_MULT_BILAT_ARGMT,Fisheries management measures in place and multilateral and bilateral fisheries management arrangements,TO,Tonga,1953,,3,,,,N,units,,,,,N,National,,
DATAFLOW,SPC:DF_CLIMATE_CHANGE(1.0),Climate Change indicators,I,A,Annual,FISH_MNGT_MULT_BILAT_ARGMT,Fisheries management measures in place and multilateral and bilateral fisheries management arrangements,TO,Tonga,1954,,3,,,,N,units,,,,,N,National,,
DATAFLOW,SPC:DF_CLIMATE_CHANGE(1.0),Climate Change indicators,I,A,Annual,FISH_MNGT_MULT_BILAT_ARGMT,Fisheries management measures in place and multilateral and bilateral fisheries management arrangements,TO,Tonga,1955,,3,,,,N,units,,,,,N,National,,
DATAFLOW,SPC:DF_CLIMATE_CHANGE(1.0),Climate Change indicators,I,A,Annual,FISH_MNGT_MULT_BILAT_ARGMT,Fisheries management measures in place and multilateral and bilateral fisheries management arrangements,TO,Tonga,1956,,3,,,,N,units,,,,,N,National,,
DATAFLOW,SPC:DF_CLIMATE_CHANGE(1.0),Climate Change indicators,I,A,Annual,FISH_MNGT_MULT_BILAT_ARGMT,Fisheries management measures in place and multilateral and bilateral fisheries management arrangements,TO,Tonga,1957,,3,,,,N,units,,,,,N,National,,
DATAFLOW,SPC:DF_CLIMATE_CHANGE(1.0),Climate Change indicators,I,A,Annual,FISH_MNGT_MULT_BILAT_ARGMT,Fisheries management measures in place and multilateral and bilateral fisheries management arrangements,TO,Tonga,1958,,3,,,,N,units,,,,,N,National,,
DATAFLOW,SPC:DF_CLIMATE_CHANGE(1.0),Climate Change indicators,I,A,Annual,FISH_MNGT_MULT_BILAT_ARGMT,Fisheries management measures in place and multilateral and bilateral fisheries management arrangements,TO,Tonga,1959,,3,,,,N,units,,,,,N,National,,
DATAFLOW,SPC:DF_CLIMATE_CHANGE(1.0),Climate Change indicators,I,A,Annual,FISH_MNGT_MULT_BILAT_ARGMT,Fisheries management measures in place and multilateral and bilateral fisheries management arrangements,TO,Tonga,1960,,3,,,,N,units,,,,,N,National,,
DATAFLOW,SPC:DF_CLIMATE_CHANGE(1.0),Climate Change indicators,I,A,Annual,FISH_MNGT_MULT_BILAT_ARGMT,Fisheries management measures in place and multilateral and bilateral fisheries management arrangements,TO,Tonga,1961,,3,,,,N,units,,,,,N,National,,
DATAFLOW,SPC:DF_CLIMATE_CHANGE(1.0),Climate Change indicators,I,A,Annual,FISH_MNGT_MULT_BILAT_ARGMT,Fisheries management measures in place and multilateral and bilateral fisheries management arrangements,TO,Tonga,1962,,3,,,,N,units,,,,,N,National,,
DATAFLOW,SPC:DF_CLIMATE_CHANGE(1.0),Climate Change indicators,I,A,Annual,FISH_MNGT_MULT_BILAT_ARGMT,Fisheries management measures in place and multilateral and bilateral fisheries management arrangements,TO,Tonga,1963,,3,,,,N,units,,,,,N,National,,
DATAFLOW,SPC:DF_CLIMATE_CHANGE(1.0),Climate Change indicators,I,A,Annual,FISH_MNGT_MULT_BILAT_ARGMT,Fisheries management measures in place and multilateral and bilateral fisheries management arrangements,TO,Tonga,1964,,3,,,,N,units,,,,,N,National,,
DATAFLOW,SPC:DF_CLIMATE_CHANGE(1.0),Climate Change indicators,I,A,Annual,FISH_MNGT_MULT_BILAT_ARGMT,Fisheries management measures in place and multilateral and bilateral fisheries management arrangements,TO,Tonga,1965,,3,,,,N,units,,,,,N,National,,
DATAFLOW,SPC:DF_CLIMATE_CHANGE(1.0),Climate Change indicators,I,A,Annual,FISH_MNGT_MULT_BILAT_ARGMT,Fisheries management measures in place and multilateral and bilateral fisheries management arrangements,TO,Tonga,1966,,3,,,,N,units,,,,,N,National,,
DATAFLOW,SPC:DF_CLIMATE_CHANGE(1.0),Climate Change indicators,I,A,Annual,FISH_MNGT_MULT_BILAT_ARGMT,Fisheries management measures in place and multilateral and bilateral fisheries management arrangements,TO,Tonga,1967,,3,,,,N,units,,,,,N,National,,
DATAFLOW,SPC:DF_CLIMATE_CHANGE(1.0),Climate Change indicators,I,A,Annual,FISH_MNGT_MULT_BILAT_ARGMT,Fisheries management measures in place and multilateral and bilateral fisheries management arrangements,TO,Tonga,1968,,3,,,,N,units,,,,,N,National,,
DATAFLOW,SPC:DF_CLIMATE_CHANGE(1.0),Climate Change indicators,I,A,Annual,FISH_MNGT_MULT_BILAT_ARGMT,Fisheries management measures in place and multilateral and bilateral fisheries management arrangements,TO,Tonga,1969,,3,,,,N,units,,,,,N,National,,
DATAFLOW,SPC:DF_CLIMATE_CHANGE(1.0),Climate Change indicators,I,A,Annual,FISH_MNGT_MULT_BILAT_ARGMT,Fisheries management measures in place and multilateral and bilateral fisheries management arrangements,TO,Tonga,1970,,3,,,,N,units,,,,,N,National,,
DATAFLOW,SPC:DF_CLIMATE_CHANGE(1.0),Climate Change indicators,I,A,Annual,FISH_MNGT_MULT_BILAT_ARGMT,Fisheries management measures in place and multilateral and bilateral fisheries management arrangements,TO,Tonga,1971,,3,,,,N,units,,,,,N,National,,
DATAFLOW,SPC:DF_CLIMATE_CHANGE(1.0),Climate Change indicators,I,A,Annual,FISH_MNGT_MULT_BILAT_ARGMT,Fisheries management measures in place and multilateral and bilateral fisheries management arrangements,TO,Tonga,1972,,3,,,,N,units,,,,,N,National,,
DATAFLOW,SPC:DF_CLIMATE_CHANGE(1.0),Climate Change indicators,I,A,Annual,FISH_MNGT_MULT_BILAT_ARGMT,Fisheries management measures in place and multilateral and bilateral fisheries management arrangements,TO,Tonga,1973,,4,,,,N,units,,,,,N,National,,
DATAFLOW,SPC:DF_CLIMATE_CHANGE(1.0),Climate Change indicators,I,A,Annual,FISH_MNGT_MULT_BILAT_ARGMT,Fisheries management measures in place and multilateral and bilateral fisheries management arrangements,TO,Tonga,1974,,5,,,,N,units,,,,,N,National,,
DATAFLOW,SPC:DF_CLIMATE_CHANGE(1.0),Climate Change indicators,I,A,Annual,FISH_MNGT_MULT_BILAT_ARGMT,Fisheries management measures in place and multilateral and bilateral fisheries management arrangements,TO,Tonga,1975,,5,,,,N,units,,,,,N,National,,
DATAFLOW,SPC:DF_CLIMATE_CHANGE(1.0),Climate Change indicators,I,A,Annual,FISH_MNGT_MULT_BILAT_ARGMT,Fisheries management measures in place and multilateral and bilateral fisheries management arrangements,TO,Tonga,1976,,5,,,,N,units,,,,,N,National,,
DATAFLOW,SPC:DF_CLIMATE_CHANGE(1.0),Climate Change indicators,I,A,Annual,FISH_MNGT_MULT_BILAT_ARGMT,Fisheries management measures in place and multilateral and bilateral fisheries management arrangements,TO,Tonga,1977,,5,,,,N,units,,,,,N,National,,
DATAFLOW,SPC:DF_CLIMATE_CHANGE(1.0),Climate Change indicators,I,A,Annual,FISH_MNGT_MULT_BILAT_ARGMT,Fisheries management measures in place and multilateral and bilateral fisheries management arrangements,TO,Tonga,1978,,5,,,,N,units,,,,,N,National,,
DATAFLOW,SPC:DF_CLIMATE_CHANGE(1.0),Climate Change indicators,I,A,Annual,FISH_MNGT_MULT_BILAT_ARGMT,Fisheries management measures in place and multilateral and bilateral fisheries management arrangements,TO,Tonga,1979,,8,,,,N,units,,,,,N,National,,
DATAFLOW,SPC:DF_CLIMATE_CHANGE(1.0),Climate Change indicators,I,A,Annual,FISH_MNGT_MULT_BILAT_ARGMT,Fisheries management measures in place and multilateral and bilateral fisheries management arrangements,TO,Tonga,1980,,8,,,,N,units,,,,,N,National,,
DATAFLOW,SPC:DF_CLIMATE_CHANGE(1.0),Climate Change indicators,I,A,Annual,FISH_MNGT_MULT_BILAT_ARGMT,Fisheries management measures in place and multilateral and bilateral fisheries management arrangements,TO,Tonga,1981,,8,,,,N,units,,,,,N,National,,
DATAFLOW,SPC:DF_CLIMATE_CHANGE(1.0),Climate Change indicators,I,A,Annual,FISH_MNGT_MULT_BILAT_ARGMT,Fisheries management measures in place and multilateral and bilateral fisheries management arrangements,TO,Tonga,1982,,8,,,,N,units,,,,,N,National,,
DATAFLOW,SPC:DF_CLIMATE_CHANGE(1.0),Climate Change indicators,I,A,Annual,FISH_MNGT_MULT_BILAT_ARGMT,Fisheries management measures in place and multilateral and bilateral fisheries management arrangements,TO,Tonga,1983,,8,,,,N,units,,,,,N,National,,
DATAFLOW,SPC:DF_CLIMATE_CHANGE(1.0),Climate Change indicators,I,A,Annual,FISH_MNGT_MULT_BILAT_ARGMT,Fisheries management measures in place and multilateral and bilateral fisheries management arrangements,TO,Tonga,1984,,8,,,,N,units,,,,,N,National,,
DATAFLOW,SPC:DF_CLIMATE_CHANGE(1.0),Climate Change indicators,I,A,Annual,FISH_MNGT_MULT_BILAT_ARGMT,Fisheries management measures in place and multilateral and bilateral fisheries management arrangements,TO,Tonga,1985,,9,,,,N,units,,,,,N,National,,
DATAFLOW,SPC:DF_CLIMATE_CHANGE(1.0),Climate Change indicators,I,A,Annual,FISH_MNGT_MULT_BILAT_ARGMT,Fisheries management measures in place and multilateral and bilateral fisheries management arrangements,TO,Tonga,1986,,9,,,,N,units,,,,,N,National,,
DATAFLOW,SPC:DF_CLIMATE_CHANGE(1.0),Climate Change indicators,I,A,Annual,FISH_MNGT_MULT_BILAT_ARGMT,Fisheries management measures in place and multilateral and bilateral fisheries management arrangements,TO,Tonga,1987,,10,,,,N,units,,,,,N,National,,
DATAFLOW,SPC:DF_CLIMATE_CHANGE(1.0),Climate Change indicators,I,A,Annual,FISH_MNGT_MULT_BILAT_ARGMT,Fisheries management measures in place and multilateral and bilateral fisheries management arrangements,TO,Tonga,1988,,10,,,,N,units,,,,,N,National,,
DATAFLOW,SPC:DF_CLIMATE_CHANGE(1.0),Climate Change indicators,I,A,Annual,FISH_MNGT_MULT_BILAT_ARGMT,Fisheries management measures in place and multilateral and bilateral fisheries management arrangements,TO,Tonga,1989,,14,,,,N,units,,,,,N,National,,
DATAFLOW,SPC:DF_CLIMATE_CHANGE(1.0),Climate Change indicators,I,A,Annual,FISH_MNGT_MULT_BILAT_ARGMT,Fisheries management measures in place and multilateral and bilateral fisheries management arrangements,TO,Tonga,1990,,16,,,,N,units,,,,,N,National,,
DATAFLOW,SPC:DF_CLIMATE_CHANGE(1.0),Climate Change indicators,I,A,Annual,FISH_MNGT_MULT_BILAT_ARGMT,Fisheries management measures in place and multilateral and bilateral fisheries management arrangements,TO,Tonga,1991,,16,,,,N,units,,,,,N,National,,
DATAFLOW,SPC:DF_CLIMATE_CHANGE(1.0),Climate Change indicators,I,A,Annual,FISH_MNGT_MULT_BILAT_ARGMT,Fisheries management measures in place and multilateral and bilateral fisheries management arrangements,TO,Tonga,1992,,18,,,,N,units,,,,,N,National,,
DATAFLOW,SPC:DF_CLIMATE_CHANGE(1.0),Climate Change indicators,I,A,Annual,FISH_MNGT_MULT_BILAT_ARGMT,Fisheries management measures in place and multilateral and bilateral fisheries management arrangements,TO,Tonga,1993,,19,,,,N,units,,,,,N,National,,
DATAFLOW,SPC:DF_CLIMATE_CHANGE(1.0),Climate Change indicators,I,A,Annual,FISH_MNGT_MULT_BILAT_ARGMT,Fisheries management measures in place and multilateral and bilateral fisheries management arrangements,TO,Tonga,1994,,20,,,,N,units,,,,,N,National,,
DATAFLOW,SPC:DF_CLIMATE_CHANGE(1.0),Climate Change indicators,I,A,Annual,FISH_MNGT_MULT_BILAT_ARGMT,Fisheries management measures in place and multilateral and bilateral fisheries management arrangements,TO,Tonga,1995,,22,,,,N,units,,,,,N,National,,
DATAFLOW,SPC:DF_CLIMATE_CHANGE(1.0),Climate Change indicators,I,A,Annual,FISH_MNGT_MULT_BILAT_ARGMT,Fisheries management measures in place and multilateral and bilateral fisheries management arrangements,TO,Tonga,1996,,22,,,,N,units,,,,,N,National,,
DATAFLOW,SPC:DF_CLIMATE_CHANGE(1.0),Climate Change indicators,I,A,Annual,FISH_MNGT_MULT_BILAT_ARGMT,Fisheries management measures in place and multilateral and bilateral fisheries management arrangements,TO,Tonga,1997,,22,,,,N,units,,,,,N,National,,
DATAFLOW,SPC:DF_CLIMATE_CHANGE(1.0),Climate Change indicators,I,A,Annual,FISH_MNGT_MULT_BILAT_ARGMT,Fisheries management measures in place and multilateral and bilateral fisheries management arrangements,TO,Tonga,1998,,22,,,,N,units,,,,,N,National,,
DATAFLOW,SPC:DF_CLIMATE_CHANGE(1.0),Climate Change indicators,I,A,Annual,FISH_MNGT_MULT_BILAT_ARGMT,Fisheries management measures in place and multilateral and bilateral fisheries management arrangements,TO,Tonga,1999,,23,,,,N,units,,,,,N,National,,
DATAFLOW,SPC:DF_CLIMATE_CHANGE(1.0),Climate Change indicators,I,A,Annual,FISH_MNGT_MULT_BILAT_ARGMT,Fisheries management measures in place and multilateral and bilateral fisheries management arrangements,TO,Tonga,2000,,24,,,,N,units,,,,,N,National,,
DATAFLOW,SPC:DF_CLIMATE_CHANGE(1.0),Climate Change indicators,I,A,Annual,FISH_MNGT_MULT_BILAT_ARGMT,Fisheries management measures in place and multilateral and bilateral fisheries management arrangements,TO,Tonga,2001,,25,,,,N,units,,,,,N,National,,
DATAFLOW,SPC:DF_CLIMATE_CHANGE(1.0),Climate Change indicators,I,A,Annual,FISH_MNGT_MULT_BILAT_ARGMT,Fisheries management measures in place and multilateral and bilateral fisheries management arrangements,TO,Tonga,2002,,28,,,,N,units,,,,,N,National,,
DATAFLOW,SPC:DF_CLIMATE_CHANGE(1.0),Climate Change indicators,I,A,Annual,FISH_MNGT_MULT_BILAT_ARGMT,Fisheries management measures in place and multilateral and bilateral fisheries management arrangements,TO,Tonga,2003,,31,,,,N,units,,,,,N,National,,
DATAFLOW,SPC:DF_CLIMATE_CHANGE(1.0),Climate Change indicators,I,A,Annual,FISH_MNGT_MULT_BILAT_ARGMT,Fisheries management measures in place and multilateral and bilateral fisheries management arrangements,TO,Tonga,2004,,35,,,,N,units,,,,,N,National,,
DATAFLOW,SPC:DF_CLIMATE_CHANGE(1.0),Climate Change indicators,I,A,Annual,FISH_MNGT_MULT_BILAT_ARGMT,Fisheries management measures in place and multilateral and bilateral fisheries management arrangements,TO,Tonga,2005,,35,,,,N,units,,,,,N,National,,
DATAFLOW,SPC:DF_CLIMATE_CHANGE(1.0),Climate Change indicators,I,A,Annual,FISH_MNGT_MULT_BILAT_ARGMT,Fisheries management measures in place and multilateral and bilateral fisheries management arrangements,TO,Tonga,2006,,38,,,,N,units,,,,,N,National,,
DATAFLOW,SPC:DF_CLIMATE_CHANGE(1.0),Climate Change indicators,I,A,Annual,FISH_MNGT_MULT_BILAT_ARGMT,Fisheries management measures in place and multilateral and bilateral fisheries management arrangements,TO,Tonga,2007,,39,,,,N,units,,,,,N,National,,
DATAFLOW,SPC:DF_CLIMATE_CHANGE(1.0),Climate Change indicators,I,A,Annual,FISH_MNGT_MULT_BILAT_ARGMT,Fisheries management measures in place and multilateral and bilateral fisheries management arrangements,TO,Tonga,2008,,42,,,,N,units,,,,,N,National,,
DATAFLOW,SPC:DF_CLIMATE_CHANGE(1.0),Climate Change indicators,I,A,Annual,FISH_MNGT_MULT_BILAT_ARGMT,Fisheries management measures in place and multilateral and bilateral fisheries management arrangements,TO,Tonga,2009,,46,,,,N,units,,,,,N,National,,
DATAFLOW,SPC:DF_CLIMATE_CHANGE(1.0),Climate Change indicators,I,A,Annual,FISH_MNGT_MULT_BILAT_ARGMT,Fisheries management measures in place and multilateral and bilateral fisheries management arrangements,TO,Tonga,2010,,50,,,,N,units,,,,,N,National,,
DATAFLOW,SPC:DF_CLIMATE_CHANGE(1.0),Climate Change indicators,I,A,Annual,FISH_MNGT_MULT_BILAT_ARGMT,Fisheries management measures in place and multilateral and bilateral fisheries management arrangements,TO,Tonga,2011,,50,,,,N,units,,,,,N,National,,
DATAFLOW,SPC:DF_CLIMATE_CHANGE(1.0),Climate Change indicators,I,A,Annual,FISH_MNGT_MULT_BILAT_ARGMT,Fisheries management measures in place and multilateral and bilateral fisheries management arrangements,TO,Tonga,2012,,52,,,,N,units,,,,,N,National,,
DATAFLOW,SPC:DF_CLIMATE_CHANGE(1.0),Climate Change indicators,I,A,Annual,FISH_MNGT_MULT_BILAT_ARGMT,Fisheries management measures in place and multilateral and bilateral fisheries management arrangements,TO,Tonga,2013,,54,,,,N,units,,,,,N,National,,
DATAFLOW,SPC:DF_CLIMATE_CHANGE(1.0),Climate Change indicators,I,A,Annual,FISH_MNGT_MULT_BILAT_ARGMT,Fisheries management measures in place and multilateral and bilateral fisheries management arrangements,TO,Tonga,2014,,57,,,,N,units,,,,,N,National,,
DATAFLOW,SPC:DF_CLIMATE_CHANGE(1.0),Climate Change indicators,I,A,Annual,FISH_MNGT_MULT_BILAT_ARGMT,Fisheries management measures in place and multilateral and bilateral fisheries management arrangements,TO,Tonga,2015,,58,,,,N,units,,,,,N,National,,
DATAFLOW,SPC:DF_CLIMATE_CHANGE(1.0),Climate Change indicators,I,A,Annual,FISH_MNGT_MULT_BILAT_ARGMT,Fisheries management measures in place and multilateral and bilateral fisheries management arrangements,TO,Tonga,2016,,61,,,,N,units,,,,,N,National,,
DATAFLOW,SPC:DF_CLIMATE_CHANGE(1.0),Climate Change indicators,I,A,Annual,FISH_MNGT_MULT_BILAT_ARGMT,Fisheries management measures in place and multilateral and bilateral fisheries management arrangements,TO,Tonga,2017,,65,,,,N,units,,,,,N,National,,
DATAFLOW,SPC:DF_CLIMATE_CHANGE(1.0),Climate Change indicators,I,A,Annual,FISH_MNGT_MULT_BILAT_ARGMT,Fisheries management measures in place and multilateral and bilateral fisheries management arrangements,TO,Tonga,2018,,67,,,,N,units,,,,,N,National,,
DATAFLOW,SPC:DF_CLIMATE_CHANGE(1.0),Climate Change indicators,I,A,Annual,FISH_MNGT_MULT_BILAT_ARGMT,Fisheries management measures in place and multilateral and bilateral fisheries management arrangements,TO,Tonga,2019,,67,,,,N,units,,,,,N,National,,
DATAFLOW,SPC:DF_CLIMATE_CHANGE(1.0),Climate Change indicators,I,A,Annual,FISH_MNGT_MULT_BILAT_ARGMT,Fisheries management measures in place and multilateral and bilateral fisheries management arrangements,TO,Tonga,2020,,71,,,,N,units,,,,,N,National,,
DATAFLOW,SPC:DF_CLIMATE_CHANGE(1.0),Climate Change indicators,I,A,Annual,FISH_MNGT_MULT_BILAT_ARGMT,Fisheries management measures in place and multilateral and bilateral fisheries management arrangements,TO,Tonga,2021,,73,,,,N,units,,,,,N,National,,
DATAFLOW,SPC:DF_CLIMATE_CHANGE(1.0),Climate Change indicators,I,A,Annual,FISH_MNGT_MULT_BILAT_ARGMT,Fisheries management measures in place and multilateral and bilateral fisheries management arrangements,TO,Tonga,2022,,76,,,,N,units,,,,,N,National,,
DATAFLOW,SPC:DF_CLIMATE_CHANGE(1.0),Climate Change indicators,I,A,Annual,FISH_MNGT_MULT_BILAT_ARGMT,Fisheries management measures in place and multilateral and bilateral fisheries management arrangements,TO,Tonga,2023,,76,,,,N,units,,,,,N,National,,
DATAFLOW,SPC:DF_CLIMATE_CHANGE(1.0),Climate Change indicators,I,A,Annual,FISH_MNGT_MULT_BILAT_ARGMT,Fisheries management measures in place and multilateral and bilateral fisheries management arrangements,TO,Tonga,2024,,77,,,,N,units,,,,,N,National,,
DATAFLOW,SPC:DF_CLIMATE_CHANGE(1.0),Climate Change indicators,I,A,Annual,FISH_MNGT_MULT_BILAT_ARGMT,Fisheries management measures in place and multilateral and bilateral fisheries management arrangements,TO,Tonga,2025,,77,,,,N,units,,,,,N,National,,
DATAFLOW,SPC:DF_CLIMATE_CHANGE(1.0),Climate Change indicators,I,A,Annual,FISH_MNGT_MULT_BILAT_ARGMT,Fisheries management measures in place and multilateral and bilateral fisheries management arrangements,TO,Tonga,2026,,77,,,,N,units,,,,,N,National,,
DATAFLOW,SPC:DF_CLIMATE_CHANGE(1.0),Climate Change indicators,I,A,Annual,FISH_MNGT_MULT_BILAT_ARGMT,Fisheries management measures in place and multilateral and bilateral fisheries management arrangements,GU,Guam,1956,,1,,,,N,units,,,,,N,National,,
DATAFLOW,SPC:DF_CLIMATE_CHANGE(1.0),Climate Change indicators,I,A,Annual,FISH_MNGT_MULT_BILAT_ARGMT,Fisheries management measures in place and multilateral and bilateral fisheries management arrangements,GU,Guam,1957,,1,,,,N,units,,,,,N,National,,
DATAFLOW,SPC:DF_CLIMATE_CHANGE(1.0),Climate Change indicators,I,A,Annual,FISH_MNGT_MULT_BILAT_ARGMT,Fisheries management measures in place and multilateral and bilateral fisheries management arrangements,GU,Guam,1958,,1,,,,N,units,,,,,N,National,,
DATAFLOW,SPC:DF_CLIMATE_CHANGE(1.0),Climate Change indicators,I,A,Annual,FISH_MNGT_MULT_BILAT_ARGMT,Fisheries management measures in place and multilateral and bilateral fisheries management arrangements,GU,Guam,1959,,1,,,,N,units,,,,,N,National,,
DATAFLOW,SPC:DF_CLIMATE_CHANGE(1.0),Climate Change indicators,I,A,Annual,FISH_MNGT_MULT_BILAT_ARGMT,Fisheries management measures in place and multilateral and bilateral fisheries management arrangements,GU,Guam,1960,,1,,,,N,units,,,,,N,National,,
DATAFLOW,SPC:DF_CLIMATE_CHANGE(1.0),Climate Change indicators,I,A,Annual,FISH_MNGT_MULT_BILAT_ARGMT,Fisheries management measures in place and multilateral and bilateral fisheries management arrangements,GU,Guam,1961,,1,,,,N,units,,,,,N,National,,
DATAFLOW,SPC:DF_CLIMATE_CHANGE(1.0),Climate Change indicators,I,A,Annual,FISH_MNGT_MULT_BILAT_ARGMT,Fisheries management measures in place and multilateral and bilateral fisheries management arrangements,GU,Guam,1962,,1,,,,N,units,,,,,N,National,,
DATAFLOW,SPC:DF_CLIMATE_CHANGE(1.0),Climate Change indicators,I,A,Annual,FISH_MNGT_MULT_BILAT_ARGMT,Fisheries management measures in place and multilateral and bilateral fisheries management arrangements,GU,Guam,1963,,1,,,,N,units,,,,,N,National,,
DATAFLOW,SPC:DF_CLIMATE_CHANGE(1.0),Climate Change indicators,I,A,Annual,FISH_MNGT_MULT_BILAT_ARGMT,Fisheries management measures in place and multilateral and bilateral fisheries management arrangements,GU,Guam,1964,,1,,,,N,units,,,,,N,National,,
DATAFLOW,SPC:DF_CLIMATE_CHANGE(1.0),Climate Change indicators,I,A,Annual,FISH_MNGT_MULT_BILAT_ARGMT,Fisheries management measures in place and multilateral and bilateral fisheries management arrangements,GU,Guam,1965,,1,,,,N,units,,,,,N,National,,
DATAFLOW,SPC:DF_CLIMATE_CHANGE(1.0),Climate Change indicators,I,A,Annual,FISH_MNGT_MULT_BILAT_ARGMT,Fisheries management measures in place and multilateral and bilateral fisheries management arrangements,GU,Guam,1966,,1,,,,N,units,,,,,N,National,,
DATAFLOW,SPC:DF_CLIMATE_CHANGE(1.0),Climate Change indicators,I,A,Annual,FISH_MNGT_MULT_BILAT_ARGMT,Fisheries management measures in place and multilateral and bilateral fisheries management arrangements,GU,Guam,1967,,1,,,,N,units,,,,,N,National,,
DATAFLOW,SPC:DF_CLIMATE_CHANGE(1.0),Climate Change indicators,I,A,Annual,FISH_MNGT_MULT_BILAT_ARGMT,Fisheries management measures in place and multilateral and bilateral fisheries management arrangements,GU,Guam,1968,,1,,,,N,units,,,,,N,National,,
DATAFLOW,SPC:DF_CLIMATE_CHANGE(1.0),Climate Change indicators,I,A,Annual,FISH_MNGT_MULT_BILAT_ARGMT,Fisheries management measures in place and multilateral and bilateral fisheries management arrangements,GU,Guam,1969,,1,,,,N,units,,,,,N,National,,
DATAFLOW,SPC:DF_CLIMATE_CHANGE(1.0),Climate Change indicators,I,A,Annual,FISH_MNGT_MULT_BILAT_ARGMT,Fisheries management measures in place and multilateral and bilateral fisheries management arrangements,GU,Guam,1970,,1,,,,N,units,,,,,N,National,,
DATAFLOW,SPC:DF_CLIMATE_CHANGE(1.0),Climate Change indicators,I,A,Annual,FISH_MNGT_MULT_BILAT_ARGMT,Fisheries management measures in place and multilateral and bilateral fisheries management arrangements,GU,Guam,1971,,1,,,,N,units,,,,,N,National,,
DATAFLOW,SPC:DF_CLIMATE_CHANGE(1.0),Climate Change indicators,I,A,Annual,FISH_MNGT_MULT_BILAT_ARGMT,Fisheries management measures in place and multilateral and bilateral fisheries management arrangements,GU,Guam,1972,,1,,,,N,units,,,,,N,National,,
DATAFLOW,SPC:DF_CLIMATE_CHANGE(1.0),Climate Change indicators,I,A,Annual,FISH_MNGT_MULT_BILAT_ARGMT,Fisheries management measures in place and multilateral and bilateral fisheries management arrangements,GU,Guam,1973,,1,,,,N,units,,,,,N,National,,
DATAFLOW,SPC:DF_CLIMATE_CHANGE(1.0),Climate Change indicators,I,A,Annual,FISH_MNGT_MULT_BILAT_ARGMT,Fisheries management measures in place and multilateral and bilateral fisheries management arrangements,GU,Guam,1974,,1,,,,N,units,,,,,N,National,,
DATAFLOW,SPC:DF_CLIMATE_CHANGE(1.0),Climate Change indicators,I,A,Annual,FISH_MNGT_MULT_BILAT_ARGMT,Fisheries management measures in place and multilateral and bilateral fisheries management arrangements,GU,Guam,1975,,1,,,,N,units,,,,,N,National,,
DATAFLOW,SPC:DF_CLIMATE_CHANGE(1.0),Climate Change indicators,I,A,Annual,FISH_MNGT_MULT_BILAT_ARGMT,Fisheries management measures in place and multilateral and bilateral fisheries management arrangements,GU,Guam,1976,,1,,,,N,units,,,,,N,National,,
DATAFLOW,SPC:DF_CLIMATE_CHANGE(1.0),Climate Change indicators,I,A,Annual,FISH_MNGT_MULT_BILAT_ARGMT,Fisheries management measures in place and multilateral and bilateral fisheries management arrangements,GU,Guam,1977,,1,,,,N,units,,,,,N,National,,
DATAFLOW,SPC:DF_CLIMATE_CHANGE(1.0),Climate Change indicators,I,A,Annual,FISH_MNGT_MULT_BILAT_ARGMT,Fisheries management measures in place and multilateral and bilateral fisheries management arrangements,GU,Guam,1978,,1,,,,N,units,,,,,N,National,,
DATAFLOW,SPC:DF_CLIMATE_CHANGE(1.0),Climate Change indicators,I,A,Annual,FISH_MNGT_MULT_BILAT_ARGMT,Fisheries management measures in place and multilateral and bilateral fisheries management arrangements,GU,Guam,1979,,1,,,,N,units,,,,,N,National,,
DATAFLOW,SPC:DF_CLIMATE_CHANGE(1.0),Climate Change indicators,I,A,Annual,FISH_MNGT_MULT_BILAT_ARGMT,Fisheries management measures in place and multilateral and bilateral fisheries management arrangements,GU,Guam,1980,,1,,,,N,units,,,,,N,National,,
DATAFLOW,SPC:DF_CLIMATE_CHANGE(1.0),Climate Change indicators,I,A,Annual,FISH_MNGT_MULT_BILAT_ARGMT,Fisheries management measures in place and multilateral and bilateral fisheries management arrangements,GU,Guam,1981,,1,,,,N,units,,,,,N,National,,
DATAFLOW,SPC:DF_CLIMATE_CHANGE(1.0),Climate Change indicators,I,A,Annual,FISH_MNGT_MULT_BILAT_ARGMT,Fisheries management measures in place and multilateral and bilateral fisheries management arrangements,GU,Guam,1982,,1,,,,N,units,,,,,N,National,,
DATAFLOW,SPC:DF_CLIMATE_CHANGE(1.0),Climate Change indicators,I,A,Annual,FISH_MNGT_MULT_BILAT_ARGMT,Fisheries management measures in place and multilateral and bilateral fisheries management arrangements,GU,Guam,1983,,1,,,,N,units,,,,,N,National,,
DATAFLOW,SPC:DF_CLIMATE_CHANGE(1.0),Climate Change indicators,I,A,Annual,FISH_MNGT_MULT_BILAT_ARGMT,Fisheries management measures in place and multilateral and bilateral fisheries management arrangements,GU,Guam,1984,,1,,,,N,units,,,,,N,National,,
DATAFLOW,SPC:DF_CLIMATE_CHANGE(1.0),Climate Change indicators,I,A,Annual,FISH_MNGT_MULT_BILAT_ARGMT,Fisheries management measures in place and multilateral and bilateral fisheries management arrangements,GU,Guam,1985,,1,,,,N,units,,,,,N,National,,
DATAFLOW,SPC:DF_CLIMATE_CHANGE(1.0),Climate Change indicators,I,A,Annual,FISH_MNGT_MULT_BILAT_ARGMT,Fisheries management measures in place and multilateral and bilateral fisheries management arrangements,GU,Guam,1986,,1,,,,N,units,,,,,N,National,,
DATAFLOW,SPC:DF_CLIMATE_CHANGE(1.0),Climate Change indicators,I,A,Annual,FISH_MNGT_MULT_BILAT_ARGMT,Fisheries management measures in place and multilateral and bilateral fisheries management arrangements,GU,Guam,1987,,1,,,,N,units,,,,,N,National,,
DATAFLOW,SPC:DF_CLIMATE_CHANGE(1.0),Climate Change indicators,I,A,Annual,FISH_MNGT_MULT_BILAT_ARGMT,Fisheries management measures in place and multilateral and bilateral fisheries management arrangements,GU,Guam,1988,,1,,,,N,units,,,,,N,National,,
DATAFLOW,SPC:DF_CLIMATE_CHANGE(1.0),Climate Change indicators,I,A,Annual,FISH_MNGT_MULT_BILAT_ARGMT,Fisheries management measures in place and multilateral and bilateral fisheries management arrangements,GU,Guam,1989,,1,,,,N,units,,,,,N,National,,
DATAFLOW,SPC:DF_CLIMATE_CHANGE(1.0),Climate Change indicators,I,A,Annual,FISH_MNGT_MULT_BILAT_ARGMT,Fisheries management measures in place and multilateral and bilateral fisheries management arrangements,GU,Guam,1990,,1,,,,N,units,,,,,N,National,,
DATAFLOW,SPC:DF_CLIMATE_CHANGE(1.0),Climate Change indicators,I,A,Annual,FISH_MNGT_MULT_BILAT_ARGMT,Fisheries management measures in place and multilateral and bilateral fisheries management arrangements,GU,Guam,1991,,1,,,,N,units,,,,,N,National,,
DATAFLOW,SPC:DF_CLIMATE_CHANGE(1.0),Climate Change indicators,I,A,Annual,FISH_MNGT_MULT_BILAT_ARGMT,Fisheries management measures in place and multilateral and bilateral fisheries management arrangements,GU,Guam,1992,,1,,,,N,units,,,,,N,National,,
DATAFLOW,SPC:DF_CLIMATE_CHANGE(1.0),Climate Change indicators,I,A,Annual,FISH_MNGT_MULT_BILAT_ARGMT,Fisheries management measures in place and multilateral and bilateral fisheries management arrangements,GU,Guam,1993,,1,,,,N,units,,,,,N,National,,
DATAFLOW,SPC:DF_CLIMATE_CHANGE(1.0),Climate Change indicators,I,A,Annual,FISH_MNGT_MULT_BILAT_ARGMT,Fisheries management measures in place and multilateral and bilateral fisheries management arrangements,GU,Guam,1994,,1,,,,N,units,,,,,N,National,,
DATAFLOW,SPC:DF_CLIMATE_CHANGE(1.0),Climate Change indicators,I,A,Annual,FISH_MNGT_MULT_BILAT_ARGMT,Fisheries management measures in place and multilateral and bilateral fisheries management arrangements,GU,Guam,1995,,1,,,,N,units,,,,,N,National,,
DATAFLOW,SPC:DF_CLIMATE_CHANGE(1.0),Climate Change indicators,I,A,Annual,FISH_MNGT_MULT_BILAT_ARGMT,Fisheries management measures in place and multilateral and bilateral fisheries management arrangements,GU,Guam,1996,,7,,,,N,units,,,,,N,National,,
DATAFLOW,SPC:DF_CLIMATE_CHANGE(1.0),Climate Change indicators,I,A,Annual,FISH_MNGT_MULT_BILAT_ARGMT,Fisheries management measures in place and multilateral and bilateral fisheries management arrangements,GU,Guam,1997,,12,,,,N,units,,,,,N,National,,
DATAFLOW,SPC:DF_CLIMATE_CHANGE(1.0),Climate Change indicators,I,A,Annual,FISH_MNGT_MULT_BILAT_ARGMT,Fisheries management measures in place and multilateral and bilateral fisheries management arrangements,GU,Guam,1998,,12,,,,N,units,,,,,N,National,,
DATAFLOW,SPC:DF_CLIMATE_CHANGE(1.0),Climate Change indicators,I,A,Annual,FISH_MNGT_MULT_BILAT_ARGMT,Fisheries management measures in place and multilateral and bilateral fisheries management arrangements,GU,Guam,1999,,12,,,,N,units,,,,,N,National,,
DATAFLOW,SPC:DF_CLIMATE_CHANGE(1.0),Climate Change indicators,I,A,Annual,FISH_MNGT_MULT_BILAT_ARGMT,Fisheries management measures in place and multilateral and bilateral fisheries management arrangements,GU,Guam,2000,,12,,,,N,units,,,,,N,National,,
DATAFLOW,SPC:DF_CLIMATE_CHANGE(1.0),Climate Change indicators,I,A,Annual,FISH_MNGT_MULT_BILAT_ARGMT,Fisheries management measures in place and multilateral and bilateral fisheries management arrangements,GU,Guam,2001,,12,,,,N,units,,,,,N,National,,
DATAFLOW,SPC:DF_CLIMATE_CHANGE(1.0),Climate Change indicators,I,A,Annual,FISH_MNGT_MULT_BILAT_ARGMT,Fisheries management measures in place and multilateral and bilateral fisheries management arrangements,GU,Guam,2002,,18,,,,N,units,,,,,N,National,,
DATAFLOW,SPC:DF_CLIMATE_CHANGE(1.0),Climate Change indicators,I,A,Annual,FISH_MNGT_MULT_BILAT_ARGMT,Fisheries management measures in place and multilateral and bilateral fisheries management arrangements,GU,Guam,2003,,19,,,,N,units,,,,,N,National,,
DATAFLOW,SPC:DF_CLIMATE_CHANGE(1.0),Climate Change indicators,I,A,Annual,FISH_MNGT_MULT_BILAT_ARGMT,Fisheries management measures in place and multilateral and bilateral fisheries management arrangements,GU,Guam,2004,,19,,,,N,units,,,,,N,National,,
DATAFLOW,SPC:DF_CLIMATE_CHANGE(1.0),Climate Change indicators,I,A,Annual,FISH_MNGT_MULT_BILAT_ARGMT,Fisheries management measures in place and multilateral and bilateral fisheries management arrangements,GU,Guam,2005,,20,,,,N,units,,,,,N,National,,
DATAFLOW,SPC:DF_CLIMATE_CHANGE(1.0),Climate Change indicators,I,A,Annual,FISH_MNGT_MULT_BILAT_ARGMT,Fisheries management measures in place and multilateral and bilateral fisheries management arrangements,GU,Guam,2006,,21,,,,N,units,,,,,N,National,,
DATAFLOW,SPC:DF_CLIMATE_CHANGE(1.0),Climate Change indicators,I,A,Annual,FISH_MNGT_MULT_BILAT_ARGMT,Fisheries management measures in place and multilateral and bilateral fisheries management arrangements,GU,Guam,2007,,21,,,,N,units,,,,,N,National,,
DATAFLOW,SPC:DF_CLIMATE_CHANGE(1.0),Climate Change indicators,I,A,Annual,FISH_MNGT_MULT_BILAT_ARGMT,Fisheries management measures in place and multilateral and bilateral fisheries management arrangements,GU,Guam,2008,,26,,,,N,units,,,,,N,National,,
DATAFLOW,SPC:DF_CLIMATE_CHANGE(1.0),Climate Change indicators,I,A,Annual,FISH_MNGT_MULT_BILAT_ARGMT,Fisheries management measures in place and multilateral and bilateral fisheries management arrangements,GU,Guam,2009,,27,,,,N,units,,,,,N,National,,
DATAFLOW,SPC:DF_CLIMATE_CHANGE(1.0),Climate Change indicators,I,A,Annual,FISH_MNGT_MULT_BILAT_ARGMT,Fisheries management measures in place and multilateral and bilateral fisheries management arrangements,GU,Guam,2010,,27,,,,N,units,,,,,N,National,,
DATAFLOW,SPC:DF_CLIMATE_CHANGE(1.0),Climate Change indicators,I,A,Annual,FISH_MNGT_MULT_BILAT_ARGMT,Fisheries management measures in place and multilateral and bilateral fisheries management arrangements,GU,Guam,2011,,27,,,,N,units,,,,,N,National,,
DATAFLOW,SPC:DF_CLIMATE_CHANGE(1.0),Climate Change indicators,I,A,Annual,FISH_MNGT_MULT_BILAT_ARGMT,Fisheries management measures in place and multilateral and bilateral fisheries management arrangements,GU,Guam,2012,,27,,,,N,units,,,,,N,National,,
DATAFLOW,SPC:DF_CLIMATE_CHANGE(1.0),Climate Change indicators,I,A,Annual,FISH_MNGT_MULT_BILAT_ARGMT,Fisheries management measures in place and multilateral and bilateral fisheries management arrangements,GU,Guam,2013,,28,,,,N,units,,,,,N,National,,
DATAFLOW,SPC:DF_CLIMATE_CHANGE(1.0),Climate Change indicators,I,A,Annual,FISH_MNGT_MULT_BILAT_ARGMT,Fisheries management measures in place and multilateral and bilateral fisheries management arrangements,GU,Guam,2014,,28,,,,N,units,,,,,N,National,,
DATAFLOW,SPC:DF_CLIMATE_CHANGE(1.0),Climate Change indicators,I,A,Annual,FISH_MNGT_MULT_BILAT_ARGMT,Fisheries management measures in place and multilateral and bilateral fisheries management arrangements,GU,Guam,2015,,28,,,,N,units,,,,,N,National,,
DATAFLOW,SPC:DF_CLIMATE_CHANGE(1.0),Climate Change indicators,I,A,Annual,FISH_MNGT_MULT_BILAT_ARGMT,Fisheries management measures in place and multilateral and bilateral fisheries management arrangements,GU,Guam,2016,,28,,,,N,units,,,,,N,National,,
DATAFLOW,SPC:DF_CLIMATE_CHANGE(1.0),Climate Change indicators,I,A,Annual,FISH_MNGT_MULT_BILAT_ARGMT,Fisheries management measures in place and multilateral and bilateral fisheries management arrangements,GU,Guam,2017,,28,,,,N,units,,,,,N,National,,
DATAFLOW,SPC:DF_CLIMATE_CHANGE(1.0),Climate Change indicators,I,A,Annual,FISH_MNGT_MULT_BILAT_ARGMT,Fisheries management measures in place and multilateral and bilateral fisheries management arrangements,GU,Guam,2018,,28,,,,N,units,,,,,N,National,,
DATAFLOW,SPC:DF_CLIMATE_CHANGE(1.0),Climate Change indicators,I,A,Annual,FISH_MNGT_MULT_BILAT_ARGMT,Fisheries management measures in place and multilateral and bilateral fisheries management arrangements,GU,Guam,2019,,28,,,,N,units,,,,,N,National,,
DATAFLOW,SPC:DF_CLIMATE_CHANGE(1.0),Climate Change indicators,I,A,Annual,FISH_MNGT_MULT_BILAT_ARGMT,Fisheries management measures in place and multilateral and bilateral fisheries management arrangements,GU,Guam,2020,,28,,,,N,units,,,,,N,National,,
DATAFLOW,SPC:DF_CLIMATE_CHANGE(1.0),Climate Change indicators,I,A,Annual,FISH_MNGT_MULT_BILAT_ARGMT,Fisheries management measures in place and multilateral and bilateral fisheries management arrangements,GU,Guam,2021,,28,,,,N,units,,,,,N,National,,
DATAFLOW,SPC:DF_CLIMATE_CHANGE(1.0),Climate Change indicators,I,A,Annual,FISH_MNGT_MULT_BILAT_ARGMT,Fisheries management measures in place and multilateral and bilateral fisheries management arrangements,GU,Guam,2022,,28,,,,N,units,,,,,N,National,,
DATAFLOW,SPC:DF_CLIMATE_CHANGE(1.0),Climate Change indicators,I,A,Annual,FISH_MNGT_MULT_BILAT_ARGMT,Fisheries management measures in place and multilateral and bilateral fisheries management arrangements,GU,Guam,2023,,28,,,,N,units,,,,,N,National,,
DATAFLOW,SPC:DF_CLIMATE_CHANGE(1.0),Climate Change indicators,I,A,Annual,FISH_MNGT_MULT_BILAT_ARGMT,Fisheries management measures in place and multilateral and bilateral fisheries management arrangements,GU,Guam,2024,,28,,,,N,units,,,,,N,National,,
DATAFLOW,SPC:DF_CLIMATE_CHANGE(1.0),Climate Change indicators,I,A,Annual,FISH_MNGT_MULT_BILAT_ARGMT,Fisheries management measures in place and multilateral and bilateral fisheries management arrangements,GU,Guam,2025,,28,,,,N,units,,,,,N,National,,
DATAFLOW,SPC:DF_CLIMATE_CHANGE(1.0),Climate Change indicators,I,A,Annual,FISH_MNGT_MULT_BILAT_ARGMT,Fisheries management measures in place and multilateral and bilateral fisheries management arrangements,GU,Guam,2026,,28,,,,N,units,,,,,N,National,,
DATAFLOW,SPC:DF_CLIMATE_CHANGE(1.0),Climate Change indicators,I,A,Annual,FISH_MNGT_MULT_BILAT_ARGMT,Fisheries management measures in place and multilateral and bilateral fisheries management arrangements,PW,Palau,1975,,1,,,,N,units,,,,,N,National,,
DATAFLOW,SPC:DF_CLIMATE_CHANGE(1.0),Climate Change indicators,I,A,Annual,FISH_MNGT_MULT_BILAT_ARGMT,Fisheries management measures in place and multilateral and bilateral fisheries management arrangements,PW,Palau,1976,,1,,,,N,units,,,,,N,National,,
DATAFLOW,SPC:DF_CLIMATE_CHANGE(1.0),Climate Change indicators,I,A,Annual,FISH_MNGT_MULT_BILAT_ARGMT,Fisheries management measures in place and multilateral and bilateral fisheries management arrangements,PW,Palau,1977,,1,,,,N,units,,,,,N,National,,
DATAFLOW,SPC:DF_CLIMATE_CHANGE(1.0),Climate Change indicators,I,A,Annual,FISH_MNGT_MULT_BILAT_ARGMT,Fisheries management measures in place and multilateral and bilateral fisheries management arrangements,PW,Palau,1978,,2,,,,N,units,,,,,N,National,,
DATAFLOW,SPC:DF_CLIMATE_CHANGE(1.0),Climate Change indicators,I,A,Annual,FISH_MNGT_MULT_BILAT_ARGMT,Fisheries management measures in place and multilateral and bilateral fisheries management arrangements,PW,Palau,1979,,2,,,,N,units,,,,,N,National,,
DATAFLOW,SPC:DF_CLIMATE_CHANGE(1.0),Climate Change indicators,I,A,Annual,FISH_MNGT_MULT_BILAT_ARGMT,Fisheries management measures in place and multilateral and bilateral fisheries management arrangements,PW,Palau,1980,,3,,,,N,units,,,,,N,National,,
DATAFLOW,SPC:DF_CLIMATE_CHANGE(1.0),Climate Change indicators,I,A,Annual,FISH_MNGT_MULT_BILAT_ARGMT,Fisheries management measures in place and multilateral and bilateral fisheries management arrangements,PW,Palau,1981,,4,,,,N,units,,,,,N,National,,
DATAFLOW,SPC:DF_CLIMATE_CHANGE(1.0),Climate Change indicators,I,A,Annual,FISH_MNGT_MULT_BILAT_ARGMT,Fisheries management measures in place and multilateral and bilateral fisheries management arrangements,PW,Palau,1982,,5,,,,N,units,,,,,N,National,,
DATAFLOW,SPC:DF_CLIMATE_CHANGE(1.0),Climate Change indicators,I,A,Annual,FISH_MNGT_MULT_BILAT_ARGMT,Fisheries management measures in place and multilateral and bilateral fisheries management arrangements,PW,Palau,1983,,5,,,,N,units,,,,,N,National,,
DATAFLOW,SPC:DF_CLIMATE_CHANGE(1.0),Climate Change indicators,I,A,Annual,FISH_MNGT_MULT_BILAT_ARGMT,Fisheries management measures in place and multilateral and bilateral fisheries management arrangements,PW,Palau,1984,,5,,,,N,units,,,,,N,National,,
DATAFLOW,SPC:DF_CLIMATE_CHANGE(1.0),Climate Change indicators,I,A,Annual,FISH_MNGT_MULT_BILAT_ARGMT,Fisheries management measures in place and multilateral and bilateral fisheries management arrangements,PW,Palau,1985,,5,,,,N,units,,,,,N,National,,
DATAFLOW,SPC:DF_CLIMATE_CHANGE(1.0),Climate Change indicators,I,A,Annual,FISH_MNGT_MULT_BILAT_ARGMT,Fisheries management measures in place and multilateral and bilateral fisheries management arrangements,PW,Palau,1986,,5,,,,N,units,,,,,N,National,,
DATAFLOW,SPC:DF_CLIMATE_CHANGE(1.0),Climate Change indicators,I,A,Annual,FISH_MNGT_MULT_BILAT_ARGMT,Fisheries management measures in place and multilateral and bilateral fisheries management arrangements,PW,Palau,1987,,8,,,,N,units,,,,,N,National,,
DATAFLOW,SPC:DF_CLIMATE_CHANGE(1.0),Climate Change indicators,I,A,Annual,FISH_MNGT_MULT_BILAT_ARGMT,Fisheries management measures in place and multilateral and bilateral fisheries management arrangements,PW,Palau,1988,,8,,,,N,units,,,,,N,National,,
DATAFLOW,SPC:DF_CLIMATE_CHANGE(1.0),Climate Change indicators,I,A,Annual,FISH_MNGT_MULT_BILAT_ARGMT,Fisheries management measures in place and multilateral and bilateral fisheries management arrangements,PW,Palau,1989,,9,,,,N,units,,,,,N,National,,
DATAFLOW,SPC:DF_CLIMATE_CHANGE(1.0),Climate Change indicators,I,A,Annual,FISH_MNGT_MULT_BILAT_ARGMT,Fisheries management measures in place and multilateral and bilateral fisheries management arrangements,PW,Palau,1990,,15,,,,N,units,,,,,N,National,,
DATAFLOW,SPC:DF_CLIMATE_CHANGE(1.0),Climate Change indicators,I,A,Annual,FISH_MNGT_MULT_BILAT_ARGMT,Fisheries management measures in place and multilateral and bilateral fisheries management arrangements,PW,Palau,1991,,16,,,,N,units,,,,,N,National,,
DATAFLOW,SPC:DF_CLIMATE_CHANGE(1.0),Climate Change indicators,I,A,Annual,FISH_MNGT_MULT_BILAT_ARGMT,Fisheries management measures in place and multilateral and bilateral fisheries management arrangements,PW,Palau,1992,,18,,,,N,units,,,,,N,National,,
DATAFLOW,SPC:DF_CLIMATE_CHANGE(1.0),Climate Change indicators,I,A,Annual,FISH_MNGT_MULT_BILAT_ARGMT,Fisheries management measures in place and multilateral and bilateral fisheries management arrangements,PW,Palau,1993,,18,,,,N,units,,,,,N,National,,
DATAFLOW,SPC:DF_CLIMATE_CHANGE(1.0),Climate Change indicators,I,A,Annual,FISH_MNGT_MULT_BILAT_ARGMT,Fisheries management measures in place and multilateral and bilateral fisheries management arrangements,PW,Palau,1994,,21,,,,N,units,,,,,N,National,,
DATAFLOW,SPC:DF_CLIMATE_CHANGE(1.0),Climate Change indicators,I,A,Annual,FISH_MNGT_MULT_BILAT_ARGMT,Fisheries management measures in place and multilateral and bilateral fisheries management arrangements,PW,Palau,1995,,22,,,,N,units,,,,,N,National,,
DATAFLOW,SPC:DF_CLIMATE_CHANGE(1.0),Climate Change indicators,I,A,Annual,FISH_MNGT_MULT_BILAT_ARGMT,Fisheries management measures in place and multilateral and bilateral fisheries management arrangements,PW,Palau,1996,,22,,,,N,units,,,,,N,National,,
DATAFLOW,SPC:DF_CLIMATE_CHANGE(1.0),Climate Change indicators,I,A,Annual,FISH_MNGT_MULT_BILAT_ARGMT,Fisheries management measures in place and multilateral and bilateral fisheries management arrangements,PW,Palau,1997,,23,,,,N,units,,,,,N,National,,
DATAFLOW,SPC:DF_CLIMATE_CHANGE(1.0),Climate Change indicators,I,A,Annual,FISH_MNGT_MULT_BILAT_ARGMT,Fisheries management measures in place and multilateral and bilateral fisheries management arrangements,PW,Palau,1998,,23,,,,N,units,,,,,N,National,,
DATAFLOW,SPC:DF_CLIMATE_CHANGE(1.0),Climate Change indicators,I,A,Annual,FISH_MNGT_MULT_BILAT_ARGMT,Fisheries management measures in place and multilateral and bilateral fisheries management arrangements,PW,Palau,1999,,24,,,,N,units,,,,,N,National,,
DATAFLOW,SPC:DF_CLIMATE_CHANGE(1.0),Climate Change indicators,I,A,Annual,FISH_MNGT_MULT_BILAT_ARGMT,Fisheries management measures in place and multilateral and bilateral fisheries management arrangements,PW,Palau,2000,,26,,,,N,units,,,,,N,National,,
DATAFLOW,SPC:DF_CLIMATE_CHANGE(1.0),Climate Change indicators,I,A,Annual,FISH_MNGT_MULT_BILAT_ARGMT,Fisheries management measures in place and multilateral and bilateral fisheries management arrangements,PW,Palau,2001,,26,,,,N,units,,,,,N,National,,
DATAFLOW,SPC:DF_CLIMATE_CHANGE(1.0),Climate Change indicators,I,A,Annual,FISH_MNGT_MULT_BILAT_ARGMT,Fisheries management measures in place and multilateral and bilateral fisheries management arrangements,PW,Palau,2002,,26,,,,N,units,,,,,N,National,,
DATAFLOW,SPC:DF_CLIMATE_CHANGE(1.0),Climate Change indicators,I,A,Annual,FISH_MNGT_MULT_BILAT_ARGMT,Fisheries management measures in place and multilateral and bilateral fisheries management arrangements,PW,Palau,2003,,28,,,,N,units,,,,,N,National,,
DATAFLOW,SPC:DF_CLIMATE_CHANGE(1.0),Climate Change indicators,I,A,Annual,FISH_MNGT_MULT_BILAT_ARGMT,Fisheries management measures in place and multilateral and bilateral fisheries management arrangements,PW,Palau,2004,,29,,,,N,units,,,,,N,National,,
DATAFLOW,SPC:DF_CLIMATE_CHANGE(1.0),Climate Change indicators,I,A,Annual,FISH_MNGT_MULT_BILAT_ARGMT,Fisheries management measures in place and multilateral and bilateral fisheries management arrangements,PW,Palau,2005,,29,,,,N,units,,,,,N,National,,
DATAFLOW,SPC:DF_CLIMATE_CHANGE(1.0),Climate Change indicators,I,A,Annual,FISH_MNGT_MULT_BILAT_ARGMT,Fisheries management measures in place and multilateral and bilateral fisheries management arrangements,PW,Palau,2006,,30,,,,N,units,,,,,N,National,,
DATAFLOW,SPC:DF_CLIMATE_CHANGE(1.0),Climate Change indicators,I,A,Annual,FISH_MNGT_MULT_BILAT_ARGMT,Fisheries management measures in place and multilateral and bilateral fisheries management arrangements,PW,Palau,2007,,31,,,,N,units,,,,,N,National,,
DATAFLOW,SPC:DF_CLIMATE_CHANGE(1.0),Climate Change indicators,I,A,Annual,FISH_MNGT_MULT_BILAT_ARGMT,Fisheries management measures in place and multilateral and bilateral fisheries management arrangements,PW,Palau,2008,,32,,,,N,units,,,,,N,National,,
DATAFLOW,SPC:DF_CLIMATE_CHANGE(1.0),Climate Change indicators,I,A,Annual,FISH_MNGT_MULT_BILAT_ARGMT,Fisheries management measures in place and multilateral and bilateral fisheries management arrangements,PW,Palau,2009,,35,,,,N,units,,,,,N,National,,
DATAFLOW,SPC:DF_CLIMATE_CHANGE(1.0),Climate Change indicators,I,A,Annual,FISH_MNGT_MULT_BILAT_ARGMT,Fisheries management measures in place and multilateral and bilateral fisheries management arrangements,PW,Palau,2010,,38,,,,N,units,,,,,N,National,,
DATAFLOW,SPC:DF_CLIMATE_CHANGE(1.0),Climate Change indicators,I,A,Annual,FISH_MNGT_MULT_BILAT_ARGMT,Fisheries management measures in place and multilateral and bilateral fisheries management arrangements,PW,Palau,2011,,39,,,,N,units,,,,,N,National,,
DATAFLOW,SPC:DF_CLIMATE_CHANGE(1.0),Climate Change indicators,I,A,Annual,FISH_MNGT_MULT_BILAT_ARGMT,Fisheries management measures in place and multilateral and bilateral fisheries management arrangements,PW,Palau,2012,,41,,,,N,units,,,,,N,National,,
DATAFLOW,SPC:DF_CLIMATE_CHANGE(1.0),Climate Change indicators,I,A,Annual,FISH_MNGT_MULT_BILAT_ARGMT,Fisheries management measures in place and multilateral and bilateral fisheries management arrangements,PW,Palau,2013,,43,,,,N,units,,,,,N,National,,
DATAFLOW,SPC:DF_CLIMATE_CHANGE(1.0),Climate Change indicators,I,A,Annual,FISH_MNGT_MULT_BILAT_ARGMT,Fisheries management measures in place and multilateral and bilateral fisheries management arrangements,PW,Palau,2014,,45,,,,N,units,,,,,N,National,,
DATAFLOW,SPC:DF_CLIMATE_CHANGE(1.0),Climate Change indicators,I,A,Annual,FISH_MNGT_MULT_BILAT_ARGMT,Fisheries management measures in place and multilateral and bilateral fisheries management arrangements,PW,Palau,2015,,49,,,,N,units,,,,,N,National,,
DATAFLOW,SPC:DF_CLIMATE_CHANGE(1.0),Climate Change indicators,I,A,Annual,FISH_MNGT_MULT_BILAT_ARGMT,Fisheries management measures in place and multilateral and bilateral fisheries management arrangements,PW,Palau,2016,,53,,,,N,units,,,,,N,National,,
DATAFLOW,SPC:DF_CLIMATE_CHANGE(1.0),Climate Change indicators,I,A,Annual,FISH_MNGT_MULT_BILAT_ARGMT,Fisheries management measures in place and multilateral and bilateral fisheries management arrangements,PW,Palau,2017,,55,,,,N,units,,,,,N,National,,
DATAFLOW,SPC:DF_CLIMATE_CHANGE(1.0),Climate Change indicators,I,A,Annual,FISH_MNGT_MULT_BILAT_ARGMT,Fisheries management measures in place and multilateral and bilateral fisheries management arrangements,PW,Palau,2018,,55,,,,N,units,,,,,N,National,,
DATAFLOW,SPC:DF_CLIMATE_CHANGE(1.0),Climate Change indicators,I,A,Annual,FISH_MNGT_MULT_BILAT_ARGMT,Fisheries management measures in place and multilateral and bilateral fisheries management arrangements,PW,Palau,2019,,57,,,,N,units,,,,,N,National,,
DATAFLOW,SPC:DF_CLIMATE_CHANGE(1.0),Climate Change indicators,I,A,Annual,FISH_MNGT_MULT_BILAT_ARGMT,Fisheries management measures in place and multilateral and bilateral fisheries management arrangements,PW,Palau,2020,,59,,,,N,units,,,,,N,National,,
DATAFLOW,SPC:DF_CLIMATE_CHANGE(1.0),Climate Change indicators,I,A,Annual,FISH_MNGT_MULT_BILAT_ARGMT,Fisheries management measures in place and multilateral and bilateral fisheries management arrangements,PW,Palau,2021,,60,,,,N,units,,,,,N,National,,
DATAFLOW,SPC:DF_CLIMATE_CHANGE(1.0),Climate Change indicators,I,A,Annual,FISH_MNGT_MULT_BILAT_ARGMT,Fisheries management measures in place and multilateral and bilateral fisheries management arrangements,PW,Palau,2022,,62,,,,N,units,,,,,N,National,,
DATAFLOW,SPC:DF_CLIMATE_CHANGE(1.0),Climate Change indicators,I,A,Annual,FISH_MNGT_MULT_BILAT_ARGMT,Fisheries management measures in place and multilateral and bilateral fisheries management arrangements,PW,Palau,2023,,63,,,,N,units,,,,,N,National,,
DATAFLOW,SPC:DF_CLIMATE_CHANGE(1.0),Climate Change indicators,I,A,Annual,FISH_MNGT_MULT_BILAT_ARGMT,Fisheries management measures in place and multilateral and bilateral fisheries management arrangements,PW,Palau,2024,,63,,,,N,units,,,,,N,National,,
DATAFLOW,SPC:DF_CLIMATE_CHANGE(1.0),Climate Change indicators,I,A,Annual,FISH_MNGT_MULT_BILAT_ARGMT,Fisheries management measures in place and multilateral and bilateral fisheries management arrangements,PW,Palau,2025,,63,,,,N,units,,,,,N,National,,
DATAFLOW,SPC:DF_CLIMATE_CHANGE(1.0),Climate Change indicators,I,A,Annual,FISH_MNGT_MULT_BILAT_ARGMT,Fisheries management measures in place and multilateral and bilateral fisheries management arrangements,PW,Palau,2026,,63,,,,N,units,,,,,N,National,,
DATAFLOW,SPC:DF_CLIMATE_CHANGE(1.0),Climate Change indicators,I,A,Annual,FISH_MNGT_MULT_BILAT_ARGMT,Fisheries management measures in place and multilateral and bilateral fisheries management arrangements,VU,Vanuatu,1917,,1,,,,N,units,,,,,N,National,,
DATAFLOW,SPC:DF_CLIMATE_CHANGE(1.0),Climate Change indicators,I,A,Annual,FISH_MNGT_MULT_BILAT_ARGMT,Fisheries management measures in place and multilateral and bilateral fisheries management arrangements,VU,Vanuatu,1918,,1,,,,N,units,,,,,N,National,,
DATAFLOW,SPC:DF_CLIMATE_CHANGE(1.0),Climate Change indicators,I,A,Annual,FISH_MNGT_MULT_BILAT_ARGMT,Fisheries management measures in place and multilateral and bilateral fisheries management arrangements,VU,Vanuatu,1919,,1,,,,N,units,,,,,N,National,,
DATAFLOW,SPC:DF_CLIMATE_CHANGE(1.0),Climate Change indicators,I,A,Annual,FISH_MNGT_MULT_BILAT_ARGMT,Fisheries management measures in place and multilateral and bilateral fisheries management arrangements,VU,Vanuatu,1920,,1,,,,N,units,,,,,N,National,,
DATAFLOW,SPC:DF_CLIMATE_CHANGE(1.0),Climate Change indicators,I,A,Annual,FISH_MNGT_MULT_BILAT_ARGMT,Fisheries management measures in place and multilateral and bilateral fisheries management arrangements,VU,Vanuatu,1921,,1,,,,N,units,,,,,N,National,,
DATAFLOW,SPC:DF_CLIMATE_CHANGE(1.0),Climate Change indicators,I,A,Annual,FISH_MNGT_MULT_BILAT_ARGMT,Fisheries management measures in place and multilateral and bilateral fisheries management arrangements,VU,Vanuatu,1922,,1,,,,N,units,,,,,N,National,,
DATAFLOW,SPC:DF_CLIMATE_CHANGE(1.0),Climate Change indicators,I,A,Annual,FISH_MNGT_MULT_BILAT_ARGMT,Fisheries management measures in place and multilateral and bilateral fisheries management arrangements,VU,Vanuatu,1923,,1,,,,N,units,,,,,N,National,,
DATAFLOW,SPC:DF_CLIMATE_CHANGE(1.0),Climate Change indicators,I,A,Annual,FISH_MNGT_MULT_BILAT_ARGMT,Fisheries management measures in place and multilateral and bilateral fisheries management arrangements,VU,Vanuatu,1924,,1,,,,N,units,,,,,N,National,,
DATAFLOW,SPC:DF_CLIMATE_CHANGE(1.0),Climate Change indicators,I,A,Annual,FISH_MNGT_MULT_BILAT_ARGMT,Fisheries management measures in place and multilateral and bilateral fisheries management arrangements,VU,Vanuatu,1925,,1,,,,N,units,,,,,N,National,,
DATAFLOW,SPC:DF_CLIMATE_CHANGE(1.0),Climate Change indicators,I,A,Annual,FISH_MNGT_MULT_BILAT_ARGMT,Fisheries management measures in place and multilateral and bilateral fisheries management arrangements,VU,Vanuatu,1926,,1,,,,N,units,,,,,N,National,,
DATAFLOW,SPC:DF_CLIMATE_CHANGE(1.0),Climate Change indicators,I,A,Annual,FISH_MNGT_MULT_BILAT_ARGMT,Fisheries management measures in place and multilateral and bilateral fisheries management arrangements,VU,Vanuatu,1927,,1,,,,N,units,,,,,N,National,,
DATAFLOW,SPC:DF_CLIMATE_CHANGE(1.0),Climate Change indicators,I,A,Annual,FISH_MNGT_MULT_BILAT_ARGMT,Fisheries management measures in place and multilateral and bilateral fisheries management arrangements,VU,Vanuatu,1928,,1,,,,N,units,,,,,N,National,,
DATAFLOW,SPC:DF_CLIMATE_CHANGE(1.0),Climate Change indicators,I,A,Annual,FISH_MNGT_MULT_BILAT_ARGMT,Fisheries management measures in place and multilateral and bilateral fisheries management arrangements,VU,Vanuatu,1929,,1,,,,N,units,,,,,N,National,,
DATAFLOW,SPC:DF_CLIMATE_CHANGE(1.0),Climate Change indicators,I,A,Annual,FISH_MNGT_MULT_BILAT_ARGMT,Fisheries management measures in place and multilateral and bilateral fisheries management arrangements,VU,Vanuatu,1930,,1,,,,N,units,,,,,N,National,,
DATAFLOW,SPC:DF_CLIMATE_CHANGE(1.0),Climate Change indicators,I,A,Annual,FISH_MNGT_MULT_BILAT_ARGMT,Fisheries management measures in place and multilateral and bilateral fisheries management arrangements,VU,Vanuatu,1931,,1,,,,N,units,,,,,N,National,,
DATAFLOW,SPC:DF_CLIMATE_CHANGE(1.0),Climate Change indicators,I,A,Annual,FISH_MNGT_MULT_BILAT_ARGMT,Fisheries management measures in place and multilateral and bilateral fisheries management arrangements,VU,Vanuatu,1932,,1,,,,N,units,,,,,N,National,,
DATAFLOW,SPC:DF_CLIMATE_CHANGE(1.0),Climate Change indicators,I,A,Annual,FISH_MNGT_MULT_BILAT_ARGMT,Fisheries management measures in place and multilateral and bilateral fisheries management arrangements,VU,Vanuatu,1933,,1,,,,N,units,,,,,N,National,,
DATAFLOW,SPC:DF_CLIMATE_CHANGE(1.0),Climate Change indicators,I,A,Annual,FISH_MNGT_MULT_BILAT_ARGMT,Fisheries management measures in place and multilateral and bilateral fisheries management arrangements,VU,Vanuatu,1934,,1,,,,N,units,,,,,N,National,,
DATAFLOW,SPC:DF_CLIMATE_CHANGE(1.0),Climate Change indicators,I,A,Annual,FISH_MNGT_MULT_BILAT_ARGMT,Fisheries management measures in place and multilateral and bilateral fisheries management arrangements,VU,Vanuatu,1935,,1,,,,N,units,,,,,N,National,,
DATAFLOW,SPC:DF_CLIMATE_CHANGE(1.0),Climate Change indicators,I,A,Annual,FISH_MNGT_MULT_BILAT_ARGMT,Fisheries management measures in place and multilateral and bilateral fisheries management arrangements,VU,Vanuatu,1936,,1,,,,N,units,,,,,N,National,,
DATAFLOW,SPC:DF_CLIMATE_CHANGE(1.0),Climate Change indicators,I,A,Annual,FISH_MNGT_MULT_BILAT_ARGMT,Fisheries management measures in place and multilateral and bilateral fisheries management arrangements,VU,Vanuatu,1937,,1,,,,N,units,,,,,N,National,,
DATAFLOW,SPC:DF_CLIMATE_CHANGE(1.0),Climate Change indicators,I,A,Annual,FISH_MNGT_MULT_BILAT_ARGMT,Fisheries management measures in place and multilateral and bilateral fisheries management arrangements,VU,Vanuatu,1938,,1,,,,N,units,,,,,N,National,,
DATAFLOW,SPC:DF_CLIMATE_CHANGE(1.0),Climate Change indicators,I,A,Annual,FISH_MNGT_MULT_BILAT_ARGMT,Fisheries management measures in place and multilateral and bilateral fisheries management arrangements,VU,Vanuatu,1939,,1,,,,N,units,,,,,N,National,,
DATAFLOW,SPC:DF_CLIMATE_CHANGE(1.0),Climate Change indicators,I,A,Annual,FISH_MNGT_MULT_BILAT_ARGMT,Fisheries management measures in place and multilateral and bilateral fisheries management arrangements,VU,Vanuatu,1940,,1,,,,N,units,,,,,N,National,,
DATAFLOW,SPC:DF_CLIMATE_CHANGE(1.0),Climate Change indicators,I,A,Annual,FISH_MNGT_MULT_BILAT_ARGMT,Fisheries management measures in place and multilateral and bilateral fisheries management arrangements,VU,Vanuatu,1941,,1,,,,N,units,,,,,N,National,,
DATAFLOW,SPC:DF_CLIMATE_CHANGE(1.0),Climate Change indicators,I,A,Annual,FISH_MNGT_MULT_BILAT_ARGMT,Fisheries management measures in place and multilateral and bilateral fisheries management arrangements,VU,Vanuatu,1942,,1,,,,N,units,,,,,N,National,,
DATAFLOW,SPC:DF_CLIMATE_CHANGE(1.0),Climate Change indicators,I,A,Annual,FISH_MNGT_MULT_BILAT_ARGMT,Fisheries management measures in place and multilateral and bilateral fisheries management arrangements,VU,Vanuatu,1943,,1,,,,N,units,,,,,N,National,,
DATAFLOW,SPC:DF_CLIMATE_CHANGE(1.0),Climate Change indicators,I,A,Annual,FISH_MNGT_MULT_BILAT_ARGMT,Fisheries management measures in place and multilateral and bilateral fisheries management arrangements,VU,Vanuatu,1944,,1,,,,N,units,,,,,N,National,,
DATAFLOW,SPC:DF_CLIMATE_CHANGE(1.0),Climate Change indicators,I,A,Annual,FISH_MNGT_MULT_BILAT_ARGMT,Fisheries management measures in place and multilateral and bilateral fisheries management arrangements,VU,Vanuatu,1945,,1,,,,N,units,,,,,N,National,,
DATAFLOW,SPC:DF_CLIMATE_CHANGE(1.0),Climate Change indicators,I,A,Annual,FISH_MNGT_MULT_BILAT_ARGMT,Fisheries management measures in place and multilateral and bilateral fisheries management arrangements,VU,Vanuatu,1946,,1,,,,N,units,,,,,N,National,,
DATAFLOW,SPC:DF_CLIMATE_CHANGE(1.0),Climate Change indicators,I,A,Annual,FISH_MNGT_MULT_BILAT_ARGMT,Fisheries management measures in place and multilateral and bilateral fisheries management arrangements,VU,Vanuatu,1947,,1,,,,N,units,,,,,N,National,,
DATAFLOW,SPC:DF_CLIMATE_CHANGE(1.0),Climate Change indicators,I,A,Annual,FISH_MNGT_MULT_BILAT_ARGMT,Fisheries management measures in place and multilateral and bilateral fisheries management arrangements,VU,Vanuatu,1948,,1,,,,N,units,,,,,N,National,,
DATAFLOW,SPC:DF_CLIMATE_CHANGE(1.0),Climate Change indicators,I,A,Annual,FISH_MNGT_MULT_BILAT_ARGMT,Fisheries management measures in place and multilateral and bilateral fisheries management arrangements,VU,Vanuatu,1949,,1,,,,N,units,,,,,N,National,,
DATAFLOW,SPC:DF_CLIMATE_CHANGE(1.0),Climate Change indicators,I,A,Annual,FISH_MNGT_MULT_BILAT_ARGMT,Fisheries management measures in place and multilateral and bilateral fisheries management arrangements,VU,Vanuatu,1950,,1,,,,N,units,,,,,N,National,,
DATAFLOW,SPC:DF_CLIMATE_CHANGE(1.0),Climate Change indicators,I,A,Annual,FISH_MNGT_MULT_BILAT_ARGMT,Fisheries management measures in place and multilateral and bilateral fisheries management arrangements,VU,Vanuatu,1951,,1,,,,N,units,,,,,N,National,,
DATAFLOW,SPC:DF_CLIMATE_CHANGE(1.0),Climate Change indicators,I,A,Annual,FISH_MNGT_MULT_BILAT_ARGMT,Fisheries management measures in place and multilateral and bilateral fisheries management arrangements,VU,Vanuatu,1952,,1,,,,N,units,,,,,N,National,,
DATAFLOW,SPC:DF_CLIMATE_CHANGE(1.0),Climate Change indicators,I,A,Annual,FISH_MNGT_MULT_BILAT_ARGMT,Fisheries management measures in place and multilateral and bilateral fisheries management arrangements,VU,Vanuatu,1953,,1,,,,N,units,,,,,N,National,,
DATAFLOW,SPC:DF_CLIMATE_CHANGE(1.0),Climate Change indicators,I,A,Annual,FISH_MNGT_MULT_BILAT_ARGMT,Fisheries management measures in place and multilateral and bilateral fisheries management arrangements,VU,Vanuatu,1954,,1,,,,N,units,,,,,N,National,,
DATAFLOW,SPC:DF_CLIMATE_CHANGE(1.0),Climate Change indicators,I,A,Annual,FISH_MNGT_MULT_BILAT_ARGMT,Fisheries management measures in place and multilateral and bilateral fisheries management arrangements,VU,Vanuatu,1955,,1,,,,N,units,,,,,N,National,,
DATAFLOW,SPC:DF_CLIMATE_CHANGE(1.0),Climate Change indicators,I,A,Annual,FISH_MNGT_MULT_BILAT_ARGMT,Fisheries management measures in place and multilateral and bilateral fisheries management arrangements,VU,Vanuatu,1956,,1,,,,N,units,,,,,N,National,,
DATAFLOW,SPC:DF_CLIMATE_CHANGE(1.0),Climate Change indicators,I,A,Annual,FISH_MNGT_MULT_BILAT_ARGMT,Fisheries management measures in place and multilateral and bilateral fisheries management arrangements,VU,Vanuatu,1957,,2,,,,N,units,,,,,N,National,,
DATAFLOW,SPC:DF_CLIMATE_CHANGE(1.0),Climate Change indicators,I,A,Annual,FISH_MNGT_MULT_BILAT_ARGMT,Fisheries management measures in place and multilateral and bilateral fisheries management arrangements,VU,Vanuatu,1958,,2,,,,N,units,,,,,N,National,,
DATAFLOW,SPC:DF_CLIMATE_CHANGE(1.0),Climate Change indicators,I,A,Annual,FISH_MNGT_MULT_BILAT_ARGMT,Fisheries management measures in place and multilateral and bilateral fisheries management arrangements,VU,Vanuatu,1959,,2,,,,N,units,,,,,N,National,,
DATAFLOW,SPC:DF_CLIMATE_CHANGE(1.0),Climate Change indicators,I,A,Annual,FISH_MNGT_MULT_BILAT_ARGMT,Fisheries management measures in place and multilateral and bilateral fisheries management arrangements,VU,Vanuatu,1960,,2,,,,N,units,,,,,N,National,,
DATAFLOW,SPC:DF_CLIMATE_CHANGE(1.0),Climate Change indicators,I,A,Annual,FISH_MNGT_MULT_BILAT_ARGMT,Fisheries management measures in place and multilateral and bilateral fisheries management arrangements,VU,Vanuatu,1961,,2,,,,N,units,,,,,N,National,,
DATAFLOW,SPC:DF_CLIMATE_CHANGE(1.0),Climate Change indicators,I,A,Annual,FISH_MNGT_MULT_BILAT_ARGMT,Fisheries management measures in place and multilateral and bilateral fisheries management arrangements,VU,Vanuatu,1962,,2,,,,N,units,,,,,N,National,,
DATAFLOW,SPC:DF_CLIMATE_CHANGE(1.0),Climate Change indicators,I,A,Annual,FISH_MNGT_MULT_BILAT_ARGMT,Fisheries management measures in place and multilateral and bilateral fisheries management arrangements,VU,Vanuatu,1963,,3,,,,N,units,,,,,N,National,,
DATAFLOW,SPC:DF_CLIMATE_CHANGE(1.0),Climate Change indicators,I,A,Annual,FISH_MNGT_MULT_BILAT_ARGMT,Fisheries management measures in place and multilateral and bilateral fisheries management arrangements,VU,Vanuatu,1964,,3,,,,N,units,,,,,N,National,,
DATAFLOW,SPC:DF_CLIMATE_CHANGE(1.0),Climate Change indicators,I,A,Annual,FISH_MNGT_MULT_BILAT_ARGMT,Fisheries management measures in place and multilateral and bilateral fisheries management arrangements,VU,Vanuatu,1965,,3,,,,N,units,,,,,N,National,,
DATAFLOW,SPC:DF_CLIMATE_CHANGE(1.0),Climate Change indicators,I,A,Annual,FISH_MNGT_MULT_BILAT_ARGMT,Fisheries management measures in place and multilateral and bilateral fisheries management arrangements,VU,Vanuatu,1966,,3,,,,N,units,,,,,N,National,,
DATAFLOW,SPC:DF_CLIMATE_CHANGE(1.0),Climate Change indicators,I,A,Annual,FISH_MNGT_MULT_BILAT_ARGMT,Fisheries management measures in place and multilateral and bilateral fisheries management arrangements,VU,Vanuatu,1967,,3,,,,N,units,,,,,N,National,,
DATAFLOW,SPC:DF_CLIMATE_CHANGE(1.0),Climate Change indicators,I,A,Annual,FISH_MNGT_MULT_BILAT_ARGMT,Fisheries management measures in place and multilateral and bilateral fisheries management arrangements,VU,Vanuatu,1968,,4,,,,N,units,,,,,N,National,,
DATAFLOW,SPC:DF_CLIMATE_CHANGE(1.0),Climate Change indicators,I,A,Annual,FISH_MNGT_MULT_BILAT_ARGMT,Fisheries management measures in place and multilateral and bilateral fisheries management arrangements,VU,Vanuatu,1969,,4,,,,N,units,,,,,N,National,,
DATAFLOW,SPC:DF_CLIMATE_CHANGE(1.0),Climate Change indicators,I,A,Annual,FISH_MNGT_MULT_BILAT_ARGMT,Fisheries management measures in place and multilateral and bilateral fisheries management arrangements,VU,Vanuatu,1970,,4,,,,N,units,,,,,N,National,,
DATAFLOW,SPC:DF_CLIMATE_CHANGE(1.0),Climate Change indicators,I,A,Annual,FISH_MNGT_MULT_BILAT_ARGMT,Fisheries management measures in place and multilateral and bilateral fisheries management arrangements,VU,Vanuatu,1971,,4,,,,N,units,,,,,N,National,,
DATAFLOW,SPC:DF_CLIMATE_CHANGE(1.0),Climate Change indicators,I,A,Annual,FISH_MNGT_MULT_BILAT_ARGMT,Fisheries management measures in place and multilateral and bilateral fisheries management arrangements,VU,Vanuatu,1972,,4,,,,N,units,,,,,N,National,,
DATAFLOW,SPC:DF_CLIMATE_CHANGE(1.0),Climate Change indicators,I,A,Annual,FISH_MNGT_MULT_BILAT_ARGMT,Fisheries management measures in place and multilateral and bilateral fisheries management arrangements,VU,Vanuatu,1973,,4,,,,N,units,,,,,N,National,,
DATAFLOW,SPC:DF_CLIMATE_CHANGE(1.0),Climate Change indicators,I,A,Annual,FISH_MNGT_MULT_BILAT_ARGMT,Fisheries management measures in place and multilateral and bilateral fisheries management arrangements,VU,Vanuatu,1974,,4,,,,N,units,,,,,N,National,,
DATAFLOW,SPC:DF_CLIMATE_CHANGE(1.0),Climate Change indicators,I,A,Annual,FISH_MNGT_MULT_BILAT_ARGMT,Fisheries management measures in place and multilateral and bilateral fisheries management arrangements,VU,Vanuatu,1975,,4,,,,N,units,,,,,N,National,,
DATAFLOW,SPC:DF_CLIMATE_CHANGE(1.0),Climate Change indicators,I,A,Annual,FISH_MNGT_MULT_BILAT_ARGMT,Fisheries management measures in place and multilateral and bilateral fisheries management arrangements,VU,Vanuatu,1976,,4,,,,N,units,,,,,N,National,,
DATAFLOW,SPC:DF_CLIMATE_CHANGE(1.0),Climate Change indicators,I,A,Annual,FISH_MNGT_MULT_BILAT_ARGMT,Fisheries management measures in place and multilateral and bilateral fisheries management arrangements,VU,Vanuatu,1977,,4,,,,N,units,,,,,N,National,,
DATAFLOW,SPC:DF_CLIMATE_CHANGE(1.0),Climate Change indicators,I,A,Annual,FISH_MNGT_MULT_BILAT_ARGMT,Fisheries management measures in place and multilateral and bilateral fisheries management arrangements,VU,Vanuatu,1978,,4,,,,N,units,,,,,N,National,,
DATAFLOW,SPC:DF_CLIMATE_CHANGE(1.0),Climate Change indicators,I,A,Annual,FISH_MNGT_MULT_BILAT_ARGMT,Fisheries management measures in place and multilateral and bilateral fisheries management arrangements,VU,Vanuatu,1979,,5,,,,N,units,,,,,N,National,,
DATAFLOW,SPC:DF_CLIMATE_CHANGE(1.0),Climate Change indicators,I,A,Annual,FISH_MNGT_MULT_BILAT_ARGMT,Fisheries management measures in place and multilateral and bilateral fisheries management arrangements,VU,Vanuatu,1980,,6,,,,N,units,,,,,N,National,,
DATAFLOW,SPC:DF_CLIMATE_CHANGE(1.0),Climate Change indicators,I,A,Annual,FISH_MNGT_MULT_BILAT_ARGMT,Fisheries management measures in place and multilateral and bilateral fisheries management arrangements,VU,Vanuatu,1981,,6,,,,N,units,,,,,N,National,,
DATAFLOW,SPC:DF_CLIMATE_CHANGE(1.0),Climate Change indicators,I,A,Annual,FISH_MNGT_MULT_BILAT_ARGMT,Fisheries management measures in place and multilateral and bilateral fisheries management arrangements,VU,Vanuatu,1982,,7,,,,N,units,,,,,N,National,,
DATAFLOW,SPC:DF_CLIMATE_CHANGE(1.0),Climate Change indicators,I,A,Annual,FISH_MNGT_MULT_BILAT_ARGMT,Fisheries management measures in place and multilateral and bilateral fisheries management arrangements,VU,Vanuatu,1983,,11,,,,N,units,,,,,N,National,,
DATAFLOW,SPC:DF_CLIMATE_CHANGE(1.0),Climate Change indicators,I,A,Annual,FISH_MNGT_MULT_BILAT_ARGMT,Fisheries management measures in place and multilateral and bilateral fisheries management arrangements,VU,Vanuatu,1984,,11,,,,N,units,,,,,N,National,,
DATAFLOW,SPC:DF_CLIMATE_CHANGE(1.0),Climate Change indicators,I,A,Annual,FISH_MNGT_MULT_BILAT_ARGMT,Fisheries management measures in place and multilateral and bilateral fisheries management arrangements,VU,Vanuatu,1985,,11,,,,N,units,,,,,N,National,,
DATAFLOW,SPC:DF_CLIMATE_CHANGE(1.0),Climate Change indicators,I,A,Annual,FISH_MNGT_MULT_BILAT_ARGMT,Fisheries management measures in place and multilateral and bilateral fisheries management arrangements,VU,Vanuatu,1986,,11,,,,N,units,,,,,N,National,,
DATAFLOW,SPC:DF_CLIMATE_CHANGE(1.0),Climate Change indicators,I,A,Annual,FISH_MNGT_MULT_BILAT_ARGMT,Fisheries management measures in place and multilateral and bilateral fisheries management arrangements,VU,Vanuatu,1987,,12,,,,N,units,,,,,N,National,,
DATAFLOW,SPC:DF_CLIMATE_CHANGE(1.0),Climate Change indicators,I,A,Annual,FISH_MNGT_MULT_BILAT_ARGMT,Fisheries management measures in place and multilateral and bilateral fisheries management arrangements,VU,Vanuatu,1988,,13,,,,N,units,,,,,N,National,,
DATAFLOW,SPC:DF_CLIMATE_CHANGE(1.0),Climate Change indicators,I,A,Annual,FISH_MNGT_MULT_BILAT_ARGMT,Fisheries management measures in place and multilateral and bilateral fisheries management arrangements,VU,Vanuatu,1989,,15,,,,N,units,,,,,N,National,,
DATAFLOW,SPC:DF_CLIMATE_CHANGE(1.0),Climate Change indicators,I,A,Annual,FISH_MNGT_MULT_BILAT_ARGMT,Fisheries management measures in place and multilateral and bilateral fisheries management arrangements,VU,Vanuatu,1990,,18,,,,N,units,,,,,N,National,,
DATAFLOW,SPC:DF_CLIMATE_CHANGE(1.0),Climate Change indicators,I,A,Annual,FISH_MNGT_MULT_BILAT_ARGMT,Fisheries management measures in place and multilateral and bilateral fisheries management arrangements,VU,Vanuatu,1991,,19,,,,N,units,,,,,N,National,,
DATAFLOW,SPC:DF_CLIMATE_CHANGE(1.0),Climate Change indicators,I,A,Annual,FISH_MNGT_MULT_BILAT_ARGMT,Fisheries management measures in place and multilateral and bilateral fisheries management arrangements,VU,Vanuatu,1992,,22,,,,N,units,,,,,N,National,,
DATAFLOW,SPC:DF_CLIMATE_CHANGE(1.0),Climate Change indicators,I,A,Annual,FISH_MNGT_MULT_BILAT_ARGMT,Fisheries management measures in place and multilateral and bilateral fisheries management arrangements,VU,Vanuatu,1993,,22,,,,N,units,,,,,N,National,,
DATAFLOW,SPC:DF_CLIMATE_CHANGE(1.0),Climate Change indicators,I,A,Annual,FISH_MNGT_MULT_BILAT_ARGMT,Fisheries management measures in place and multilateral and bilateral fisheries management arrangements,VU,Vanuatu,1994,,22,,,,N,units,,,,,N,National,,
DATAFLOW,SPC:DF_CLIMATE_CHANGE(1.0),Climate Change indicators,I,A,Annual,FISH_MNGT_MULT_BILAT_ARGMT,Fisheries management measures in place and multilateral and bilateral fisheries management arrangements,VU,Vanuatu,1995,,23,,,,N,units,,,,,N,National,,
DATAFLOW,SPC:DF_CLIMATE_CHANGE(1.0),Climate Change indicators,I,A,Annual,FISH_MNGT_MULT_BILAT_ARGMT,Fisheries management measures in place and multilateral and bilateral fisheries management arrangements,VU,Vanuatu,1996,,23,,,,N,units,,,,,N,National,,
DATAFLOW,SPC:DF_CLIMATE_CHANGE(1.0),Climate Change indicators,I,A,Annual,FISH_MNGT_MULT_BILAT_ARGMT,Fisheries management measures in place and multilateral and bilateral fisheries management arrangements,VU,Vanuatu,1997,,23,,,,N,units,,,,,N,National,,
DATAFLOW,SPC:DF_CLIMATE_CHANGE(1.0),Climate Change indicators,I,A,Annual,FISH_MNGT_MULT_BILAT_ARGMT,Fisheries management measures in place and multilateral and bilateral fisheries management arrangements,VU,Vanuatu,1998,,24,,,,N,units,,,,,N,National,,
DATAFLOW,SPC:DF_CLIMATE_CHANGE(1.0),Climate Change indicators,I,A,Annual,FISH_MNGT_MULT_BILAT_ARGMT,Fisheries management measures in place and multilateral and bilateral fisheries management arrangements,VU,Vanuatu,1999,,25,,,,N,units,,,,,N,National,,
DATAFLOW,SPC:DF_CLIMATE_CHANGE(1.0),Climate Change indicators,I,A,Annual,FISH_MNGT_MULT_BILAT_ARGMT,Fisheries management measures in place and multilateral and bilateral fisheries management arrangements,VU,Vanuatu,2000,,27,,,,N,units,,,,,N,National,,
DATAFLOW,SPC:DF_CLIMATE_CHANGE(1.0),Climate Change indicators,I,A,Annual,FISH_MNGT_MULT_BILAT_ARGMT,Fisheries management measures in place and multilateral and bilateral fisheries management arrangements,VU,Vanuatu,2001,,27,,,,N,units,,,,,N,National,,
DATAFLOW,SPC:DF_CLIMATE_CHANGE(1.0),Climate Change indicators,I,A,Annual,FISH_MNGT_MULT_BILAT_ARGMT,Fisheries management measures in place and multilateral and bilateral fisheries management arrangements,VU,Vanuatu,2002,,28,,,,N,units,,,,,N,National,,
DATAFLOW,SPC:DF_CLIMATE_CHANGE(1.0),Climate Change indicators,I,A,Annual,FISH_MNGT_MULT_BILAT_ARGMT,Fisheries management measures in place and multilateral and bilateral fisheries management arrangements,VU,Vanuatu,2003,,31,,,,N,units,,,,,N,National,,
DATAFLOW,SPC:DF_CLIMATE_CHANGE(1.0),Climate Change indicators,I,A,Annual,FISH_MNGT_MULT_BILAT_ARGMT,Fisheries management measures in place and multilateral and bilateral fisheries management arrangements,VU,Vanuatu,2004,,31,,,,N,units,,,,,N,National,,
DATAFLOW,SPC:DF_CLIMATE_CHANGE(1.0),Climate Change indicators,I,A,Annual,FISH_MNGT_MULT_BILAT_ARGMT,Fisheries management measures in place and multilateral and bilateral fisheries management arrangements,VU,Vanuatu,2005,,32,,,,N,units,,,,,N,National,,
DATAFLOW,SPC:DF_CLIMATE_CHANGE(1.0),Climate Change indicators,I,A,Annual,FISH_MNGT_MULT_BILAT_ARGMT,Fisheries management measures in place and multilateral and bilateral fisheries management arrangements,VU,Vanuatu,2006,,34,,,,N,units,,,,,N,National,,
DATAFLOW,SPC:DF_CLIMATE_CHANGE(1.0),Climate Change indicators,I,A,Annual,FISH_MNGT_MULT_BILAT_ARGMT,Fisheries management measures in place and multilateral and bilateral fisheries management arrangements,VU,Vanuatu,2007,,34,,,,N,units,,,,,N,National,,
DATAFLOW,SPC:DF_CLIMATE_CHANGE(1.0),Climate Change indicators,I,A,Annual,FISH_MNGT_MULT_BILAT_ARGMT,Fisheries management measures in place and multilateral and bilateral fisheries management arrangements,VU,Vanuatu,2008,,36,,,,N,units,,,,,N,National,,
DATAFLOW,SPC:DF_CLIMATE_CHANGE(1.0),Climate Change indicators,I,A,Annual,FISH_MNGT_MULT_BILAT_ARGMT,Fisheries management measures in place and multilateral and bilateral fisheries management arrangements,VU,Vanuatu,2009,,37,,,,N,units,,,,,N,National,,
DATAFLOW,SPC:DF_CLIMATE_CHANGE(1.0),Climate Change indicators,I,A,Annual,FISH_MNGT_MULT_BILAT_ARGMT,Fisheries management measures in place and multilateral and bilateral fisheries management arrangements,VU,Vanuatu,2010,,38,,,,N,units,,,,,N,National,,
DATAFLOW,SPC:DF_CLIMATE_CHANGE(1.0),Climate Change indicators,I,A,Annual,FISH_MNGT_MULT_BILAT_ARGMT,Fisheries management measures in place and multilateral and bilateral fisheries management arrangements,VU,Vanuatu,2011,,40,,,,N,units,,,,,N,National,,
DATAFLOW,SPC:DF_CLIMATE_CHANGE(1.0),Climate Change indicators,I,A,Annual,FISH_MNGT_MULT_BILAT_ARGMT,Fisheries management measures in place and multilateral and bilateral fisheries management arrangements,VU,Vanuatu,2012,,45,,,,N,units,,,,,N,National,,
DATAFLOW,SPC:DF_CLIMATE_CHANGE(1.0),Climate Change indicators,I,A,Annual,FISH_MNGT_MULT_BILAT_ARGMT,Fisheries management measures in place and multilateral and bilateral fisheries management arrangements,VU,Vanuatu,2013,,49,,,,N,units,,,,,N,National,,
DATAFLOW,SPC:DF_CLIMATE_CHANGE(1.0),Climate Change indicators,I,A,Annual,FISH_MNGT_MULT_BILAT_ARGMT,Fisheries management measures in place and multilateral and bilateral fisheries management arrangements,VU,Vanuatu,2014,,56,,,,N,units,,,,,N,National,,
DATAFLOW,SPC:DF_CLIMATE_CHANGE(1.0),Climate Change indicators,I,A,Annual,FISH_MNGT_MULT_BILAT_ARGMT,Fisheries management measures in place and multilateral and bilateral fisheries management arrangements,VU,Vanuatu,2015,,59,,,,N,units,,,,,N,National,,
DATAFLOW,SPC:DF_CLIMATE_CHANGE(1.0),Climate Change indicators,I,A,Annual,FISH_MNGT_MULT_BILAT_ARGMT,Fisheries management measures in place and multilateral and bilateral fisheries management arrangements,VU,Vanuatu,2016,,63,,,,N,units,,,,,N,National,,
DATAFLOW,SPC:DF_CLIMATE_CHANGE(1.0),Climate Change indicators,I,A,Annual,FISH_MNGT_MULT_BILAT_ARGMT,Fisheries management measures in place and multilateral and bilateral fisheries management arrangements,VU,Vanuatu,2017,,63,,,,N,units,,,,,N,National,,
DATAFLOW,SPC:DF_CLIMATE_CHANGE(1.0),Climate Change indicators,I,A,Annual,FISH_MNGT_MULT_BILAT_ARGMT,Fisheries management measures in place and multilateral and bilateral fisheries management arrangements,VU,Vanuatu,2018,,63,,,,N,units,,,,,N,National,,
DATAFLOW,SPC:DF_CLIMATE_CHANGE(1.0),Climate Change indicators,I,A,Annual,FISH_MNGT_MULT_BILAT_ARGMT,Fisheries management measures in place and multilateral and bilateral fisheries management arrangements,VU,Vanuatu,2019,,65,,,,N,units,,,,,N,National,,
DATAFLOW,SPC:DF_CLIMATE_CHANGE(1.0),Climate Change indicators,I,A,Annual,FISH_MNGT_MULT_BILAT_ARGMT,Fisheries management measures in place and multilateral and bilateral fisheries management arrangements,VU,Vanuatu,2020,,66,,,,N,units,,,,,N,National,,
DATAFLOW,SPC:DF_CLIMATE_CHANGE(1.0),Climate Change indicators,I,A,Annual,FISH_MNGT_MULT_BILAT_ARGMT,Fisheries management measures in place and multilateral and bilateral fisheries management arrangements,VU,Vanuatu,2021,,68,,,,N,units,,,,,N,National,,
DATAFLOW,SPC:DF_CLIMATE_CHANGE(1.0),Climate Change indicators,I,A,Annual,FISH_MNGT_MULT_BILAT_ARGMT,Fisheries management measures in place and multilateral and bilateral fisheries management arrangements,VU,Vanuatu,2022,,68,,,,N,units,,,,,N,National,,
DATAFLOW,SPC:DF_CLIMATE_CHANGE(1.0),Climate Change indicators,I,A,Annual,FISH_MNGT_MULT_BILAT_ARGMT,Fisheries management measures in place and multilateral and bilateral fisheries management arrangements,VU,Vanuatu,2023,,68,,,,N,units,,,,,N,National,,
DATAFLOW,SPC:DF_CLIMATE_CHANGE(1.0),Climate Change indicators,I,A,Annual,FISH_MNGT_MULT_BILAT_ARGMT,Fisheries management measures in place and multilateral and bilateral fisheries management arrangements,VU,Vanuatu,2024,,68,,,,N,units,,,,,N,National,,
DATAFLOW,SPC:DF_CLIMATE_CHANGE(1.0),Climate Change indicators,I,A,Annual,FISH_MNGT_MULT_BILAT_ARGMT,Fisheries management measures in place and multilateral and bilateral fisheries management arrangements,VU,Vanuatu,2025,,68,,,,N,units,,,,,N,National,,
DATAFLOW,SPC:DF_CLIMATE_CHANGE(1.0),Climate Change indicators,I,A,Annual,FISH_MNGT_MULT_BILAT_ARGMT,Fisheries management measures in place and multilateral and bilateral fisheries management arrangements,VU,Vanuatu,2026,,68,,,,N,units,,,,,N,National,,
DATAFLOW,SPC:DF_CLIMATE_CHANGE(1.0),Climate Change indicators,I,A,Annual,FISH_MNGT_MULT_BILAT_ARGMT,Fisheries management measures in place and multilateral and bilateral fisheries management arrangements,AS,American Samoa,1955,,1,,,,N,units,,,,,N,National,,
DATAFLOW,SPC:DF_CLIMATE_CHANGE(1.0),Climate Change indicators,I,A,Annual,FISH_MNGT_MULT_BILAT_ARGMT,Fisheries management measures in place and multilateral and bilateral fisheries management arrangements,AS,American Samoa,1956,,1,,,,N,units,,,,,N,National,,
DATAFLOW,SPC:DF_CLIMATE_CHANGE(1.0),Climate Change indicators,I,A,Annual,FISH_MNGT_MULT_BILAT_ARGMT,Fisheries management measures in place and multilateral and bilateral fisheries management arrangements,AS,American Samoa,1957,,1,,,,N,units,,,,,N,National,,
DATAFLOW,SPC:DF_CLIMATE_CHANGE(1.0),Climate Change indicators,I,A,Annual,FISH_MNGT_MULT_BILAT_ARGMT,Fisheries management measures in place and multilateral and bilateral fisheries management arrangements,AS,American Samoa,1958,,1,,,,N,units,,,,,N,National,,
DATAFLOW,SPC:DF_CLIMATE_CHANGE(1.0),Climate Change indicators,I,A,Annual,FISH_MNGT_MULT_BILAT_ARGMT,Fisheries management measures in place and multilateral and bilateral fisheries management arrangements,AS,American Samoa,1959,,1,,,,N,units,,,,,N,National,,
DATAFLOW,SPC:DF_CLIMATE_CHANGE(1.0),Climate Change indicators,I,A,Annual,FISH_MNGT_MULT_BILAT_ARGMT,Fisheries management measures in place and multilateral and bilateral fisheries management arrangements,AS,American Samoa,1960,,1,,,,N,units,,,,,N,National,,
DATAFLOW,SPC:DF_CLIMATE_CHANGE(1.0),Climate Change indicators,I,A,Annual,FISH_MNGT_MULT_BILAT_ARGMT,Fisheries management measures in place and multilateral and bilateral fisheries management arrangements,AS,American Samoa,1961,,1,,,,N,units,,,,,N,National,,
DATAFLOW,SPC:DF_CLIMATE_CHANGE(1.0),Climate Change indicators,I,A,Annual,FISH_MNGT_MULT_BILAT_ARGMT,Fisheries management measures in place and multilateral and bilateral fisheries management arrangements,AS,American Samoa,1962,,1,,,,N,units,,,,,N,National,,
DATAFLOW,SPC:DF_CLIMATE_CHANGE(1.0),Climate Change indicators,I,A,Annual,FISH_MNGT_MULT_BILAT_ARGMT,Fisheries management measures in place and multilateral and bilateral fisheries management arrangements,AS,American Samoa,1963,,1,,,,N,units,,,,,N,National,,
DATAFLOW,SPC:DF_CLIMATE_CHANGE(1.0),Climate Change indicators,I,A,Annual,FISH_MNGT_MULT_BILAT_ARGMT,Fisheries management measures in place and multilateral and bilateral fisheries management arrangements,AS,American Samoa,1964,,1,,,,N,units,,,,,N,National,,
DATAFLOW,SPC:DF_CLIMATE_CHANGE(1.0),Climate Change indicators,I,A,Annual,FISH_MNGT_MULT_BILAT_ARGMT,Fisheries management measures in place and multilateral and bilateral fisheries management arrangements,AS,American Samoa,1965,,1,,,,N,units,,,,,N,National,,
DATAFLOW,SPC:DF_CLIMATE_CHANGE(1.0),Climate Change indicators,I,A,Annual,FISH_MNGT_MULT_BILAT_ARGMT,Fisheries management measures in place and multilateral and bilateral fisheries management arrangements,AS,American Samoa,1966,,1,,,,N,units,,,,,N,National,,
DATAFLOW,SPC:DF_CLIMATE_CHANGE(1.0),Climate Change indicators,I,A,Annual,FISH_MNGT_MULT_BILAT_ARGMT,Fisheries management measures in place and multilateral and bilateral fisheries management arrangements,AS,American Samoa,1967,,1,,,,N,units,,,,,N,National,,
DATAFLOW,SPC:DF_CLIMATE_CHANGE(1.0),Climate Change indicators,I,A,Annual,FISH_MNGT_MULT_BILAT_ARGMT,Fisheries management measures in place and multilateral and bilateral fisheries management arrangements,AS,American Samoa,1968,,1,,,,N,units,,,,,N,National,,
DATAFLOW,SPC:DF_CLIMATE_CHANGE(1.0),Climate Change indicators,I,A,Annual,FISH_MNGT_MULT_BILAT_ARGMT,Fisheries management measures in place and multilateral and bilateral fisheries management arrangements,AS,American Samoa,1969,,1,,,,N,units,,,,,N,National,,
DATAFLOW,SPC:DF_CLIMATE_CHANGE(1.0),Climate Change indicators,I,A,Annual,FISH_MNGT_MULT_BILAT_ARGMT,Fisheries management measures in place and multilateral and bilateral fisheries management arrangements,AS,American Samoa,1970,,1,,,,N,units,,,,,N,National,,
DATAFLOW,SPC:DF_CLIMATE_CHANGE(1.0),Climate Change indicators,I,A,Annual,FISH_MNGT_MULT_BILAT_ARGMT,Fisheries management measures in place and multilateral and bilateral fisheries management arrangements,AS,American Samoa,1971,,1,,,,N,units,,,,,N,National,,
DATAFLOW,SPC:DF_CLIMATE_CHANGE(1.0),Climate Change indicators,I,A,Annual,FISH_MNGT_MULT_BILAT_ARGMT,Fisheries management measures in place and multilateral and bilateral fisheries management arrangements,AS,American Samoa,1972,,1,,,,N,units,,,,,N,National,,
DATAFLOW,SPC:DF_CLIMATE_CHANGE(1.0),Climate Change indicators,I,A,Annual,FISH_MNGT_MULT_BILAT_ARGMT,Fisheries management measures in place and multilateral and bilateral fisheries management arrangements,AS,American Samoa,1973,,1,,,,N,units,,,,,N,National,,
DATAFLOW,SPC:DF_CLIMATE_CHANGE(1.0),Climate Change indicators,I,A,Annual,FISH_MNGT_MULT_BILAT_ARGMT,Fisheries management measures in place and multilateral and bilateral fisheries management arrangements,AS,American Samoa,1974,,1,,,,N,units,,,,,N,National,,
DATAFLOW,SPC:DF_CLIMATE_CHANGE(1.0),Climate Change indicators,I,A,Annual,FISH_MNGT_MULT_BILAT_ARGMT,Fisheries management measures in place and multilateral and bilateral fisheries management arrangements,AS,American Samoa,1975,,1,,,,N,units,,,,,N,National,,
DATAFLOW,SPC:DF_CLIMATE_CHANGE(1.0),Climate Change indicators,I,A,Annual,FISH_MNGT_MULT_BILAT_ARGMT,Fisheries management measures in place and multilateral and bilateral fisheries management arrangements,AS,American Samoa,1976,,1,,,,N,units,,,,,N,National,,
DATAFLOW,SPC:DF_CLIMATE_CHANGE(1.0),Climate Change indicators,I,A,Annual,FISH_MNGT_MULT_BILAT_ARGMT,Fisheries management measures in place and multilateral and bilateral fisheries management arrangements,AS,American Samoa,1977,,1,,,,N,units,,,,,N,National,,
DATAFLOW,SPC:DF_CLIMATE_CHANGE(1.0),Climate Change indicators,I,A,Annual,FISH_MNGT_MULT_BILAT_ARGMT,Fisheries management measures in place and multilateral and bilateral fisheries management arrangements,AS,American Samoa,1978,,1,,,,N,units,,,,,N,National,,
DATAFLOW,SPC:DF_CLIMATE_CHANGE(1.0),Climate Change indicators,I,A,Annual,FISH_MNGT_MULT_BILAT_ARGMT,Fisheries management measures in place and multilateral and bilateral fisheries management arrangements,AS,American Samoa,1979,,1,,,,N,units,,,,,N,National,,
DATAFLOW,SPC:DF_CLIMATE_CHANGE(1.0),Climate Change indicators,I,A,Annual,FISH_MNGT_MULT_BILAT_ARGMT,Fisheries management measures in place and multilateral and bilateral fisheries management arrangements,AS,American Samoa,1980,,1,,,,N,units,,,,,N,National,,
DATAFLOW,SPC:DF_CLIMATE_CHANGE(1.0),Climate Change indicators,I,A,Annual,FISH_MNGT_MULT_BILAT_ARGMT,Fisheries management measures in place and multilateral and bilateral fisheries management arrangements,AS,American Samoa,1981,,1,,,,N,units,,,,,N,National,,
DATAFLOW,SPC:DF_CLIMATE_CHANGE(1.0),Climate Change indicators,I,A,Annual,FISH_MNGT_MULT_BILAT_ARGMT,Fisheries management measures in place and multilateral and bilateral fisheries management arrangements,AS,American Samoa,1982,,1,,,,N,units,,,,,N,National,,
DATAFLOW,SPC:DF_CLIMATE_CHANGE(1.0),Climate Change indicators,I,A,Annual,FISH_MNGT_MULT_BILAT_ARGMT,Fisheries management measures in place and multilateral and bilateral fisheries management arrangements,AS,American Samoa,1983,,1,,,,N,units,,,,,N,National,,
DATAFLOW,SPC:DF_CLIMATE_CHANGE(1.0),Climate Change indicators,I,A,Annual,FISH_MNGT_MULT_BILAT_ARGMT,Fisheries management measures in place and multilateral and bilateral fisheries management arrangements,AS,American Samoa,1984,,1,,,,N,units,,,,,N,National,,
DATAFLOW,SPC:DF_CLIMATE_CHANGE(1.0),Climate Change indicators,I,A,Annual,FISH_MNGT_MULT_BILAT_ARGMT,Fisheries management measures in place and multilateral and bilateral fisheries management arrangements,AS,American Samoa,1985,,1,,,,N,units,,,,,N,National,,
DATAFLOW,SPC:DF_CLIMATE_CHANGE(1.0),Climate Change indicators,I,A,Annual,FISH_MNGT_MULT_BILAT_ARGMT,Fisheries management measures in place and multilateral and bilateral fisheries management arrangements,AS,American Samoa,1986,,1,,,,N,units,,,,,N,National,,
DATAFLOW,SPC:DF_CLIMATE_CHANGE(1.0),Climate Change indicators,I,A,Annual,FISH_MNGT_MULT_BILAT_ARGMT,Fisheries management measures in place and multilateral and bilateral fisheries management arrangements,AS,American Samoa,1987,,2,,,,N,units,,,,,N,National,,
DATAFLOW,SPC:DF_CLIMATE_CHANGE(1.0),Climate Change indicators,I,A,Annual,FISH_MNGT_MULT_BILAT_ARGMT,Fisheries management measures in place and multilateral and bilateral fisheries management arrangements,AS,American Samoa,1988,,2,,,,N,units,,,,,N,National,,
DATAFLOW,SPC:DF_CLIMATE_CHANGE(1.0),Climate Change indicators,I,A,Annual,FISH_MNGT_MULT_BILAT_ARGMT,Fisheries management measures in place and multilateral and bilateral fisheries management arrangements,AS,American Samoa,1989,,3,,,,N,units,,,,,N,National,,
DATAFLOW,SPC:DF_CLIMATE_CHANGE(1.0),Climate Change indicators,I,A,Annual,FISH_MNGT_MULT_BILAT_ARGMT,Fisheries management measures in place and multilateral and bilateral fisheries management arrangements,AS,American Samoa,1990,,5,,,,N,units,,,,,N,National,,
DATAFLOW,SPC:DF_CLIMATE_CHANGE(1.0),Climate Change indicators,I,A,Annual,FISH_MNGT_MULT_BILAT_ARGMT,Fisheries management measures in place and multilateral and bilateral fisheries management arrangements,AS,American Samoa,1991,,5,,,,N,units,,,,,N,National,,
DATAFLOW,SPC:DF_CLIMATE_CHANGE(1.0),Climate Change indicators,I,A,Annual,FISH_MNGT_MULT_BILAT_ARGMT,Fisheries management measures in place and multilateral and bilateral fisheries management arrangements,AS,American Samoa,1992,,5,,,,N,units,,,,,N,National,,
DATAFLOW,SPC:DF_CLIMATE_CHANGE(1.0),Climate Change indicators,I,A,Annual,FISH_MNGT_MULT_BILAT_ARGMT,Fisheries management measures in place and multilateral and bilateral fisheries management arrangements,AS,American Samoa,1993,,5,,,,N,units,,,,,N,National,,
DATAFLOW,SPC:DF_CLIMATE_CHANGE(1.0),Climate Change indicators,I,A,Annual,FISH_MNGT_MULT_BILAT_ARGMT,Fisheries management measures in place and multilateral and bilateral fisheries management arrangements,AS,American Samoa,1994,,6,,,,N,units,,,,,N,National,,
DATAFLOW,SPC:DF_CLIMATE_CHANGE(1.0),Climate Change indicators,I,A,Annual,FISH_MNGT_MULT_BILAT_ARGMT,Fisheries management measures in place and multilateral and bilateral fisheries management arrangements,AS,American Samoa,1995,,6,,,,N,units,,,,,N,National,,
DATAFLOW,SPC:DF_CLIMATE_CHANGE(1.0),Climate Change indicators,I,A,Annual,FISH_MNGT_MULT_BILAT_ARGMT,Fisheries management measures in place and multilateral and bilateral fisheries management arrangements,AS,American Samoa,1996,,6,,,,N,units,,,,,N,National,,
DATAFLOW,SPC:DF_CLIMATE_CHANGE(1.0),Climate Change indicators,I,A,Annual,FISH_MNGT_MULT_BILAT_ARGMT,Fisheries management measures in place and multilateral and bilateral fisheries management arrangements,AS,American Samoa,1997,,6,,,,N,units,,,,,N,National,,
DATAFLOW,SPC:DF_CLIMATE_CHANGE(1.0),Climate Change indicators,I,A,Annual,FISH_MNGT_MULT_BILAT_ARGMT,Fisheries management measures in place and multilateral and bilateral fisheries management arrangements,AS,American Samoa,1998,,6,,,,N,units,,,,,N,National,,
DATAFLOW,SPC:DF_CLIMATE_CHANGE(1.0),Climate Change indicators,I,A,Annual,FISH_MNGT_MULT_BILAT_ARGMT,Fisheries management measures in place and multilateral and bilateral fisheries management arrangements,AS,American Samoa,1999,,6,,,,N,units,,,,,N,National,,
DATAFLOW,SPC:DF_CLIMATE_CHANGE(1.0),Climate Change indicators,I,A,Annual,FISH_MNGT_MULT_BILAT_ARGMT,Fisheries management measures in place and multilateral and bilateral fisheries management arrangements,AS,American Samoa,2000,,6,,,,N,units,,,,,N,National,,
DATAFLOW,SPC:DF_CLIMATE_CHANGE(1.0),Climate Change indicators,I,A,Annual,FISH_MNGT_MULT_BILAT_ARGMT,Fisheries management measures in place and multilateral and bilateral fisheries management arrangements,AS,American Samoa,2001,,6,,,,N,units,,,,,N,National,,
DATAFLOW,SPC:DF_CLIMATE_CHANGE(1.0),Climate Change indicators,I,A,Annual,FISH_MNGT_MULT_BILAT_ARGMT,Fisheries management measures in place and multilateral and bilateral fisheries management arrangements,AS,American Samoa,2002,,6,,,,N,units,,,,,N,National,,
DATAFLOW,SPC:DF_CLIMATE_CHANGE(1.0),Climate Change indicators,I,A,Annual,FISH_MNGT_MULT_BILAT_ARGMT,Fisheries management measures in place and multilateral and bilateral fisheries management arrangements,AS,American Samoa,2003,,6,,,,N,units,,,,,N,National,,
DATAFLOW,SPC:DF_CLIMATE_CHANGE(1.0),Climate Change indicators,I,A,Annual,FISH_MNGT_MULT_BILAT_ARGMT,Fisheries management measures in place and multilateral and bilateral fisheries management arrangements,AS,American Samoa,2004,,6,,,,N,units,,,,,N,National,,
DATAFLOW,SPC:DF_CLIMATE_CHANGE(1.0),Climate Change indicators,I,A,Annual,FISH_MNGT_MULT_BILAT_ARGMT,Fisheries management measures in place and multilateral and bilateral fisheries management arrangements,AS,American Samoa,2005,,6,,,,N,units,,,,,N,National,,
DATAFLOW,SPC:DF_CLIMATE_CHANGE(1.0),Climate Change indicators,I,A,Annual,FISH_MNGT_MULT_BILAT_ARGMT,Fisheries management measures in place and multilateral and bilateral fisheries management arrangements,AS,American Samoa,2006,,6,,,,N,units,,,,,N,National,,
DATAFLOW,SPC:DF_CLIMATE_CHANGE(1.0),Climate Change indicators,I,A,Annual,FISH_MNGT_MULT_BILAT_ARGMT,Fisheries management measures in place and multilateral and bilateral fisheries management arrangements,AS,American Samoa,2007,,6,,,,N,units,,,,,N,National,,
DATAFLOW,SPC:DF_CLIMATE_CHANGE(1.0),Climate Change indicators,I,A,Annual,FISH_MNGT_MULT_BILAT_ARGMT,Fisheries management measures in place and multilateral and bilateral fisheries management arrangements,AS,American Samoa,2008,,7,,,,N,units,,,,,N,National,,
DATAFLOW,SPC:DF_CLIMATE_CHANGE(1.0),Climate Change indicators,I,A,Annual,FISH_MNGT_MULT_BILAT_ARGMT,Fisheries management measures in place and multilateral and bilateral fisheries management arrangements,AS,American Samoa,2009,,8,,,,N,units,,,,,N,National,,
DATAFLOW,SPC:DF_CLIMATE_CHANGE(1.0),Climate Change indicators,I,A,Annual,FISH_MNGT_MULT_BILAT_ARGMT,Fisheries management measures in place and multilateral and bilateral fisheries management arrangements,AS,American Samoa,2010,,9,,,,N,units,,,,,N,National,,
DATAFLOW,SPC:DF_CLIMATE_CHANGE(1.0),Climate Change indicators,I,A,Annual,FISH_MNGT_MULT_BILAT_ARGMT,Fisheries management measures in place and multilateral and bilateral fisheries management arrangements,AS,American Samoa,2011,,10,,,,N,units,,,,,N,National,,
DATAFLOW,SPC:DF_CLIMATE_CHANGE(1.0),Climate Change indicators,I,A,Annual,FISH_MNGT_MULT_BILAT_ARGMT,Fisheries management measures in place and multilateral and bilateral fisheries management arrangements,AS,American Samoa,2012,,10,,,,N,units,,,,,N,National,,
DATAFLOW,SPC:DF_CLIMATE_CHANGE(1.0),Climate Change indicators,I,A,Annual,FISH_MNGT_MULT_BILAT_ARGMT,Fisheries management measures in place and multilateral and bilateral fisheries management arrangements,AS,American Samoa,2013,,12,,,,N,units,,,,,N,National,,
DATAFLOW,SPC:DF_CLIMATE_CHANGE(1.0),Climate Change indicators,I,A,Annual,FISH_MNGT_MULT_BILAT_ARGMT,Fisheries management measures in place and multilateral and bilateral fisheries management arrangements,AS,American Samoa,2014,,12,,,,N,units,,,,,N,National,,
DATAFLOW,SPC:DF_CLIMATE_CHANGE(1.0),Climate Change indicators,I,A,Annual,FISH_MNGT_MULT_BILAT_ARGMT,Fisheries management measures in place and multilateral and bilateral fisheries management arrangements,AS,American Samoa,2015,,12,,,,N,units,,,,,N,National,,
DATAFLOW,SPC:DF_CLIMATE_CHANGE(1.0),Climate Change indicators,I,A,Annual,FISH_MNGT_MULT_BILAT_ARGMT,Fisheries management measures in place and multilateral and bilateral fisheries management arrangements,AS,American Samoa,2016,,12,,,,N,units,,,,,N,National,,
DATAFLOW,SPC:DF_CLIMATE_CHANGE(1.0),Climate Change indicators,I,A,Annual,FISH_MNGT_MULT_BILAT_ARGMT,Fisheries management measures in place and multilateral and bilateral fisheries management arrangements,AS,American Samoa,2017,,12,,,,N,units,,,,,N,National,,
DATAFLOW,SPC:DF_CLIMATE_CHANGE(1.0),Climate Change indicators,I,A,Annual,FISH_MNGT_MULT_BILAT_ARGMT,Fisheries management measures in place and multilateral and bilateral fisheries management arrangements,AS,American Samoa,2018,,12,,,,N,units,,,,,N,National,,
DATAFLOW,SPC:DF_CLIMATE_CHANGE(1.0),Climate Change indicators,I,A,Annual,FISH_MNGT_MULT_BILAT_ARGMT,Fisheries management measures in place and multilateral and bilateral fisheries management arrangements,AS,American Samoa,2019,,12,,,,N,units,,,,,N,National,,
DATAFLOW,SPC:DF_CLIMATE_CHANGE(1.0),Climate Change indicators,I,A,Annual,FISH_MNGT_MULT_BILAT_ARGMT,Fisheries management measures in place and multilateral and bilateral fisheries management arrangements,AS,American Samoa,2020,,12,,,,N,units,,,,,N,National,,
DATAFLOW,SPC:DF_CLIMATE_CHANGE(1.0),Climate Change indicators,I,A,Annual,FISH_MNGT_MULT_BILAT_ARGMT,Fisheries management measures in place and multilateral and bilateral fisheries management arrangements,AS,American Samoa,2021,,12,,,,N,units,,,,,N,National,,
DATAFLOW,SPC:DF_CLIMATE_CHANGE(1.0),Climate Change indicators,I,A,Annual,FISH_MNGT_MULT_BILAT_ARGMT,Fisheries management measures in place and multilateral and bilateral fisheries management arrangements,AS,American Samoa,2022,,12,,,,N,units,,,,,N,National,,
DATAFLOW,SPC:DF_CLIMATE_CHANGE(1.0),Climate Change indicators,I,A,Annual,FISH_MNGT_MULT_BILAT_ARGMT,Fisheries management measures in place and multilateral and bilateral fisheries management arrangements,AS,American Samoa,2023,,12,,,,N,units,,,,,N,National,,
DATAFLOW,SPC:DF_CLIMATE_CHANGE(1.0),Climate Change indicators,I,A,Annual,FISH_MNGT_MULT_BILAT_ARGMT,Fisheries management measures in place and multilateral and bilateral fisheries management arrangements,AS,American Samoa,2024,,12,,,,N,units,,,,,N,National,,
DATAFLOW,SPC:DF_CLIMATE_CHANGE(1.0),Climate Change indicators,I,A,Annual,FISH_MNGT_MULT_BILAT_ARGMT,Fisheries management measures in place and multilateral and bilateral fisheries management arrangements,AS,American Samoa,2025,,12,,,,N,units,,,,,N,National,,
DATAFLOW,SPC:DF_CLIMATE_CHANGE(1.0),Climate Change indicators,I,A,Annual,FISH_MNGT_MULT_BILAT_ARGMT,Fisheries management measures in place and multilateral and bilateral fisheries management arrangements,AS,American Samoa,2026,,12,,,,N,units,,,,,N,National,,
DATAFLOW,SPC:DF_CLIMATE_CHANGE(1.0),Climate Change indicators,I,A,Annual,FISH_MNGT_MULT_BILAT_ARGMT,Fisheries management measures in place and multilateral and bilateral fisheries management arrangements,FM,"Micronesia, Federated State of",1966,,1,,,,N,units,,,,,N,National,,
DATAFLOW,SPC:DF_CLIMATE_CHANGE(1.0),Climate Change indicators,I,A,Annual,FISH_MNGT_MULT_BILAT_ARGMT,Fisheries management measures in place and multilateral and bilateral fisheries management arrangements,FM,"Micronesia, Federated State of",1967,,1,,,,N,units,,,,,N,National,,
DATAFLOW,SPC:DF_CLIMATE_CHANGE(1.0),Climate Change indicators,I,A,Annual,FISH_MNGT_MULT_BILAT_ARGMT,Fisheries management measures in place and multilateral and bilateral fisheries management arrangements,FM,"Micronesia, Federated State of",1968,,1,,,,N,units,,,,,N,National,,
DATAFLOW,SPC:DF_CLIMATE_CHANGE(1.0),Climate Change indicators,I,A,Annual,FISH_MNGT_MULT_BILAT_ARGMT,Fisheries management measures in place and multilateral and bilateral fisheries management arrangements,FM,"Micronesia, Federated State of",1969,,2,,,,N,units,,,,,N,National,,
DATAFLOW,SPC:DF_CLIMATE_CHANGE(1.0),Climate Change indicators,I,A,Annual,FISH_MNGT_MULT_BILAT_ARGMT,Fisheries management measures in place and multilateral and bilateral fisheries management arrangements,FM,"Micronesia, Federated State of",1970,,2,,,,N,units,,,,,N,National,,
DATAFLOW,SPC:DF_CLIMATE_CHANGE(1.0),Climate Change indicators,I,A,Annual,FISH_MNGT_MULT_BILAT_ARGMT,Fisheries management measures in place and multilateral and bilateral fisheries management arrangements,FM,"Micronesia, Federated State of",1971,,4,,,,N,units,,,,,N,National,,
DATAFLOW,SPC:DF_CLIMATE_CHANGE(1.0),Climate Change indicators,I,A,Annual,FISH_MNGT_MULT_BILAT_ARGMT,Fisheries management measures in place and multilateral and bilateral fisheries management arrangements,FM,"Micronesia, Federated State of",1972,,4,,,,N,units,,,,,N,National,,
DATAFLOW,SPC:DF_CLIMATE_CHANGE(1.0),Climate Change indicators,I,A,Annual,FISH_MNGT_MULT_BILAT_ARGMT,Fisheries management measures in place and multilateral and bilateral fisheries management arrangements,FM,"Micronesia, Federated State of",1973,,4,,,,N,units,,,,,N,National,,
DATAFLOW,SPC:DF_CLIMATE_CHANGE(1.0),Climate Change indicators,I,A,Annual,FISH_MNGT_MULT_BILAT_ARGMT,Fisheries management measures in place and multilateral and bilateral fisheries management arrangements,FM,"Micronesia, Federated State of",1974,,4,,,,N,units,,,,,N,National,,
DATAFLOW,SPC:DF_CLIMATE_CHANGE(1.0),Climate Change indicators,I,A,Annual,FISH_MNGT_MULT_BILAT_ARGMT,Fisheries management measures in place and multilateral and bilateral fisheries management arrangements,FM,"Micronesia, Federated State of",1975,,4,,,,N,units,,,,,N,National,,
DATAFLOW,SPC:DF_CLIMATE_CHANGE(1.0),Climate Change indicators,I,A,Annual,FISH_MNGT_MULT_BILAT_ARGMT,Fisheries management measures in place and multilateral and bilateral fisheries management arrangements,FM,"Micronesia, Federated State of",1976,,5,,,,N,units,,,,,N,National,,
DATAFLOW,SPC:DF_CLIMATE_CHANGE(1.0),Climate Change indicators,I,A,Annual,FISH_MNGT_MULT_BILAT_ARGMT,Fisheries management measures in place and multilateral and bilateral fisheries management arrangements,FM,"Micronesia, Federated State of",1977,,5,,,,N,units,,,,,N,National,,
DATAFLOW,SPC:DF_CLIMATE_CHANGE(1.0),Climate Change indicators,I,A,Annual,FISH_MNGT_MULT_BILAT_ARGMT,Fisheries management measures in place and multilateral and bilateral fisheries management arrangements,FM,"Micronesia, Federated State of",1978,,6,,,,N,units,,,,,N,National,,
DATAFLOW,SPC:DF_CLIMATE_CHANGE(1.0),Climate Change indicators,I,A,Annual,FISH_MNGT_MULT_BILAT_ARGMT,Fisheries management measures in place and multilateral and bilateral fisheries management arrangements,FM,"Micronesia, Federated State of",1979,,7,,,,N,units,,,,,N,National,,
DATAFLOW,SPC:DF_CLIMATE_CHANGE(1.0),Climate Change indicators,I,A,Annual,FISH_MNGT_MULT_BILAT_ARGMT,Fisheries management measures in place and multilateral and bilateral fisheries management arrangements,FM,"Micronesia, Federated State of",1980,,8,,,,N,units,,,,,N,National,,
DATAFLOW,SPC:DF_CLIMATE_CHANGE(1.0),Climate Change indicators,I,A,Annual,FISH_MNGT_MULT_BILAT_ARGMT,Fisheries management measures in place and multilateral and bilateral fisheries management arrangements,FM,"Micronesia, Federated State of",1981,,9,,,,N,units,,,,,N,National,,
DATAFLOW,SPC:DF_CLIMATE_CHANGE(1.0),Climate Change indicators,I,A,Annual,FISH_MNGT_MULT_BILAT_ARGMT,Fisheries management measures in place and multilateral and bilateral fisheries management arrangements,FM,"Micronesia, Federated State of",1982,,17,,,,N,units,,,,,N,National,,
DATAFLOW,SPC:DF_CLIMATE_CHANGE(1.0),Climate Change indicators,I,A,Annual,FISH_MNGT_MULT_BILAT_ARGMT,Fisheries management measures in place and multilateral and bilateral fisheries management arrangements,FM,"Micronesia, Federated State of",1983,,18,,,,N,units,,,,,N,National,,
DATAFLOW,SPC:DF_CLIMATE_CHANGE(1.0),Climate Change indicators,I,A,Annual,FISH_MNGT_MULT_BILAT_ARGMT,Fisheries management measures in place and multilateral and bilateral fisheries management arrangements,FM,"Micronesia, Federated State of",1984,,19,,,,N,units,,,,,N,National,,
DATAFLOW,SPC:DF_CLIMATE_CHANGE(1.0),Climate Change indicators,I,A,Annual,FISH_MNGT_MULT_BILAT_ARGMT,Fisheries management measures in place and multilateral and bilateral fisheries management arrangements,FM,"Micronesia, Federated State of",1985,,19,,,,N,units,,,,,N,National,,
DATAFLOW,SPC:DF_CLIMATE_CHANGE(1.0),Climate Change indicators,I,A,Annual,FISH_MNGT_MULT_BILAT_ARGMT,Fisheries management measures in place and multilateral and bilateral fisheries management arrangements,FM,"Micronesia, Federated State of",1986,,19,,,,N,units,,,,,N,National,,
DATAFLOW,SPC:DF_CLIMATE_CHANGE(1.0),Climate Change indicators,I,A,Annual,FISH_MNGT_MULT_BILAT_ARGMT,Fisheries management measures in place and multilateral and bilateral fisheries management arrangements,FM,"Micronesia, Federated State of",1987,,21,,,,N,units,,,,,N,National,,
DATAFLOW,SPC:DF_CLIMATE_CHANGE(1.0),Climate Change indicators,I,A,Annual,FISH_MNGT_MULT_BILAT_ARGMT,Fisheries management measures in place and multilateral and bilateral fisheries management arrangements,FM,"Micronesia, Federated State of",1988,,21,,,,N,units,,,,,N,National,,
DATAFLOW,SPC:DF_CLIMATE_CHANGE(1.0),Climate Change indicators,I,A,Annual,FISH_MNGT_MULT_BILAT_ARGMT,Fisheries management measures in place and multilateral and bilateral fisheries management arrangements,FM,"Micronesia, Federated State of",1989,,23,,,,N,units,,,,,N,National,,
DATAFLOW,SPC:DF_CLIMATE_CHANGE(1.0),Climate Change indicators,I,A,Annual,FISH_MNGT_MULT_BILAT_ARGMT,Fisheries management measures in place and multilateral and bilateral fisheries management arrangements,FM,"Micronesia, Federated State of",1990,,29,,,,N,units,,,,,N,National,,
DATAFLOW,SPC:DF_CLIMATE_CHANGE(1.0),Climate Change indicators,I,A,Annual,FISH_MNGT_MULT_BILAT_ARGMT,Fisheries management measures in place and multilateral and bilateral fisheries management arrangements,FM,"Micronesia, Federated State of",1991,,30,,,,N,units,,,,,N,National,,
DATAFLOW,SPC:DF_CLIMATE_CHANGE(1.0),Climate Change indicators,I,A,Annual,FISH_MNGT_MULT_BILAT_ARGMT,Fisheries management measures in place and multilateral and bilateral fisheries management arrangements,FM,"Micronesia, Federated State of",1992,,33,,,,N,units,,,,,N,National,,
DATAFLOW,SPC:DF_CLIMATE_CHANGE(1.0),Climate Change indicators,I,A,Annual,FISH_MNGT_MULT_BILAT_ARGMT,Fisheries management measures in place and multilateral and bilateral fisheries management arrangements,FM,"Micronesia, Federated State of",1993,,33,,,,N,units,,,,,N,National,,
DATAFLOW,SPC:DF_CLIMATE_CHANGE(1.0),Climate Change indicators,I,A,Annual,FISH_MNGT_MULT_BILAT_ARGMT,Fisheries management measures in place and multilateral and bilateral fisheries management arrangements,FM,"Micronesia, Federated State of",1994,,34,,,,N,units,,,,,N,National,,
DATAFLOW,SPC:DF_CLIMATE_CHANGE(1.0),Climate Change indicators,I,A,Annual,FISH_MNGT_MULT_BILAT_ARGMT,Fisheries management measures in place and multilateral and bilateral fisheries management arrangements,FM,"Micronesia, Federated State of",1995,,35,,,,N,units,,,,,N,National,,
DATAFLOW,SPC:DF_CLIMATE_CHANGE(1.0),Climate Change indicators,I,A,Annual,FISH_MNGT_MULT_BILAT_ARGMT,Fisheries management measures in place and multilateral and bilateral fisheries management arrangements,FM,"Micronesia, Federated State of",1996,,35,,,,N,units,,,,,N,National,,
DATAFLOW,SPC:DF_CLIMATE_CHANGE(1.0),Climate Change indicators,I,A,Annual,FISH_MNGT_MULT_BILAT_ARGMT,Fisheries management measures in place and multilateral and bilateral fisheries management arrangements,FM,"Micronesia, Federated State of",1997,,37,,,,N,units,,,,,N,National,,
DATAFLOW,SPC:DF_CLIMATE_CHANGE(1.0),Climate Change indicators,I,A,Annual,FISH_MNGT_MULT_BILAT_ARGMT,Fisheries management measures in place and multilateral and bilateral fisheries management arrangements,FM,"Micronesia, Federated State of",1998,,38,,,,N,units,,,,,N,National,,
DATAFLOW,SPC:DF_CLIMATE_CHANGE(1.0),Climate Change indicators,I,A,Annual,FISH_MNGT_MULT_BILAT_ARGMT,Fisheries management measures in place and multilateral and bilateral fisheries management arrangements,FM,"Micronesia, Federated State of",1999,,38,,,,N,units,,,,,N,National,,
DATAFLOW,SPC:DF_CLIMATE_CHANGE(1.0),Climate Change indicators,I,A,Annual,FISH_MNGT_MULT_BILAT_ARGMT,Fisheries management measures in place and multilateral and bilateral fisheries management arrangements,FM,"Micronesia, Federated State of",2000,,40,,,,N,units,,,,,N,National,,
DATAFLOW,SPC:DF_CLIMATE_CHANGE(1.0),Climate Change indicators,I,A,Annual,FISH_MNGT_MULT_BILAT_ARGMT,Fisheries management measures in place and multilateral and bilateral fisheries management arrangements,FM,"Micronesia, Federated State of",2001,,54,,,,N,units,,,,,N,National,,
DATAFLOW,SPC:DF_CLIMATE_CHANGE(1.0),Climate Change indicators,I,A,Annual,FISH_MNGT_MULT_BILAT_ARGMT,Fisheries management measures in place and multilateral and bilateral fisheries management arrangements,FM,"Micronesia, Federated State of",2002,,55,,,,N,units,,,,,N,National,,
DATAFLOW,SPC:DF_CLIMATE_CHANGE(1.0),Climate Change indicators,I,A,Annual,FISH_MNGT_MULT_BILAT_ARGMT,Fisheries management measures in place and multilateral and bilateral fisheries management arrangements,FM,"Micronesia, Federated State of",2003,,55,,,,N,units,,,,,N,National,,
DATAFLOW,SPC:DF_CLIMATE_CHANGE(1.0),Climate Change indicators,I,A,Annual,FISH_MNGT_MULT_BILAT_ARGMT,Fisheries management measures in place and multilateral and bilateral fisheries management arrangements,FM,"Micronesia, Federated State of",2004,,56,,,,N,units,,,,,N,National,,
DATAFLOW,SPC:DF_CLIMATE_CHANGE(1.0),Climate Change indicators,I,A,Annual,FISH_MNGT_MULT_BILAT_ARGMT,Fisheries management measures in place and multilateral and bilateral fisheries management arrangements,FM,"Micronesia, Federated State of",2005,,57,,,,N,units,,,,,N,National,,
DATAFLOW,SPC:DF_CLIMATE_CHANGE(1.0),Climate Change indicators,I,A,Annual,FISH_MNGT_MULT_BILAT_ARGMT,Fisheries management measures in place and multilateral and bilateral fisheries management arrangements,FM,"Micronesia, Federated State of",2006,,60,,,,N,units,,,,,N,National,,
DATAFLOW,SPC:DF_CLIMATE_CHANGE(1.0),Climate Change indicators,I,A,Annual,FISH_MNGT_MULT_BILAT_ARGMT,Fisheries management measures in place and multilateral and bilateral fisheries management arrangements,FM,"Micronesia, Federated State of",2007,,60,,,,N,units,,,,,N,National,,
DATAFLOW,SPC:DF_CLIMATE_CHANGE(1.0),Climate Change indicators,I,A,Annual,FISH_MNGT_MULT_BILAT_ARGMT,Fisheries management measures in place and multilateral and bilateral fisheries management arrangements,FM,"Micronesia, Federated State of",2008,,60,,,,N,units,,,,,N,National,,
DATAFLOW,SPC:DF_CLIMATE_CHANGE(1.0),Climate Change indicators,I,A,Annual,FISH_MNGT_MULT_BILAT_ARGMT,Fisheries management measures in place and multilateral and bilateral fisheries management arrangements,FM,"Micronesia, Federated State of",2009,,61,,,,N,units,,,,,N,National,,
DATAFLOW,SPC:DF_CLIMATE_CHANGE(1.0),Climate Change indicators,I,A,Annual,FISH_MNGT_MULT_BILAT_ARGMT,Fisheries management measures in place and multilateral and bilateral fisheries management arrangements,FM,"Micronesia, Federated State of",2010,,62,,,,N,units,,,,,N,National,,
DATAFLOW,SPC:DF_CLIMATE_CHANGE(1.0),Climate Change indicators,I,A,Annual,FISH_MNGT_MULT_BILAT_ARGMT,Fisheries management measures in place and multilateral and bilateral fisheries management arrangements,FM,"Micronesia, Federated State of",2011,,63,,,,N,units,,,,,N,National,,
DATAFLOW,SPC:DF_CLIMATE_CHANGE(1.0),Climate Change indicators,I,A,Annual,FISH_MNGT_MULT_BILAT_ARGMT,Fisheries management measures in place and multilateral and bilateral fisheries management arrangements,FM,"Micronesia, Federated State of",2012,,64,,,,N,units,,,,,N,National,,
DATAFLOW,SPC:DF_CLIMATE_CHANGE(1.0),Climate Change indicators,I,A,Annual,FISH_MNGT_MULT_BILAT_ARGMT,Fisheries management measures in place and multilateral and bilateral fisheries management arrangements,FM,"Micronesia, Federated State of",2013,,64,,,,N,units,,,,,N,National,,
DATAFLOW,SPC:DF_CLIMATE_CHANGE(1.0),Climate Change indicators,I,A,Annual,FISH_MNGT_MULT_BILAT_ARGMT,Fisheries management measures in place and multilateral and bilateral fisheries management arrangements,FM,"Micronesia, Federated State of",2014,,64,,,,N,units,,,,,N,National,,
DATAFLOW,SPC:DF_CLIMATE_CHANGE(1.0),Climate Change indicators,I,A,Annual,FISH_MNGT_MULT_BILAT_ARGMT,Fisheries management measures in place and multilateral and bilateral fisheries management arrangements,FM,"Micronesia, Federated State of",2015,,70,,,,N,units,,,,,N,National,,
DATAFLOW,SPC:DF_CLIMATE_CHANGE(1.0),Climate Change indicators,I,A,Annual,FISH_MNGT_MULT_BILAT_ARGMT,Fisheries management measures in place and multilateral and bilateral fisheries management arrangements,FM,"Micronesia, Federated State of",2016,,71,,,,N,units,,,,,N,National,,
DATAFLOW,SPC:DF_CLIMATE_CHANGE(1.0),Climate Change indicators,I,A,Annual,FISH_MNGT_MULT_BILAT_ARGMT,Fisheries management measures in place and multilateral and bilateral fisheries management arrangements,FM,"Micronesia, Federated State of",2017,,71,,,,N,units,,,,,N,National,,
DATAFLOW,SPC:DF_CLIMATE_CHANGE(1.0),Climate Change indicators,I,A,Annual,FISH_MNGT_MULT_BILAT_ARGMT,Fisheries management measures in place and multilateral and bilateral fisheries management arrangements,FM,"Micronesia, Federated State of",2018,,71,,,,N,units,,,,,N,National,,
DATAFLOW,SPC:DF_CLIMATE_CHANGE(1.0),Climate Change indicators,I,A,Annual,FISH_MNGT_MULT_BILAT_ARGMT,Fisheries management measures in place and multilateral and bilateral fisheries management arrangements,FM,"Micronesia, Federated State of",2019,,71,,,,N,units,,,,,N,National,,
DATAFLOW,SPC:DF_CLIMATE_CHANGE(1.0),Climate Change indicators,I,A,Annual,FISH_MNGT_MULT_BILAT_ARGMT,Fisheries management measures in place and multilateral and bilateral fisheries management arrangements,FM,"Micronesia, Federated State of",2020,,73,,,,N,units,,,,,N,National,,
DATAFLOW,SPC:DF_CLIMATE_CHANGE(1.0),Climate Change indicators,I,A,Annual,FISH_MNGT_MULT_BILAT_ARGMT,Fisheries management measures in place and multilateral and bilateral fisheries management arrangements,FM,"Micronesia, Federated State of",2021,,73,,,,N,units,,,,,N,National,,
DATAFLOW,SPC:DF_CLIMATE_CHANGE(1.0),Climate Change indicators,I,A,Annual,FISH_MNGT_MULT_BILAT_ARGMT,Fisheries management measures in place and multilateral and bilateral fisheries management arrangements,FM,"Micronesia, Federated State of",2022,,73,,,,N,units,,,,,N,National,,
DATAFLOW,SPC:DF_CLIMATE_CHANGE(1.0),Climate Change indicators,I,A,Annual,FISH_MNGT_MULT_BILAT_ARGMT,Fisheries management measures in place and multilateral and bilateral fisheries management arrangements,FM,"Micronesia, Federated State of",2023,,73,,,,N,units,,,,,N,National,,
DATAFLOW,SPC:DF_CLIMATE_CHANGE(1.0),Climate Change indicators,I,A,Annual,FISH_MNGT_MULT_BILAT_ARGMT,Fisheries management measures in place and multilateral and bilateral fisheries management arrangements,FM,"Micronesia, Federated State of",2024,,73,,,,N,units,,,,,N,National,,
DATAFLOW,SPC:DF_CLIMATE_CHANGE(1.0),Climate Change indicators,I,A,Annual,FISH_MNGT_MULT_BILAT_ARGMT,Fisheries management measures in place and multilateral and bilateral fisheries management arrangements,FM,"Micronesia, Federated State of",2025,,73,,,,N,units,,,,,N,National,,
DATAFLOW,SPC:DF_CLIMATE_CHANGE(1.0),Climate Change indicators,I,A,Annual,FISH_MNGT_MULT_BILAT_ARGMT,Fisheries management measures in place and multilateral and bilateral fisheries management arrangements,FM,"Micronesia, Federated State of",2026,,73,,,,N,units,,,,,N,National,,
DATAFLOW,SPC:DF_CLIMATE_CHANGE(1.0),Climate Change indicators,I,A,Annual,FISH_MNGT_MULT_BILAT_ARGMT,Fisheries management measures in place and multilateral and bilateral fisheries management arrangements,NR,Naoero,1936,,1,,,,N,units,,,,,N,National,,
DATAFLOW,SPC:DF_CLIMATE_CHANGE(1.0),Climate Change indicators,I,A,Annual,FISH_MNGT_MULT_BILAT_ARGMT,Fisheries management measures in place and multilateral and bilateral fisheries management arrangements,NR,Naoero,1937,,1,,,,N,units,,,,,N,National,,
DATAFLOW,SPC:DF_CLIMATE_CHANGE(1.0),Climate Change indicators,I,A,Annual,FISH_MNGT_MULT_BILAT_ARGMT,Fisheries management measures in place and multilateral and bilateral fisheries management arrangements,NR,Naoero,1938,,1,,,,N,units,,,,,N,National,,
DATAFLOW,SPC:DF_CLIMATE_CHANGE(1.0),Climate Change indicators,I,A,Annual,FISH_MNGT_MULT_BILAT_ARGMT,Fisheries management measures in place and multilateral and bilateral fisheries management arrangements,NR,Naoero,1939,,1,,,,N,units,,,,,N,National,,
DATAFLOW,SPC:DF_CLIMATE_CHANGE(1.0),Climate Change indicators,I,A,Annual,FISH_MNGT_MULT_BILAT_ARGMT,Fisheries management measures in place and multilateral and bilateral fisheries management arrangements,NR,Naoero,1940,,1,,,,N,units,,,,,N,National,,
DATAFLOW,SPC:DF_CLIMATE_CHANGE(1.0),Climate Change indicators,I,A,Annual,FISH_MNGT_MULT_BILAT_ARGMT,Fisheries management measures in place and multilateral and bilateral fisheries management arrangements,NR,Naoero,1941,,1,,,,N,units,,,,,N,National,,
DATAFLOW,SPC:DF_CLIMATE_CHANGE(1.0),Climate Change indicators,I,A,Annual,FISH_MNGT_MULT_BILAT_ARGMT,Fisheries management measures in place and multilateral and bilateral fisheries management arrangements,NR,Naoero,1942,,1,,,,N,units,,,,,N,National,,
DATAFLOW,SPC:DF_CLIMATE_CHANGE(1.0),Climate Change indicators,I,A,Annual,FISH_MNGT_MULT_BILAT_ARGMT,Fisheries management measures in place and multilateral and bilateral fisheries management arrangements,NR,Naoero,1943,,1,,,,N,units,,,,,N,National,,
DATAFLOW,SPC:DF_CLIMATE_CHANGE(1.0),Climate Change indicators,I,A,Annual,FISH_MNGT_MULT_BILAT_ARGMT,Fisheries management measures in place and multilateral and bilateral fisheries management arrangements,NR,Naoero,1944,,1,,,,N,units,,,,,N,National,,
DATAFLOW,SPC:DF_CLIMATE_CHANGE(1.0),Climate Change indicators,I,A,Annual,FISH_MNGT_MULT_BILAT_ARGMT,Fisheries management measures in place and multilateral and bilateral fisheries management arrangements,NR,Naoero,1945,,1,,,,N,units,,,,,N,National,,
DATAFLOW,SPC:DF_CLIMATE_CHANGE(1.0),Climate Change indicators,I,A,Annual,FISH_MNGT_MULT_BILAT_ARGMT,Fisheries management measures in place and multilateral and bilateral fisheries management arrangements,NR,Naoero,1946,,1,,,,N,units,,,,,N,National,,
DATAFLOW,SPC:DF_CLIMATE_CHANGE(1.0),Climate Change indicators,I,A,Annual,FISH_MNGT_MULT_BILAT_ARGMT,Fisheries management measures in place and multilateral and bilateral fisheries management arrangements,NR,Naoero,1947,,1,,,,N,units,,,,,N,National,,
DATAFLOW,SPC:DF_CLIMATE_CHANGE(1.0),Climate Change indicators,I,A,Annual,FISH_MNGT_MULT_BILAT_ARGMT,Fisheries management measures in place and multilateral and bilateral fisheries management arrangements,NR,Naoero,1948,,1,,,,N,units,,,,,N,National,,
DATAFLOW,SPC:DF_CLIMATE_CHANGE(1.0),Climate Change indicators,I,A,Annual,FISH_MNGT_MULT_BILAT_ARGMT,Fisheries management measures in place and multilateral and bilateral fisheries management arrangements,NR,Naoero,1949,,1,,,,N,units,,,,,N,National,,
DATAFLOW,SPC:DF_CLIMATE_CHANGE(1.0),Climate Change indicators,I,A,Annual,FISH_MNGT_MULT_BILAT_ARGMT,Fisheries management measures in place and multilateral and bilateral fisheries management arrangements,NR,Naoero,1950,,1,,,,N,units,,,,,N,National,,
DATAFLOW,SPC:DF_CLIMATE_CHANGE(1.0),Climate Change indicators,I,A,Annual,FISH_MNGT_MULT_BILAT_ARGMT,Fisheries management measures in place and multilateral and bilateral fisheries management arrangements,NR,Naoero,1951,,1,,,,N,units,,,,,N,National,,
DATAFLOW,SPC:DF_CLIMATE_CHANGE(1.0),Climate Change indicators,I,A,Annual,FISH_MNGT_MULT_BILAT_ARGMT,Fisheries management measures in place and multilateral and bilateral fisheries management arrangements,NR,Naoero,1952,,1,,,,N,units,,,,,N,National,,
DATAFLOW,SPC:DF_CLIMATE_CHANGE(1.0),Climate Change indicators,I,A,Annual,FISH_MNGT_MULT_BILAT_ARGMT,Fisheries management measures in place and multilateral and bilateral fisheries management arrangements,NR,Naoero,1953,,1,,,,N,units,,,,,N,National,,
DATAFLOW,SPC:DF_CLIMATE_CHANGE(1.0),Climate Change indicators,I,A,Annual,FISH_MNGT_MULT_BILAT_ARGMT,Fisheries management measures in place and multilateral and bilateral fisheries management arrangements,NR,Naoero,1954,,1,,,,N,units,,,,,N,National,,
DATAFLOW,SPC:DF_CLIMATE_CHANGE(1.0),Climate Change indicators,I,A,Annual,FISH_MNGT_MULT_BILAT_ARGMT,Fisheries management measures in place and multilateral and bilateral fisheries management arrangements,NR,Naoero,1955,,1,,,,N,units,,,,,N,National,,
DATAFLOW,SPC:DF_CLIMATE_CHANGE(1.0),Climate Change indicators,I,A,Annual,FISH_MNGT_MULT_BILAT_ARGMT,Fisheries management measures in place and multilateral and bilateral fisheries management arrangements,NR,Naoero,1956,,1,,,,N,units,,,,,N,National,,
DATAFLOW,SPC:DF_CLIMATE_CHANGE(1.0),Climate Change indicators,I,A,Annual,FISH_MNGT_MULT_BILAT_ARGMT,Fisheries management measures in place and multilateral and bilateral fisheries management arrangements,NR,Naoero,1957,,1,,,,N,units,,,,,N,National,,
DATAFLOW,SPC:DF_CLIMATE_CHANGE(1.0),Climate Change indicators,I,A,Annual,FISH_MNGT_MULT_BILAT_ARGMT,Fisheries management measures in place and multilateral and bilateral fisheries management arrangements,NR,Naoero,1958,,1,,,,N,units,,,,,N,National,,
DATAFLOW,SPC:DF_CLIMATE_CHANGE(1.0),Climate Change indicators,I,A,Annual,FISH_MNGT_MULT_BILAT_ARGMT,Fisheries management measures in place and multilateral and bilateral fisheries management arrangements,NR,Naoero,1959,,1,,,,N,units,,,,,N,National,,
DATAFLOW,SPC:DF_CLIMATE_CHANGE(1.0),Climate Change indicators,I,A,Annual,FISH_MNGT_MULT_BILAT_ARGMT,Fisheries management measures in place and multilateral and bilateral fisheries management arrangements,NR,Naoero,1960,,1,,,,N,units,,,,,N,National,,
DATAFLOW,SPC:DF_CLIMATE_CHANGE(1.0),Climate Change indicators,I,A,Annual,FISH_MNGT_MULT_BILAT_ARGMT,Fisheries management measures in place and multilateral and bilateral fisheries management arrangements,NR,Naoero,1961,,1,,,,N,units,,,,,N,National,,
DATAFLOW,SPC:DF_CLIMATE_CHANGE(1.0),Climate Change indicators,I,A,Annual,FISH_MNGT_MULT_BILAT_ARGMT,Fisheries management measures in place and multilateral and bilateral fisheries management arrangements,NR,Naoero,1962,,1,,,,N,units,,,,,N,National,,
DATAFLOW,SPC:DF_CLIMATE_CHANGE(1.0),Climate Change indicators,I,A,Annual,FISH_MNGT_MULT_BILAT_ARGMT,Fisheries management measures in place and multilateral and bilateral fisheries management arrangements,NR,Naoero,1963,,1,,,,N,units,,,,,N,National,,
DATAFLOW,SPC:DF_CLIMATE_CHANGE(1.0),Climate Change indicators,I,A,Annual,FISH_MNGT_MULT_BILAT_ARGMT,Fisheries management measures in place and multilateral and bilateral fisheries management arrangements,NR,Naoero,1964,,1,,,,N,units,,,,,N,National,,
DATAFLOW,SPC:DF_CLIMATE_CHANGE(1.0),Climate Change indicators,I,A,Annual,FISH_MNGT_MULT_BILAT_ARGMT,Fisheries management measures in place and multilateral and bilateral fisheries management arrangements,NR,Naoero,1965,,1,,,,N,units,,,,,N,National,,
DATAFLOW,SPC:DF_CLIMATE_CHANGE(1.0),Climate Change indicators,I,A,Annual,FISH_MNGT_MULT_BILAT_ARGMT,Fisheries management measures in place and multilateral and bilateral fisheries management arrangements,NR,Naoero,1966,,1,,,,N,units,,,,,N,National,,
DATAFLOW,SPC:DF_CLIMATE_CHANGE(1.0),Climate Change indicators,I,A,Annual,FISH_MNGT_MULT_BILAT_ARGMT,Fisheries management measures in place and multilateral and bilateral fisheries management arrangements,NR,Naoero,1967,,1,,,,N,units,,,,,N,National,,
DATAFLOW,SPC:DF_CLIMATE_CHANGE(1.0),Climate Change indicators,I,A,Annual,FISH_MNGT_MULT_BILAT_ARGMT,Fisheries management measures in place and multilateral and bilateral fisheries management arrangements,NR,Naoero,1968,,1,,,,N,units,,,,,N,National,,
DATAFLOW,SPC:DF_CLIMATE_CHANGE(1.0),Climate Change indicators,I,A,Annual,FISH_MNGT_MULT_BILAT_ARGMT,Fisheries management measures in place and multilateral and bilateral fisheries management arrangements,NR,Naoero,1969,,1,,,,N,units,,,,,N,National,,
DATAFLOW,SPC:DF_CLIMATE_CHANGE(1.0),Climate Change indicators,I,A,Annual,FISH_MNGT_MULT_BILAT_ARGMT,Fisheries management measures in place and multilateral and bilateral fisheries management arrangements,NR,Naoero,1970,,1,,,,N,units,,,,,N,National,,
DATAFLOW,SPC:DF_CLIMATE_CHANGE(1.0),Climate Change indicators,I,A,Annual,FISH_MNGT_MULT_BILAT_ARGMT,Fisheries management measures in place and multilateral and bilateral fisheries management arrangements,NR,Naoero,1971,,1,,,,N,units,,,,,N,National,,
DATAFLOW,SPC:DF_CLIMATE_CHANGE(1.0),Climate Change indicators,I,A,Annual,FISH_MNGT_MULT_BILAT_ARGMT,Fisheries management measures in place and multilateral and bilateral fisheries management arrangements,NR,Naoero,1972,,1,,,,N,units,,,,,N,National,,
DATAFLOW,SPC:DF_CLIMATE_CHANGE(1.0),Climate Change indicators,I,A,Annual,FISH_MNGT_MULT_BILAT_ARGMT,Fisheries management measures in place and multilateral and bilateral fisheries management arrangements,NR,Naoero,1973,,1,,,,N,units,,,,,N,National,,
DATAFLOW,SPC:DF_CLIMATE_CHANGE(1.0),Climate Change indicators,I,A,Annual,FISH_MNGT_MULT_BILAT_ARGMT,Fisheries management measures in place and multilateral and bilateral fisheries management arrangements,NR,Naoero,1974,,1,,,,N,units,,,,,N,National,,
DATAFLOW,SPC:DF_CLIMATE_CHANGE(1.0),Climate Change indicators,I,A,Annual,FISH_MNGT_MULT_BILAT_ARGMT,Fisheries management measures in place and multilateral and bilateral fisheries management arrangements,NR,Naoero,1975,,1,,,,N,units,,,,,N,National,,
DATAFLOW,SPC:DF_CLIMATE_CHANGE(1.0),Climate Change indicators,I,A,Annual,FISH_MNGT_MULT_BILAT_ARGMT,Fisheries management measures in place and multilateral and bilateral fisheries management arrangements,NR,Naoero,1976,,1,,,,N,units,,,,,N,National,,
DATAFLOW,SPC:DF_CLIMATE_CHANGE(1.0),Climate Change indicators,I,A,Annual,FISH_MNGT_MULT_BILAT_ARGMT,Fisheries management measures in place and multilateral and bilateral fisheries management arrangements,NR,Naoero,1977,,1,,,,N,units,,,,,N,National,,
DATAFLOW,SPC:DF_CLIMATE_CHANGE(1.0),Climate Change indicators,I,A,Annual,FISH_MNGT_MULT_BILAT_ARGMT,Fisheries management measures in place and multilateral and bilateral fisheries management arrangements,NR,Naoero,1978,,2,,,,N,units,,,,,N,National,,
DATAFLOW,SPC:DF_CLIMATE_CHANGE(1.0),Climate Change indicators,I,A,Annual,FISH_MNGT_MULT_BILAT_ARGMT,Fisheries management measures in place and multilateral and bilateral fisheries management arrangements,NR,Naoero,1979,,3,,,,N,units,,,,,N,National,,
DATAFLOW,SPC:DF_CLIMATE_CHANGE(1.0),Climate Change indicators,I,A,Annual,FISH_MNGT_MULT_BILAT_ARGMT,Fisheries management measures in place and multilateral and bilateral fisheries management arrangements,NR,Naoero,1980,,3,,,,N,units,,,,,N,National,,
DATAFLOW,SPC:DF_CLIMATE_CHANGE(1.0),Climate Change indicators,I,A,Annual,FISH_MNGT_MULT_BILAT_ARGMT,Fisheries management measures in place and multilateral and bilateral fisheries management arrangements,NR,Naoero,1981,,3,,,,N,units,,,,,N,National,,
DATAFLOW,SPC:DF_CLIMATE_CHANGE(1.0),Climate Change indicators,I,A,Annual,FISH_MNGT_MULT_BILAT_ARGMT,Fisheries management measures in place and multilateral and bilateral fisheries management arrangements,NR,Naoero,1982,,4,,,,N,units,,,,,N,National,,
DATAFLOW,SPC:DF_CLIMATE_CHANGE(1.0),Climate Change indicators,I,A,Annual,FISH_MNGT_MULT_BILAT_ARGMT,Fisheries management measures in place and multilateral and bilateral fisheries management arrangements,NR,Naoero,1983,,4,,,,N,units,,,,,N,National,,
DATAFLOW,SPC:DF_CLIMATE_CHANGE(1.0),Climate Change indicators,I,A,Annual,FISH_MNGT_MULT_BILAT_ARGMT,Fisheries management measures in place and multilateral and bilateral fisheries management arrangements,NR,Naoero,1984,,4,,,,N,units,,,,,N,National,,
DATAFLOW,SPC:DF_CLIMATE_CHANGE(1.0),Climate Change indicators,I,A,Annual,FISH_MNGT_MULT_BILAT_ARGMT,Fisheries management measures in place and multilateral and bilateral fisheries management arrangements,NR,Naoero,1985,,4,,,,N,units,,,,,N,National,,
DATAFLOW,SPC:DF_CLIMATE_CHANGE(1.0),Climate Change indicators,I,A,Annual,FISH_MNGT_MULT_BILAT_ARGMT,Fisheries management measures in place and multilateral and bilateral fisheries management arrangements,NR,Naoero,1986,,4,,,,N,units,,,,,N,National,,
DATAFLOW,SPC:DF_CLIMATE_CHANGE(1.0),Climate Change indicators,I,A,Annual,FISH_MNGT_MULT_BILAT_ARGMT,Fisheries management measures in place and multilateral and bilateral fisheries management arrangements,NR,Naoero,1987,,5,,,,N,units,,,,,N,National,,
DATAFLOW,SPC:DF_CLIMATE_CHANGE(1.0),Climate Change indicators,I,A,Annual,FISH_MNGT_MULT_BILAT_ARGMT,Fisheries management measures in place and multilateral and bilateral fisheries management arrangements,NR,Naoero,1988,,5,,,,N,units,,,,,N,National,,
DATAFLOW,SPC:DF_CLIMATE_CHANGE(1.0),Climate Change indicators,I,A,Annual,FISH_MNGT_MULT_BILAT_ARGMT,Fisheries management measures in place and multilateral and bilateral fisheries management arrangements,NR,Naoero,1989,,6,,,,N,units,,,,,N,National,,
DATAFLOW,SPC:DF_CLIMATE_CHANGE(1.0),Climate Change indicators,I,A,Annual,FISH_MNGT_MULT_BILAT_ARGMT,Fisheries management measures in place and multilateral and bilateral fisheries management arrangements,NR,Naoero,1990,,10,,,,N,units,,,,,N,National,,
DATAFLOW,SPC:DF_CLIMATE_CHANGE(1.0),Climate Change indicators,I,A,Annual,FISH_MNGT_MULT_BILAT_ARGMT,Fisheries management measures in place and multilateral and bilateral fisheries management arrangements,NR,Naoero,1991,,10,,,,N,units,,,,,N,National,,
DATAFLOW,SPC:DF_CLIMATE_CHANGE(1.0),Climate Change indicators,I,A,Annual,FISH_MNGT_MULT_BILAT_ARGMT,Fisheries management measures in place and multilateral and bilateral fisheries management arrangements,NR,Naoero,1992,,12,,,,N,units,,,,,N,National,,
DATAFLOW,SPC:DF_CLIMATE_CHANGE(1.0),Climate Change indicators,I,A,Annual,FISH_MNGT_MULT_BILAT_ARGMT,Fisheries management measures in place and multilateral and bilateral fisheries management arrangements,NR,Naoero,1993,,12,,,,N,units,,,,,N,National,,
DATAFLOW,SPC:DF_CLIMATE_CHANGE(1.0),Climate Change indicators,I,A,Annual,FISH_MNGT_MULT_BILAT_ARGMT,Fisheries management measures in place and multilateral and bilateral fisheries management arrangements,NR,Naoero,1994,,13,,,,N,units,,,,,N,National,,
DATAFLOW,SPC:DF_CLIMATE_CHANGE(1.0),Climate Change indicators,I,A,Annual,FISH_MNGT_MULT_BILAT_ARGMT,Fisheries management measures in place and multilateral and bilateral fisheries management arrangements,NR,Naoero,1995,,13,,,,N,units,,,,,N,National,,
DATAFLOW,SPC:DF_CLIMATE_CHANGE(1.0),Climate Change indicators,I,A,Annual,FISH_MNGT_MULT_BILAT_ARGMT,Fisheries management measures in place and multilateral and bilateral fisheries management arrangements,NR,Naoero,1996,,13,,,,N,units,,,,,N,National,,
DATAFLOW,SPC:DF_CLIMATE_CHANGE(1.0),Climate Change indicators,I,A,Annual,FISH_MNGT_MULT_BILAT_ARGMT,Fisheries management measures in place and multilateral and bilateral fisheries management arrangements,NR,Naoero,1997,,15,,,,N,units,,,,,N,National,,
DATAFLOW,SPC:DF_CLIMATE_CHANGE(1.0),Climate Change indicators,I,A,Annual,FISH_MNGT_MULT_BILAT_ARGMT,Fisheries management measures in place and multilateral and bilateral fisheries management arrangements,NR,Naoero,1998,,16,,,,N,units,,,,,N,National,,
DATAFLOW,SPC:DF_CLIMATE_CHANGE(1.0),Climate Change indicators,I,A,Annual,FISH_MNGT_MULT_BILAT_ARGMT,Fisheries management measures in place and multilateral and bilateral fisheries management arrangements,NR,Naoero,1999,,16,,,,N,units,,,,,N,National,,
DATAFLOW,SPC:DF_CLIMATE_CHANGE(1.0),Climate Change indicators,I,A,Annual,FISH_MNGT_MULT_BILAT_ARGMT,Fisheries management measures in place and multilateral and bilateral fisheries management arrangements,NR,Naoero,2000,,17,,,,N,units,,,,,N,National,,
DATAFLOW,SPC:DF_CLIMATE_CHANGE(1.0),Climate Change indicators,I,A,Annual,FISH_MNGT_MULT_BILAT_ARGMT,Fisheries management measures in place and multilateral and bilateral fisheries management arrangements,NR,Naoero,2001,,17,,,,N,units,,,,,N,National,,
DATAFLOW,SPC:DF_CLIMATE_CHANGE(1.0),Climate Change indicators,I,A,Annual,FISH_MNGT_MULT_BILAT_ARGMT,Fisheries management measures in place and multilateral and bilateral fisheries management arrangements,NR,Naoero,2002,,17,,,,N,units,,,,,N,National,,
DATAFLOW,SPC:DF_CLIMATE_CHANGE(1.0),Climate Change indicators,I,A,Annual,FISH_MNGT_MULT_BILAT_ARGMT,Fisheries management measures in place and multilateral and bilateral fisheries management arrangements,NR,Naoero,2003,,17,,,,N,units,,,,,N,National,,
DATAFLOW,SPC:DF_CLIMATE_CHANGE(1.0),Climate Change indicators,I,A,Annual,FISH_MNGT_MULT_BILAT_ARGMT,Fisheries management measures in place and multilateral and bilateral fisheries management arrangements,NR,Naoero,2004,,17,,,,N,units,,,,,N,National,,
DATAFLOW,SPC:DF_CLIMATE_CHANGE(1.0),Climate Change indicators,I,A,Annual,FISH_MNGT_MULT_BILAT_ARGMT,Fisheries management measures in place and multilateral and bilateral fisheries management arrangements,NR,Naoero,2005,,18,,,,N,units,,,,,N,National,,
DATAFLOW,SPC:DF_CLIMATE_CHANGE(1.0),Climate Change indicators,I,A,Annual,FISH_MNGT_MULT_BILAT_ARGMT,Fisheries management measures in place and multilateral and bilateral fisheries management arrangements,NR,Naoero,2006,,18,,,,N,units,,,,,N,National,,
DATAFLOW,SPC:DF_CLIMATE_CHANGE(1.0),Climate Change indicators,I,A,Annual,FISH_MNGT_MULT_BILAT_ARGMT,Fisheries management measures in place and multilateral and bilateral fisheries management arrangements,NR,Naoero,2007,,18,,,,N,units,,,,,N,National,,
DATAFLOW,SPC:DF_CLIMATE_CHANGE(1.0),Climate Change indicators,I,A,Annual,FISH_MNGT_MULT_BILAT_ARGMT,Fisheries management measures in place and multilateral and bilateral fisheries management arrangements,NR,Naoero,2008,,18,,,,N,units,,,,,N,National,,
DATAFLOW,SPC:DF_CLIMATE_CHANGE(1.0),Climate Change indicators,I,A,Annual,FISH_MNGT_MULT_BILAT_ARGMT,Fisheries management measures in place and multilateral and bilateral fisheries management arrangements,NR,Naoero,2009,,20,,,,N,units,,,,,N,National,,
DATAFLOW,SPC:DF_CLIMATE_CHANGE(1.0),Climate Change indicators,I,A,Annual,FISH_MNGT_MULT_BILAT_ARGMT,Fisheries management measures in place and multilateral and bilateral fisheries management arrangements,NR,Naoero,2010,,22,,,,N,units,,,,,N,National,,
DATAFLOW,SPC:DF_CLIMATE_CHANGE(1.0),Climate Change indicators,I,A,Annual,FISH_MNGT_MULT_BILAT_ARGMT,Fisheries management measures in place and multilateral and bilateral fisheries management arrangements,NR,Naoero,2011,,23,,,,N,units,,,,,N,National,,
DATAFLOW,SPC:DF_CLIMATE_CHANGE(1.0),Climate Change indicators,I,A,Annual,FISH_MNGT_MULT_BILAT_ARGMT,Fisheries management measures in place and multilateral and bilateral fisheries management arrangements,NR,Naoero,2012,,24,,,,N,units,,,,,N,National,,
DATAFLOW,SPC:DF_CLIMATE_CHANGE(1.0),Climate Change indicators,I,A,Annual,FISH_MNGT_MULT_BILAT_ARGMT,Fisheries management measures in place and multilateral and bilateral fisheries management arrangements,NR,Naoero,2013,,24,,,,N,units,,,,,N,National,,
DATAFLOW,SPC:DF_CLIMATE_CHANGE(1.0),Climate Change indicators,I,A,Annual,FISH_MNGT_MULT_BILAT_ARGMT,Fisheries management measures in place and multilateral and bilateral fisheries management arrangements,NR,Naoero,2014,,24,,,,N,units,,,,,N,National,,
DATAFLOW,SPC:DF_CLIMATE_CHANGE(1.0),Climate Change indicators,I,A,Annual,FISH_MNGT_MULT_BILAT_ARGMT,Fisheries management measures in place and multilateral and bilateral fisheries management arrangements,NR,Naoero,2015,,27,,,,N,units,,,,,N,National,,
DATAFLOW,SPC:DF_CLIMATE_CHANGE(1.0),Climate Change indicators,I,A,Annual,FISH_MNGT_MULT_BILAT_ARGMT,Fisheries management measures in place and multilateral and bilateral fisheries management arrangements,NR,Naoero,2016,,28,,,,N,units,,,,,N,National,,
DATAFLOW,SPC:DF_CLIMATE_CHANGE(1.0),Climate Change indicators,I,A,Annual,FISH_MNGT_MULT_BILAT_ARGMT,Fisheries management measures in place and multilateral and bilateral fisheries management arrangements,NR,Naoero,2017,,29,,,,N,units,,,,,N,National,,
DATAFLOW,SPC:DF_CLIMATE_CHANGE(1.0),Climate Change indicators,I,A,Annual,FISH_MNGT_MULT_BILAT_ARGMT,Fisheries management measures in place and multilateral and bilateral fisheries management arrangements,NR,Naoero,2018,,29,,,,N,units,,,,,N,National,,
DATAFLOW,SPC:DF_CLIMATE_CHANGE(1.0),Climate Change indicators,I,A,Annual,FISH_MNGT_MULT_BILAT_ARGMT,Fisheries management measures in place and multilateral and bilateral fisheries management arrangements,NR,Naoero,2019,,29,,,,N,units,,,,,N,National,,
DATAFLOW,SPC:DF_CLIMATE_CHANGE(1.0),Climate Change indicators,I,A,Annual,FISH_MNGT_MULT_BILAT_ARGMT,Fisheries management measures in place and multilateral and bilateral fisheries management arrangements,NR,Naoero,2020,,31,,,,N,units,,,,,N,National,,
DATAFLOW,SPC:DF_CLIMATE_CHANGE(1.0),Climate Change indicators,I,A,Annual,FISH_MNGT_MULT_BILAT_ARGMT,Fisheries management measures in place and multilateral and bilateral fisheries management arrangements,NR,Naoero,2021,,31,,,,N,units,,,,,N,National,,
DATAFLOW,SPC:DF_CLIMATE_CHANGE(1.0),Climate Change indicators,I,A,Annual,FISH_MNGT_MULT_BILAT_ARGMT,Fisheries management measures in place and multilateral and bilateral fisheries management arrangements,NR,Naoero,2022,,31,,,,N,units,,,,,N,National,,
DATAFLOW,SPC:DF_CLIMATE_CHANGE(1.0),Climate Change indicators,I,A,Annual,FISH_MNGT_MULT_BILAT_ARGMT,Fisheries management measures in place and multilateral and bilateral fisheries management arrangements,NR,Naoero,2023,,31,,,,N,units,,,,,N,National,,
DATAFLOW,SPC:DF_CLIMATE_CHANGE(1.0),Climate Change indicators,I,A,Annual,FISH_MNGT_MULT_BILAT_ARGMT,Fisheries management measures in place and multilateral and bilateral fisheries management arrangements,NR,Naoero,2024,,32,,,,N,units,,,,,N,National,,
DATAFLOW,SPC:DF_CLIMATE_CHANGE(1.0),Climate Change indicators,I,A,Annual,FISH_MNGT_MULT_BILAT_ARGMT,Fisheries management measures in place and multilateral and bilateral fisheries management arrangements,NR,Naoero,2025,,32,,,,N,units,,,,,N,National,,
DATAFLOW,SPC:DF_CLIMATE_CHANGE(1.0),Climate Change indicators,I,A,Annual,FISH_MNGT_MULT_BILAT_ARGMT,Fisheries management measures in place and multilateral and bilateral fisheries management arrangements,NR,Naoero,2026,,32,,,,N,units,,,,,N,National,,
DATAFLOW,SPC:DF_CLIMATE_CHANGE(1.0),Climate Change indicators,I,A,Annual,FISH_MNGT_MULT_BILAT_ARGMT,Fisheries management measures in place and multilateral and bilateral fisheries management arrangements,NU,Niue,1964,,1,,,,N,units,,,,,N,National,,
DATAFLOW,SPC:DF_CLIMATE_CHANGE(1.0),Climate Change indicators,I,A,Annual,FISH_MNGT_MULT_BILAT_ARGMT,Fisheries management measures in place and multilateral and bilateral fisheries management arrangements,NU,Niue,1965,,2,,,,N,units,,,,,N,National,,
DATAFLOW,SPC:DF_CLIMATE_CHANGE(1.0),Climate Change indicators,I,A,Annual,FISH_MNGT_MULT_BILAT_ARGMT,Fisheries management measures in place and multilateral and bilateral fisheries management arrangements,NU,Niue,1966,,2,,,,N,units,,,,,N,National,,
DATAFLOW,SPC:DF_CLIMATE_CHANGE(1.0),Climate Change indicators,I,A,Annual,FISH_MNGT_MULT_BILAT_ARGMT,Fisheries management measures in place and multilateral and bilateral fisheries management arrangements,NU,Niue,1967,,2,,,,N,units,,,,,N,National,,
DATAFLOW,SPC:DF_CLIMATE_CHANGE(1.0),Climate Change indicators,I,A,Annual,FISH_MNGT_MULT_BILAT_ARGMT,Fisheries management measures in place and multilateral and bilateral fisheries management arrangements,NU,Niue,1968,,2,,,,N,units,,,,,N,National,,
DATAFLOW,SPC:DF_CLIMATE_CHANGE(1.0),Climate Change indicators,I,A,Annual,FISH_MNGT_MULT_BILAT_ARGMT,Fisheries management measures in place and multilateral and bilateral fisheries management arrangements,NU,Niue,1969,,2,,,,N,units,,,,,N,National,,
DATAFLOW,SPC:DF_CLIMATE_CHANGE(1.0),Climate Change indicators,I,A,Annual,FISH_MNGT_MULT_BILAT_ARGMT,Fisheries management measures in place and multilateral and bilateral fisheries management arrangements,NU,Niue,1970,,2,,,,N,units,,,,,N,National,,
DATAFLOW,SPC:DF_CLIMATE_CHANGE(1.0),Climate Change indicators,I,A,Annual,FISH_MNGT_MULT_BILAT_ARGMT,Fisheries management measures in place and multilateral and bilateral fisheries management arrangements,NU,Niue,1971,,2,,,,N,units,,,,,N,National,,
DATAFLOW,SPC:DF_CLIMATE_CHANGE(1.0),Climate Change indicators,I,A,Annual,FISH_MNGT_MULT_BILAT_ARGMT,Fisheries management measures in place and multilateral and bilateral fisheries management arrangements,NU,Niue,1972,,2,,,,N,units,,,,,N,National,,
DATAFLOW,SPC:DF_CLIMATE_CHANGE(1.0),Climate Change indicators,I,A,Annual,FISH_MNGT_MULT_BILAT_ARGMT,Fisheries management measures in place and multilateral and bilateral fisheries management arrangements,NU,Niue,1973,,2,,,,N,units,,,,,N,National,,
DATAFLOW,SPC:DF_CLIMATE_CHANGE(1.0),Climate Change indicators,I,A,Annual,FISH_MNGT_MULT_BILAT_ARGMT,Fisheries management measures in place and multilateral and bilateral fisheries management arrangements,NU,Niue,1974,,2,,,,N,units,,,,,N,National,,
DATAFLOW,SPC:DF_CLIMATE_CHANGE(1.0),Climate Change indicators,I,A,Annual,FISH_MNGT_MULT_BILAT_ARGMT,Fisheries management measures in place and multilateral and bilateral fisheries management arrangements,NU,Niue,1975,,2,,,,N,units,,,,,N,National,,
DATAFLOW,SPC:DF_CLIMATE_CHANGE(1.0),Climate Change indicators,I,A,Annual,FISH_MNGT_MULT_BILAT_ARGMT,Fisheries management measures in place and multilateral and bilateral fisheries management arrangements,NU,Niue,1976,,2,,,,N,units,,,,,N,National,,
DATAFLOW,SPC:DF_CLIMATE_CHANGE(1.0),Climate Change indicators,I,A,Annual,FISH_MNGT_MULT_BILAT_ARGMT,Fisheries management measures in place and multilateral and bilateral fisheries management arrangements,NU,Niue,1977,,2,,,,N,units,,,,,N,National,,
DATAFLOW,SPC:DF_CLIMATE_CHANGE(1.0),Climate Change indicators,I,A,Annual,FISH_MNGT_MULT_BILAT_ARGMT,Fisheries management measures in place and multilateral and bilateral fisheries management arrangements,NU,Niue,1978,,3,,,,N,units,,,,,N,National,,
DATAFLOW,SPC:DF_CLIMATE_CHANGE(1.0),Climate Change indicators,I,A,Annual,FISH_MNGT_MULT_BILAT_ARGMT,Fisheries management measures in place and multilateral and bilateral fisheries management arrangements,NU,Niue,1979,,4,,,,N,units,,,,,N,National,,
DATAFLOW,SPC:DF_CLIMATE_CHANGE(1.0),Climate Change indicators,I,A,Annual,FISH_MNGT_MULT_BILAT_ARGMT,Fisheries management measures in place and multilateral and bilateral fisheries management arrangements,NU,Niue,1980,,6,,,,N,units,,,,,N,National,,
DATAFLOW,SPC:DF_CLIMATE_CHANGE(1.0),Climate Change indicators,I,A,Annual,FISH_MNGT_MULT_BILAT_ARGMT,Fisheries management measures in place and multilateral and bilateral fisheries management arrangements,NU,Niue,1981,,6,,,,N,units,,,,,N,National,,
DATAFLOW,SPC:DF_CLIMATE_CHANGE(1.0),Climate Change indicators,I,A,Annual,FISH_MNGT_MULT_BILAT_ARGMT,Fisheries management measures in place and multilateral and bilateral fisheries management arrangements,NU,Niue,1982,,6,,,,N,units,,,,,N,National,,
DATAFLOW,SPC:DF_CLIMATE_CHANGE(1.0),Climate Change indicators,I,A,Annual,FISH_MNGT_MULT_BILAT_ARGMT,Fisheries management measures in place and multilateral and bilateral fisheries management arrangements,NU,Niue,1983,,6,,,,N,units,,,,,N,National,,
DATAFLOW,SPC:DF_CLIMATE_CHANGE(1.0),Climate Change indicators,I,A,Annual,FISH_MNGT_MULT_BILAT_ARGMT,Fisheries management measures in place and multilateral and bilateral fisheries management arrangements,NU,Niue,1984,,6,,,,N,units,,,,,N,National,,
DATAFLOW,SPC:DF_CLIMATE_CHANGE(1.0),Climate Change indicators,I,A,Annual,FISH_MNGT_MULT_BILAT_ARGMT,Fisheries management measures in place and multilateral and bilateral fisheries management arrangements,NU,Niue,1985,,6,,,,N,units,,,,,N,National,,
DATAFLOW,SPC:DF_CLIMATE_CHANGE(1.0),Climate Change indicators,I,A,Annual,FISH_MNGT_MULT_BILAT_ARGMT,Fisheries management measures in place and multilateral and bilateral fisheries management arrangements,NU,Niue,1986,,6,,,,N,units,,,,,N,National,,
DATAFLOW,SPC:DF_CLIMATE_CHANGE(1.0),Climate Change indicators,I,A,Annual,FISH_MNGT_MULT_BILAT_ARGMT,Fisheries management measures in place and multilateral and bilateral fisheries management arrangements,NU,Niue,1987,,7,,,,N,units,,,,,N,National,,
DATAFLOW,SPC:DF_CLIMATE_CHANGE(1.0),Climate Change indicators,I,A,Annual,FISH_MNGT_MULT_BILAT_ARGMT,Fisheries management measures in place and multilateral and bilateral fisheries management arrangements,NU,Niue,1988,,7,,,,N,units,,,,,N,National,,
DATAFLOW,SPC:DF_CLIMATE_CHANGE(1.0),Climate Change indicators,I,A,Annual,FISH_MNGT_MULT_BILAT_ARGMT,Fisheries management measures in place and multilateral and bilateral fisheries management arrangements,NU,Niue,1989,,8,,,,N,units,,,,,N,National,,
DATAFLOW,SPC:DF_CLIMATE_CHANGE(1.0),Climate Change indicators,I,A,Annual,FISH_MNGT_MULT_BILAT_ARGMT,Fisheries management measures in place and multilateral and bilateral fisheries management arrangements,NU,Niue,1990,,10,,,,N,units,,,,,N,National,,
DATAFLOW,SPC:DF_CLIMATE_CHANGE(1.0),Climate Change indicators,I,A,Annual,FISH_MNGT_MULT_BILAT_ARGMT,Fisheries management measures in place and multilateral and bilateral fisheries management arrangements,NU,Niue,1991,,10,,,,N,units,,,,,N,National,,
DATAFLOW,SPC:DF_CLIMATE_CHANGE(1.0),Climate Change indicators,I,A,Annual,FISH_MNGT_MULT_BILAT_ARGMT,Fisheries management measures in place and multilateral and bilateral fisheries management arrangements,NU,Niue,1992,,12,,,,N,units,,,,,N,National,,
DATAFLOW,SPC:DF_CLIMATE_CHANGE(1.0),Climate Change indicators,I,A,Annual,FISH_MNGT_MULT_BILAT_ARGMT,Fisheries management measures in place and multilateral and bilateral fisheries management arrangements,NU,Niue,1993,,12,,,,N,units,,,,,N,National,,
DATAFLOW,SPC:DF_CLIMATE_CHANGE(1.0),Climate Change indicators,I,A,Annual,FISH_MNGT_MULT_BILAT_ARGMT,Fisheries management measures in place and multilateral and bilateral fisheries management arrangements,NU,Niue,1994,,12,,,,N,units,,,,,N,National,,
DATAFLOW,SPC:DF_CLIMATE_CHANGE(1.0),Climate Change indicators,I,A,Annual,FISH_MNGT_MULT_BILAT_ARGMT,Fisheries management measures in place and multilateral and bilateral fisheries management arrangements,NU,Niue,1995,,13,,,,N,units,,,,,N,National,,
DATAFLOW,SPC:DF_CLIMATE_CHANGE(1.0),Climate Change indicators,I,A,Annual,FISH_MNGT_MULT_BILAT_ARGMT,Fisheries management measures in place and multilateral and bilateral fisheries management arrangements,NU,Niue,1996,,14,,,,N,units,,,,,N,National,,
DATAFLOW,SPC:DF_CLIMATE_CHANGE(1.0),Climate Change indicators,I,A,Annual,FISH_MNGT_MULT_BILAT_ARGMT,Fisheries management measures in place and multilateral and bilateral fisheries management arrangements,NU,Niue,1997,,16,,,,N,units,,,,,N,National,,
DATAFLOW,SPC:DF_CLIMATE_CHANGE(1.0),Climate Change indicators,I,A,Annual,FISH_MNGT_MULT_BILAT_ARGMT,Fisheries management measures in place and multilateral and bilateral fisheries management arrangements,NU,Niue,1998,,16,,,,N,units,,,,,N,National,,
DATAFLOW,SPC:DF_CLIMATE_CHANGE(1.0),Climate Change indicators,I,A,Annual,FISH_MNGT_MULT_BILAT_ARGMT,Fisheries management measures in place and multilateral and bilateral fisheries management arrangements,NU,Niue,1999,,16,,,,N,units,,,,,N,National,,
DATAFLOW,SPC:DF_CLIMATE_CHANGE(1.0),Climate Change indicators,I,A,Annual,FISH_MNGT_MULT_BILAT_ARGMT,Fisheries management measures in place and multilateral and bilateral fisheries management arrangements,NU,Niue,2000,,17,,,,N,units,,,,,N,National,,
DATAFLOW,SPC:DF_CLIMATE_CHANGE(1.0),Climate Change indicators,I,A,Annual,FISH_MNGT_MULT_BILAT_ARGMT,Fisheries management measures in place and multilateral and bilateral fisheries management arrangements,NU,Niue,2001,,17,,,,N,units,,,,,N,National,,
DATAFLOW,SPC:DF_CLIMATE_CHANGE(1.0),Climate Change indicators,I,A,Annual,FISH_MNGT_MULT_BILAT_ARGMT,Fisheries management measures in place and multilateral and bilateral fisheries management arrangements,NU,Niue,2002,,17,,,,N,units,,,,,N,National,,
DATAFLOW,SPC:DF_CLIMATE_CHANGE(1.0),Climate Change indicators,I,A,Annual,FISH_MNGT_MULT_BILAT_ARGMT,Fisheries management measures in place and multilateral and bilateral fisheries management arrangements,NU,Niue,2003,,17,,,,N,units,,,,,N,National,,
DATAFLOW,SPC:DF_CLIMATE_CHANGE(1.0),Climate Change indicators,I,A,Annual,FISH_MNGT_MULT_BILAT_ARGMT,Fisheries management measures in place and multilateral and bilateral fisheries management arrangements,NU,Niue,2004,,17,,,,N,units,,,,,N,National,,
DATAFLOW,SPC:DF_CLIMATE_CHANGE(1.0),Climate Change indicators,I,A,Annual,FISH_MNGT_MULT_BILAT_ARGMT,Fisheries management measures in place and multilateral and bilateral fisheries management arrangements,NU,Niue,2005,,17,,,,N,units,,,,,N,National,,
DATAFLOW,SPC:DF_CLIMATE_CHANGE(1.0),Climate Change indicators,I,A,Annual,FISH_MNGT_MULT_BILAT_ARGMT,Fisheries management measures in place and multilateral and bilateral fisheries management arrangements,NU,Niue,2006,,18,,,,N,units,,,,,N,National,,
DATAFLOW,SPC:DF_CLIMATE_CHANGE(1.0),Climate Change indicators,I,A,Annual,FISH_MNGT_MULT_BILAT_ARGMT,Fisheries management measures in place and multilateral and bilateral fisheries management arrangements,NU,Niue,2007,,19,,,,N,units,,,,,N,National,,
DATAFLOW,SPC:DF_CLIMATE_CHANGE(1.0),Climate Change indicators,I,A,Annual,FISH_MNGT_MULT_BILAT_ARGMT,Fisheries management measures in place and multilateral and bilateral fisheries management arrangements,NU,Niue,2008,,19,,,,N,units,,,,,N,National,,
DATAFLOW,SPC:DF_CLIMATE_CHANGE(1.0),Climate Change indicators,I,A,Annual,FISH_MNGT_MULT_BILAT_ARGMT,Fisheries management measures in place and multilateral and bilateral fisheries management arrangements,NU,Niue,2009,,20,,,,N,units,,,,,N,National,,
DATAFLOW,SPC:DF_CLIMATE_CHANGE(1.0),Climate Change indicators,I,A,Annual,FISH_MNGT_MULT_BILAT_ARGMT,Fisheries management measures in place and multilateral and bilateral fisheries management arrangements,NU,Niue,2010,,21,,,,N,units,,,,,N,National,,
DATAFLOW,SPC:DF_CLIMATE_CHANGE(1.0),Climate Change indicators,I,A,Annual,FISH_MNGT_MULT_BILAT_ARGMT,Fisheries management measures in place and multilateral and bilateral fisheries management arrangements,NU,Niue,2011,,21,,,,N,units,,,,,N,National,,
DATAFLOW,SPC:DF_CLIMATE_CHANGE(1.0),Climate Change indicators,I,A,Annual,FISH_MNGT_MULT_BILAT_ARGMT,Fisheries management measures in place and multilateral and bilateral fisheries management arrangements,NU,Niue,2012,,22,,,,N,units,,,,,N,National,,
DATAFLOW,SPC:DF_CLIMATE_CHANGE(1.0),Climate Change indicators,I,A,Annual,FISH_MNGT_MULT_BILAT_ARGMT,Fisheries management measures in place and multilateral and bilateral fisheries management arrangements,NU,Niue,2013,,25,,,,N,units,,,,,N,National,,
DATAFLOW,SPC:DF_CLIMATE_CHANGE(1.0),Climate Change indicators,I,A,Annual,FISH_MNGT_MULT_BILAT_ARGMT,Fisheries management measures in place and multilateral and bilateral fisheries management arrangements,NU,Niue,2014,,25,,,,N,units,,,,,N,National,,
DATAFLOW,SPC:DF_CLIMATE_CHANGE(1.0),Climate Change indicators,I,A,Annual,FISH_MNGT_MULT_BILAT_ARGMT,Fisheries management measures in place and multilateral and bilateral fisheries management arrangements,NU,Niue,2015,,28,,,,N,units,,,,,N,National,,
DATAFLOW,SPC:DF_CLIMATE_CHANGE(1.0),Climate Change indicators,I,A,Annual,FISH_MNGT_MULT_BILAT_ARGMT,Fisheries management measures in place and multilateral and bilateral fisheries management arrangements,NU,Niue,2016,,30,,,,N,units,,,,,N,National,,
DATAFLOW,SPC:DF_CLIMATE_CHANGE(1.0),Climate Change indicators,I,A,Annual,FISH_MNGT_MULT_BILAT_ARGMT,Fisheries management measures in place and multilateral and bilateral fisheries management arrangements,NU,Niue,2017,,30,,,,N,units,,,,,N,National,,
DATAFLOW,SPC:DF_CLIMATE_CHANGE(1.0),Climate Change indicators,I,A,Annual,FISH_MNGT_MULT_BILAT_ARGMT,Fisheries management measures in place and multilateral and bilateral fisheries management arrangements,NU,Niue,2018,,30,,,,N,units,,,,,N,National,,
DATAFLOW,SPC:DF_CLIMATE_CHANGE(1.0),Climate Change indicators,I,A,Annual,FISH_MNGT_MULT_BILAT_ARGMT,Fisheries management measures in place and multilateral and bilateral fisheries management arrangements,NU,Niue,2019,,30,,,,N,units,,,,,N,National,,
DATAFLOW,SPC:DF_CLIMATE_CHANGE(1.0),Climate Change indicators,I,A,Annual,FISH_MNGT_MULT_BILAT_ARGMT,Fisheries management measures in place and multilateral and bilateral fisheries management arrangements,NU,Niue,2020,,31,,,,N,units,,,,,N,National,,
DATAFLOW,SPC:DF_CLIMATE_CHANGE(1.0),Climate Change indicators,I,A,Annual,FISH_MNGT_MULT_BILAT_ARGMT,Fisheries management measures in place and multilateral and bilateral fisheries management arrangements,NU,Niue,2021,,31,,,,N,units,,,,,N,National,,
DATAFLOW,SPC:DF_CLIMATE_CHANGE(1.0),Climate Change indicators,I,A,Annual,FISH_MNGT_MULT_BILAT_ARGMT,Fisheries management measures in place and multilateral and bilateral fisheries management arrangements,NU,Niue,2022,,31,,,,N,units,,,,,N,National,,
DATAFLOW,SPC:DF_CLIMATE_CHANGE(1.0),Climate Change indicators,I,A,Annual,FISH_MNGT_MULT_BILAT_ARGMT,Fisheries management measures in place and multilateral and bilateral fisheries management arrangements,NU,Niue,2023,,31,,,,N,units,,,,,N,National,,
DATAFLOW,SPC:DF_CLIMATE_CHANGE(1.0),Climate Change indicators,I,A,Annual,FISH_MNGT_MULT_BILAT_ARGMT,Fisheries management measures in place and multilateral and bilateral fisheries management arrangements,NU,Niue,2024,,31,,,,N,units,,,,,N,National,,
DATAFLOW,SPC:DF_CLIMATE_CHANGE(1.0),Climate Change indicators,I,A,Annual,FISH_MNGT_MULT_BILAT_ARGMT,Fisheries management measures in place and multilateral and bilateral fisheries management arrangements,NU,Niue,2025,,31,,,,N,units,,,,,N,National,,
DATAFLOW,SPC:DF_CLIMATE_CHANGE(1.0),Climate Change indicators,I,A,Annual,FISH_MNGT_MULT_BILAT_ARGMT,Fisheries management measures in place and multilateral and bilateral fisheries management arrangements,NU,Niue,2026,,31,,,,N,units,,,,,N,National,,
DATAFLOW,SPC:DF_CLIMATE_CHANGE(1.0),Climate Change indicators,I,A,Annual,FISH_MNGT_MULT_BILAT_ARGMT,Fisheries management measures in place and multilateral and bilateral fisheries management arrangements,TV,Tuvalu,1919,,1,,,,N,units,,,,,N,National,,
DATAFLOW,SPC:DF_CLIMATE_CHANGE(1.0),Climate Change indicators,I,A,Annual,FISH_MNGT_MULT_BILAT_ARGMT,Fisheries management measures in place and multilateral and bilateral fisheries management arrangements,TV,Tuvalu,1920,,1,,,,N,units,,,,,N,National,,
DATAFLOW,SPC:DF_CLIMATE_CHANGE(1.0),Climate Change indicators,I,A,Annual,FISH_MNGT_MULT_BILAT_ARGMT,Fisheries management measures in place and multilateral and bilateral fisheries management arrangements,TV,Tuvalu,1921,,1,,,,N,units,,,,,N,National,,
DATAFLOW,SPC:DF_CLIMATE_CHANGE(1.0),Climate Change indicators,I,A,Annual,FISH_MNGT_MULT_BILAT_ARGMT,Fisheries management measures in place and multilateral and bilateral fisheries management arrangements,TV,Tuvalu,1922,,1,,,,N,units,,,,,N,National,,
DATAFLOW,SPC:DF_CLIMATE_CHANGE(1.0),Climate Change indicators,I,A,Annual,FISH_MNGT_MULT_BILAT_ARGMT,Fisheries management measures in place and multilateral and bilateral fisheries management arrangements,TV,Tuvalu,1923,,1,,,,N,units,,,,,N,National,,
DATAFLOW,SPC:DF_CLIMATE_CHANGE(1.0),Climate Change indicators,I,A,Annual,FISH_MNGT_MULT_BILAT_ARGMT,Fisheries management measures in place and multilateral and bilateral fisheries management arrangements,TV,Tuvalu,1924,,1,,,,N,units,,,,,N,National,,
DATAFLOW,SPC:DF_CLIMATE_CHANGE(1.0),Climate Change indicators,I,A,Annual,FISH_MNGT_MULT_BILAT_ARGMT,Fisheries management measures in place and multilateral and bilateral fisheries management arrangements,TV,Tuvalu,1925,,1,,,,N,units,,,,,N,National,,
DATAFLOW,SPC:DF_CLIMATE_CHANGE(1.0),Climate Change indicators,I,A,Annual,FISH_MNGT_MULT_BILAT_ARGMT,Fisheries management measures in place and multilateral and bilateral fisheries management arrangements,TV,Tuvalu,1926,,1,,,,N,units,,,,,N,National,,
DATAFLOW,SPC:DF_CLIMATE_CHANGE(1.0),Climate Change indicators,I,A,Annual,FISH_MNGT_MULT_BILAT_ARGMT,Fisheries management measures in place and multilateral and bilateral fisheries management arrangements,TV,Tuvalu,1927,,1,,,,N,units,,,,,N,National,,
DATAFLOW,SPC:DF_CLIMATE_CHANGE(1.0),Climate Change indicators,I,A,Annual,FISH_MNGT_MULT_BILAT_ARGMT,Fisheries management measures in place and multilateral and bilateral fisheries management arrangements,TV,Tuvalu,1928,,1,,,,N,units,,,,,N,National,,
DATAFLOW,SPC:DF_CLIMATE_CHANGE(1.0),Climate Change indicators,I,A,Annual,FISH_MNGT_MULT_BILAT_ARGMT,Fisheries management measures in place and multilateral and bilateral fisheries management arrangements,TV,Tuvalu,1929,,1,,,,N,units,,,,,N,National,,
DATAFLOW,SPC:DF_CLIMATE_CHANGE(1.0),Climate Change indicators,I,A,Annual,FISH_MNGT_MULT_BILAT_ARGMT,Fisheries management measures in place and multilateral and bilateral fisheries management arrangements,TV,Tuvalu,1930,,1,,,,N,units,,,,,N,National,,
DATAFLOW,SPC:DF_CLIMATE_CHANGE(1.0),Climate Change indicators,I,A,Annual,FISH_MNGT_MULT_BILAT_ARGMT,Fisheries management measures in place and multilateral and bilateral fisheries management arrangements,TV,Tuvalu,1931,,1,,,,N,units,,,,,N,National,,
DATAFLOW,SPC:DF_CLIMATE_CHANGE(1.0),Climate Change indicators,I,A,Annual,FISH_MNGT_MULT_BILAT_ARGMT,Fisheries management measures in place and multilateral and bilateral fisheries management arrangements,TV,Tuvalu,1932,,1,,,,N,units,,,,,N,National,,
DATAFLOW,SPC:DF_CLIMATE_CHANGE(1.0),Climate Change indicators,I,A,Annual,FISH_MNGT_MULT_BILAT_ARGMT,Fisheries management measures in place and multilateral and bilateral fisheries management arrangements,TV,Tuvalu,1933,,1,,,,N,units,,,,,N,National,,
DATAFLOW,SPC:DF_CLIMATE_CHANGE(1.0),Climate Change indicators,I,A,Annual,FISH_MNGT_MULT_BILAT_ARGMT,Fisheries management measures in place and multilateral and bilateral fisheries management arrangements,TV,Tuvalu,1934,,1,,,,N,units,,,,,N,National,,
DATAFLOW,SPC:DF_CLIMATE_CHANGE(1.0),Climate Change indicators,I,A,Annual,FISH_MNGT_MULT_BILAT_ARGMT,Fisheries management measures in place and multilateral and bilateral fisheries management arrangements,TV,Tuvalu,1935,,1,,,,N,units,,,,,N,National,,
DATAFLOW,SPC:DF_CLIMATE_CHANGE(1.0),Climate Change indicators,I,A,Annual,FISH_MNGT_MULT_BILAT_ARGMT,Fisheries management measures in place and multilateral and bilateral fisheries management arrangements,TV,Tuvalu,1936,,1,,,,N,units,,,,,N,National,,
DATAFLOW,SPC:DF_CLIMATE_CHANGE(1.0),Climate Change indicators,I,A,Annual,FISH_MNGT_MULT_BILAT_ARGMT,Fisheries management measures in place and multilateral and bilateral fisheries management arrangements,TV,Tuvalu,1937,,1,,,,N,units,,,,,N,National,,
DATAFLOW,SPC:DF_CLIMATE_CHANGE(1.0),Climate Change indicators,I,A,Annual,FISH_MNGT_MULT_BILAT_ARGMT,Fisheries management measures in place and multilateral and bilateral fisheries management arrangements,TV,Tuvalu,1938,,1,,,,N,units,,,,,N,National,,
DATAFLOW,SPC:DF_CLIMATE_CHANGE(1.0),Climate Change indicators,I,A,Annual,FISH_MNGT_MULT_BILAT_ARGMT,Fisheries management measures in place and multilateral and bilateral fisheries management arrangements,TV,Tuvalu,1939,,1,,,,N,units,,,,,N,National,,
DATAFLOW,SPC:DF_CLIMATE_CHANGE(1.0),Climate Change indicators,I,A,Annual,FISH_MNGT_MULT_BILAT_ARGMT,Fisheries management measures in place and multilateral and bilateral fisheries management arrangements,TV,Tuvalu,1940,,1,,,,N,units,,,,,N,National,,
DATAFLOW,SPC:DF_CLIMATE_CHANGE(1.0),Climate Change indicators,I,A,Annual,FISH_MNGT_MULT_BILAT_ARGMT,Fisheries management measures in place and multilateral and bilateral fisheries management arrangements,TV,Tuvalu,1941,,1,,,,N,units,,,,,N,National,,
DATAFLOW,SPC:DF_CLIMATE_CHANGE(1.0),Climate Change indicators,I,A,Annual,FISH_MNGT_MULT_BILAT_ARGMT,Fisheries management measures in place and multilateral and bilateral fisheries management arrangements,TV,Tuvalu,1942,,1,,,,N,units,,,,,N,National,,
DATAFLOW,SPC:DF_CLIMATE_CHANGE(1.0),Climate Change indicators,I,A,Annual,FISH_MNGT_MULT_BILAT_ARGMT,Fisheries management measures in place and multilateral and bilateral fisheries management arrangements,TV,Tuvalu,1943,,1,,,,N,units,,,,,N,National,,
DATAFLOW,SPC:DF_CLIMATE_CHANGE(1.0),Climate Change indicators,I,A,Annual,FISH_MNGT_MULT_BILAT_ARGMT,Fisheries management measures in place and multilateral and bilateral fisheries management arrangements,TV,Tuvalu,1944,,1,,,,N,units,,,,,N,National,,
DATAFLOW,SPC:DF_CLIMATE_CHANGE(1.0),Climate Change indicators,I,A,Annual,FISH_MNGT_MULT_BILAT_ARGMT,Fisheries management measures in place and multilateral and bilateral fisheries management arrangements,TV,Tuvalu,1945,,1,,,,N,units,,,,,N,National,,
DATAFLOW,SPC:DF_CLIMATE_CHANGE(1.0),Climate Change indicators,I,A,Annual,FISH_MNGT_MULT_BILAT_ARGMT,Fisheries management measures in place and multilateral and bilateral fisheries management arrangements,TV,Tuvalu,1946,,1,,,,N,units,,,,,N,National,,
DATAFLOW,SPC:DF_CLIMATE_CHANGE(1.0),Climate Change indicators,I,A,Annual,FISH_MNGT_MULT_BILAT_ARGMT,Fisheries management measures in place and multilateral and bilateral fisheries management arrangements,TV,Tuvalu,1947,,1,,,,N,units,,,,,N,National,,
DATAFLOW,SPC:DF_CLIMATE_CHANGE(1.0),Climate Change indicators,I,A,Annual,FISH_MNGT_MULT_BILAT_ARGMT,Fisheries management measures in place and multilateral and bilateral fisheries management arrangements,TV,Tuvalu,1948,,1,,,,N,units,,,,,N,National,,
DATAFLOW,SPC:DF_CLIMATE_CHANGE(1.0),Climate Change indicators,I,A,Annual,FISH_MNGT_MULT_BILAT_ARGMT,Fisheries management measures in place and multilateral and bilateral fisheries management arrangements,TV,Tuvalu,1949,,1,,,,N,units,,,,,N,National,,
DATAFLOW,SPC:DF_CLIMATE_CHANGE(1.0),Climate Change indicators,I,A,Annual,FISH_MNGT_MULT_BILAT_ARGMT,Fisheries management measures in place and multilateral and bilateral fisheries management arrangements,TV,Tuvalu,1950,,1,,,,N,units,,,,,N,National,,
DATAFLOW,SPC:DF_CLIMATE_CHANGE(1.0),Climate Change indicators,I,A,Annual,FISH_MNGT_MULT_BILAT_ARGMT,Fisheries management measures in place and multilateral and bilateral fisheries management arrangements,TV,Tuvalu,1951,,1,,,,N,units,,,,,N,National,,
DATAFLOW,SPC:DF_CLIMATE_CHANGE(1.0),Climate Change indicators,I,A,Annual,FISH_MNGT_MULT_BILAT_ARGMT,Fisheries management measures in place and multilateral and bilateral fisheries management arrangements,TV,Tuvalu,1952,,1,,,,N,units,,,,,N,National,,
DATAFLOW,SPC:DF_CLIMATE_CHANGE(1.0),Climate Change indicators,I,A,Annual,FISH_MNGT_MULT_BILAT_ARGMT,Fisheries management measures in place and multilateral and bilateral fisheries management arrangements,TV,Tuvalu,1953,,1,,,,N,units,,,,,N,National,,
DATAFLOW,SPC:DF_CLIMATE_CHANGE(1.0),Climate Change indicators,I,A,Annual,FISH_MNGT_MULT_BILAT_ARGMT,Fisheries management measures in place and multilateral and bilateral fisheries management arrangements,TV,Tuvalu,1954,,1,,,,N,units,,,,,N,National,,
DATAFLOW,SPC:DF_CLIMATE_CHANGE(1.0),Climate Change indicators,I,A,Annual,FISH_MNGT_MULT_BILAT_ARGMT,Fisheries management measures in place and multilateral and bilateral fisheries management arrangements,TV,Tuvalu,1955,,1,,,,N,units,,,,,N,National,,
DATAFLOW,SPC:DF_CLIMATE_CHANGE(1.0),Climate Change indicators,I,A,Annual,FISH_MNGT_MULT_BILAT_ARGMT,Fisheries management measures in place and multilateral and bilateral fisheries management arrangements,TV,Tuvalu,1956,,2,,,,N,units,,,,,N,National,,
DATAFLOW,SPC:DF_CLIMATE_CHANGE(1.0),Climate Change indicators,I,A,Annual,FISH_MNGT_MULT_BILAT_ARGMT,Fisheries management measures in place and multilateral and bilateral fisheries management arrangements,TV,Tuvalu,1957,,2,,,,N,units,,,,,N,National,,
DATAFLOW,SPC:DF_CLIMATE_CHANGE(1.0),Climate Change indicators,I,A,Annual,FISH_MNGT_MULT_BILAT_ARGMT,Fisheries management measures in place and multilateral and bilateral fisheries management arrangements,TV,Tuvalu,1958,,2,,,,N,units,,,,,N,National,,
DATAFLOW,SPC:DF_CLIMATE_CHANGE(1.0),Climate Change indicators,I,A,Annual,FISH_MNGT_MULT_BILAT_ARGMT,Fisheries management measures in place and multilateral and bilateral fisheries management arrangements,TV,Tuvalu,1959,,2,,,,N,units,,,,,N,National,,
DATAFLOW,SPC:DF_CLIMATE_CHANGE(1.0),Climate Change indicators,I,A,Annual,FISH_MNGT_MULT_BILAT_ARGMT,Fisheries management measures in place and multilateral and bilateral fisheries management arrangements,TV,Tuvalu,1960,,2,,,,N,units,,,,,N,National,,
DATAFLOW,SPC:DF_CLIMATE_CHANGE(1.0),Climate Change indicators,I,A,Annual,FISH_MNGT_MULT_BILAT_ARGMT,Fisheries management measures in place and multilateral and bilateral fisheries management arrangements,TV,Tuvalu,1961,,2,,,,N,units,,,,,N,National,,
DATAFLOW,SPC:DF_CLIMATE_CHANGE(1.0),Climate Change indicators,I,A,Annual,FISH_MNGT_MULT_BILAT_ARGMT,Fisheries management measures in place and multilateral and bilateral fisheries management arrangements,TV,Tuvalu,1962,,2,,,,N,units,,,,,N,National,,
DATAFLOW,SPC:DF_CLIMATE_CHANGE(1.0),Climate Change indicators,I,A,Annual,FISH_MNGT_MULT_BILAT_ARGMT,Fisheries management measures in place and multilateral and bilateral fisheries management arrangements,TV,Tuvalu,1963,,2,,,,N,units,,,,,N,National,,
DATAFLOW,SPC:DF_CLIMATE_CHANGE(1.0),Climate Change indicators,I,A,Annual,FISH_MNGT_MULT_BILAT_ARGMT,Fisheries management measures in place and multilateral and bilateral fisheries management arrangements,TV,Tuvalu,1964,,2,,,,N,units,,,,,N,National,,
DATAFLOW,SPC:DF_CLIMATE_CHANGE(1.0),Climate Change indicators,I,A,Annual,FISH_MNGT_MULT_BILAT_ARGMT,Fisheries management measures in place and multilateral and bilateral fisheries management arrangements,TV,Tuvalu,1965,,3,,,,N,units,,,,,N,National,,
DATAFLOW,SPC:DF_CLIMATE_CHANGE(1.0),Climate Change indicators,I,A,Annual,FISH_MNGT_MULT_BILAT_ARGMT,Fisheries management measures in place and multilateral and bilateral fisheries management arrangements,TV,Tuvalu,1966,,3,,,,N,units,,,,,N,National,,
DATAFLOW,SPC:DF_CLIMATE_CHANGE(1.0),Climate Change indicators,I,A,Annual,FISH_MNGT_MULT_BILAT_ARGMT,Fisheries management measures in place and multilateral and bilateral fisheries management arrangements,TV,Tuvalu,1967,,3,,,,N,units,,,,,N,National,,
DATAFLOW,SPC:DF_CLIMATE_CHANGE(1.0),Climate Change indicators,I,A,Annual,FISH_MNGT_MULT_BILAT_ARGMT,Fisheries management measures in place and multilateral and bilateral fisheries management arrangements,TV,Tuvalu,1968,,3,,,,N,units,,,,,N,National,,
DATAFLOW,SPC:DF_CLIMATE_CHANGE(1.0),Climate Change indicators,I,A,Annual,FISH_MNGT_MULT_BILAT_ARGMT,Fisheries management measures in place and multilateral and bilateral fisheries management arrangements,TV,Tuvalu,1969,,3,,,,N,units,,,,,N,National,,
DATAFLOW,SPC:DF_CLIMATE_CHANGE(1.0),Climate Change indicators,I,A,Annual,FISH_MNGT_MULT_BILAT_ARGMT,Fisheries management measures in place and multilateral and bilateral fisheries management arrangements,TV,Tuvalu,1970,,3,,,,N,units,,,,,N,National,,
DATAFLOW,SPC:DF_CLIMATE_CHANGE(1.0),Climate Change indicators,I,A,Annual,FISH_MNGT_MULT_BILAT_ARGMT,Fisheries management measures in place and multilateral and bilateral fisheries management arrangements,TV,Tuvalu,1971,,3,,,,N,units,,,,,N,National,,
DATAFLOW,SPC:DF_CLIMATE_CHANGE(1.0),Climate Change indicators,I,A,Annual,FISH_MNGT_MULT_BILAT_ARGMT,Fisheries management measures in place and multilateral and bilateral fisheries management arrangements,TV,Tuvalu,1972,,3,,,,N,units,,,,,N,National,,
DATAFLOW,SPC:DF_CLIMATE_CHANGE(1.0),Climate Change indicators,I,A,Annual,FISH_MNGT_MULT_BILAT_ARGMT,Fisheries management measures in place and multilateral and bilateral fisheries management arrangements,TV,Tuvalu,1973,,3,,,,N,units,,,,,N,National,,
DATAFLOW,SPC:DF_CLIMATE_CHANGE(1.0),Climate Change indicators,I,A,Annual,FISH_MNGT_MULT_BILAT_ARGMT,Fisheries management measures in place and multilateral and bilateral fisheries management arrangements,TV,Tuvalu,1974,,3,,,,N,units,,,,,N,National,,
DATAFLOW,SPC:DF_CLIMATE_CHANGE(1.0),Climate Change indicators,I,A,Annual,FISH_MNGT_MULT_BILAT_ARGMT,Fisheries management measures in place and multilateral and bilateral fisheries management arrangements,TV,Tuvalu,1975,,3,,,,N,units,,,,,N,National,,
DATAFLOW,SPC:DF_CLIMATE_CHANGE(1.0),Climate Change indicators,I,A,Annual,FISH_MNGT_MULT_BILAT_ARGMT,Fisheries management measures in place and multilateral and bilateral fisheries management arrangements,TV,Tuvalu,1976,,3,,,,N,units,,,,,N,National,,
DATAFLOW,SPC:DF_CLIMATE_CHANGE(1.0),Climate Change indicators,I,A,Annual,FISH_MNGT_MULT_BILAT_ARGMT,Fisheries management measures in place and multilateral and bilateral fisheries management arrangements,TV,Tuvalu,1977,,3,,,,N,units,,,,,N,National,,
DATAFLOW,SPC:DF_CLIMATE_CHANGE(1.0),Climate Change indicators,I,A,Annual,FISH_MNGT_MULT_BILAT_ARGMT,Fisheries management measures in place and multilateral and bilateral fisheries management arrangements,TV,Tuvalu,1978,,4,,,,N,units,,,,,N,National,,
DATAFLOW,SPC:DF_CLIMATE_CHANGE(1.0),Climate Change indicators,I,A,Annual,FISH_MNGT_MULT_BILAT_ARGMT,Fisheries management measures in place and multilateral and bilateral fisheries management arrangements,TV,Tuvalu,1979,,5,,,,N,units,,,,,N,National,,
DATAFLOW,SPC:DF_CLIMATE_CHANGE(1.0),Climate Change indicators,I,A,Annual,FISH_MNGT_MULT_BILAT_ARGMT,Fisheries management measures in place and multilateral and bilateral fisheries management arrangements,TV,Tuvalu,1980,,5,,,,N,units,,,,,N,National,,
DATAFLOW,SPC:DF_CLIMATE_CHANGE(1.0),Climate Change indicators,I,A,Annual,FISH_MNGT_MULT_BILAT_ARGMT,Fisheries management measures in place and multilateral and bilateral fisheries management arrangements,TV,Tuvalu,1981,,6,,,,N,units,,,,,N,National,,
DATAFLOW,SPC:DF_CLIMATE_CHANGE(1.0),Climate Change indicators,I,A,Annual,FISH_MNGT_MULT_BILAT_ARGMT,Fisheries management measures in place and multilateral and bilateral fisheries management arrangements,TV,Tuvalu,1982,,7,,,,N,units,,,,,N,National,,
DATAFLOW,SPC:DF_CLIMATE_CHANGE(1.0),Climate Change indicators,I,A,Annual,FISH_MNGT_MULT_BILAT_ARGMT,Fisheries management measures in place and multilateral and bilateral fisheries management arrangements,TV,Tuvalu,1983,,8,,,,N,units,,,,,N,National,,
DATAFLOW,SPC:DF_CLIMATE_CHANGE(1.0),Climate Change indicators,I,A,Annual,FISH_MNGT_MULT_BILAT_ARGMT,Fisheries management measures in place and multilateral and bilateral fisheries management arrangements,TV,Tuvalu,1984,,8,,,,N,units,,,,,N,National,,
DATAFLOW,SPC:DF_CLIMATE_CHANGE(1.0),Climate Change indicators,I,A,Annual,FISH_MNGT_MULT_BILAT_ARGMT,Fisheries management measures in place and multilateral and bilateral fisheries management arrangements,TV,Tuvalu,1985,,8,,,,N,units,,,,,N,National,,
DATAFLOW,SPC:DF_CLIMATE_CHANGE(1.0),Climate Change indicators,I,A,Annual,FISH_MNGT_MULT_BILAT_ARGMT,Fisheries management measures in place and multilateral and bilateral fisheries management arrangements,TV,Tuvalu,1986,,8,,,,N,units,,,,,N,National,,
DATAFLOW,SPC:DF_CLIMATE_CHANGE(1.0),Climate Change indicators,I,A,Annual,FISH_MNGT_MULT_BILAT_ARGMT,Fisheries management measures in place and multilateral and bilateral fisheries management arrangements,TV,Tuvalu,1987,,13,,,,N,units,,,,,N,National,,
DATAFLOW,SPC:DF_CLIMATE_CHANGE(1.0),Climate Change indicators,I,A,Annual,FISH_MNGT_MULT_BILAT_ARGMT,Fisheries management measures in place and multilateral and bilateral fisheries management arrangements,TV,Tuvalu,1988,,13,,,,N,units,,,,,N,National,,
DATAFLOW,SPC:DF_CLIMATE_CHANGE(1.0),Climate Change indicators,I,A,Annual,FISH_MNGT_MULT_BILAT_ARGMT,Fisheries management measures in place and multilateral and bilateral fisheries management arrangements,TV,Tuvalu,1989,,14,,,,N,units,,,,,N,National,,
DATAFLOW,SPC:DF_CLIMATE_CHANGE(1.0),Climate Change indicators,I,A,Annual,FISH_MNGT_MULT_BILAT_ARGMT,Fisheries management measures in place and multilateral and bilateral fisheries management arrangements,TV,Tuvalu,1990,,19,,,,N,units,,,,,N,National,,
DATAFLOW,SPC:DF_CLIMATE_CHANGE(1.0),Climate Change indicators,I,A,Annual,FISH_MNGT_MULT_BILAT_ARGMT,Fisheries management measures in place and multilateral and bilateral fisheries management arrangements,TV,Tuvalu,1991,,20,,,,N,units,,,,,N,National,,
DATAFLOW,SPC:DF_CLIMATE_CHANGE(1.0),Climate Change indicators,I,A,Annual,FISH_MNGT_MULT_BILAT_ARGMT,Fisheries management measures in place and multilateral and bilateral fisheries management arrangements,TV,Tuvalu,1992,,22,,,,N,units,,,,,N,National,,
DATAFLOW,SPC:DF_CLIMATE_CHANGE(1.0),Climate Change indicators,I,A,Annual,FISH_MNGT_MULT_BILAT_ARGMT,Fisheries management measures in place and multilateral and bilateral fisheries management arrangements,TV,Tuvalu,1993,,22,,,,N,units,,,,,N,National,,
DATAFLOW,SPC:DF_CLIMATE_CHANGE(1.0),Climate Change indicators,I,A,Annual,FISH_MNGT_MULT_BILAT_ARGMT,Fisheries management measures in place and multilateral and bilateral fisheries management arrangements,TV,Tuvalu,1994,,23,,,,N,units,,,,,N,National,,
DATAFLOW,SPC:DF_CLIMATE_CHANGE(1.0),Climate Change indicators,I,A,Annual,FISH_MNGT_MULT_BILAT_ARGMT,Fisheries management measures in place and multilateral and bilateral fisheries management arrangements,TV,Tuvalu,1995,,23,,,,N,units,,,,,N,National,,
DATAFLOW,SPC:DF_CLIMATE_CHANGE(1.0),Climate Change indicators,I,A,Annual,FISH_MNGT_MULT_BILAT_ARGMT,Fisheries management measures in place and multilateral and bilateral fisheries management arrangements,TV,Tuvalu,1996,,25,,,,N,units,,,,,N,National,,
DATAFLOW,SPC:DF_CLIMATE_CHANGE(1.0),Climate Change indicators,I,A,Annual,FISH_MNGT_MULT_BILAT_ARGMT,Fisheries management measures in place and multilateral and bilateral fisheries management arrangements,TV,Tuvalu,1997,,25,,,,N,units,,,,,N,National,,
DATAFLOW,SPC:DF_CLIMATE_CHANGE(1.0),Climate Change indicators,I,A,Annual,FISH_MNGT_MULT_BILAT_ARGMT,Fisheries management measures in place and multilateral and bilateral fisheries management arrangements,TV,Tuvalu,1998,,25,,,,N,units,,,,,N,National,,
DATAFLOW,SPC:DF_CLIMATE_CHANGE(1.0),Climate Change indicators,I,A,Annual,FISH_MNGT_MULT_BILAT_ARGMT,Fisheries management measures in place and multilateral and bilateral fisheries management arrangements,TV,Tuvalu,1999,,26,,,,N,units,,,,,N,National,,
DATAFLOW,SPC:DF_CLIMATE_CHANGE(1.0),Climate Change indicators,I,A,Annual,FISH_MNGT_MULT_BILAT_ARGMT,Fisheries management measures in place and multilateral and bilateral fisheries management arrangements,TV,Tuvalu,2000,,28,,,,N,units,,,,,N,National,,
DATAFLOW,SPC:DF_CLIMATE_CHANGE(1.0),Climate Change indicators,I,A,Annual,FISH_MNGT_MULT_BILAT_ARGMT,Fisheries management measures in place and multilateral and bilateral fisheries management arrangements,TV,Tuvalu,2001,,28,,,,N,units,,,,,N,National,,
DATAFLOW,SPC:DF_CLIMATE_CHANGE(1.0),Climate Change indicators,I,A,Annual,FISH_MNGT_MULT_BILAT_ARGMT,Fisheries management measures in place and multilateral and bilateral fisheries management arrangements,TV,Tuvalu,2002,,28,,,,N,units,,,,,N,National,,
DATAFLOW,SPC:DF_CLIMATE_CHANGE(1.0),Climate Change indicators,I,A,Annual,FISH_MNGT_MULT_BILAT_ARGMT,Fisheries management measures in place and multilateral and bilateral fisheries management arrangements,TV,Tuvalu,2003,,28,,,,N,units,,,,,N,National,,
DATAFLOW,SPC:DF_CLIMATE_CHANGE(1.0),Climate Change indicators,I,A,Annual,FISH_MNGT_MULT_BILAT_ARGMT,Fisheries management measures in place and multilateral and bilateral fisheries management arrangements,TV,Tuvalu,2004,,28,,,,N,units,,,,,N,National,,
DATAFLOW,SPC:DF_CLIMATE_CHANGE(1.0),Climate Change indicators,I,A,Annual,FISH_MNGT_MULT_BILAT_ARGMT,Fisheries management measures in place and multilateral and bilateral fisheries management arrangements,TV,Tuvalu,2005,,29,,,,N,units,,,,,N,National,,
DATAFLOW,SPC:DF_CLIMATE_CHANGE(1.0),Climate Change indicators,I,A,Annual,FISH_MNGT_MULT_BILAT_ARGMT,Fisheries management measures in place and multilateral and bilateral fisheries management arrangements,TV,Tuvalu,2006,,30,,,,N,units,,,,,N,National,,
DATAFLOW,SPC:DF_CLIMATE_CHANGE(1.0),Climate Change indicators,I,A,Annual,FISH_MNGT_MULT_BILAT_ARGMT,Fisheries management measures in place and multilateral and bilateral fisheries management arrangements,TV,Tuvalu,2007,,31,,,,N,units,,,,,N,National,,
DATAFLOW,SPC:DF_CLIMATE_CHANGE(1.0),Climate Change indicators,I,A,Annual,FISH_MNGT_MULT_BILAT_ARGMT,Fisheries management measures in place and multilateral and bilateral fisheries management arrangements,TV,Tuvalu,2008,,32,,,,N,units,,,,,N,National,,
DATAFLOW,SPC:DF_CLIMATE_CHANGE(1.0),Climate Change indicators,I,A,Annual,FISH_MNGT_MULT_BILAT_ARGMT,Fisheries management measures in place and multilateral and bilateral fisheries management arrangements,TV,Tuvalu,2009,,33,,,,N,units,,,,,N,National,,
DATAFLOW,SPC:DF_CLIMATE_CHANGE(1.0),Climate Change indicators,I,A,Annual,FISH_MNGT_MULT_BILAT_ARGMT,Fisheries management measures in place and multilateral and bilateral fisheries management arrangements,TV,Tuvalu,2010,,34,,,,N,units,,,,,N,National,,
DATAFLOW,SPC:DF_CLIMATE_CHANGE(1.0),Climate Change indicators,I,A,Annual,FISH_MNGT_MULT_BILAT_ARGMT,Fisheries management measures in place and multilateral and bilateral fisheries management arrangements,TV,Tuvalu,2011,,34,,,,N,units,,,,,N,National,,
DATAFLOW,SPC:DF_CLIMATE_CHANGE(1.0),Climate Change indicators,I,A,Annual,FISH_MNGT_MULT_BILAT_ARGMT,Fisheries management measures in place and multilateral and bilateral fisheries management arrangements,TV,Tuvalu,2012,,36,,,,N,units,,,,,N,National,,
DATAFLOW,SPC:DF_CLIMATE_CHANGE(1.0),Climate Change indicators,I,A,Annual,FISH_MNGT_MULT_BILAT_ARGMT,Fisheries management measures in place and multilateral and bilateral fisheries management arrangements,TV,Tuvalu,2013,,36,,,,N,units,,,,,N,National,,
DATAFLOW,SPC:DF_CLIMATE_CHANGE(1.0),Climate Change indicators,I,A,Annual,FISH_MNGT_MULT_BILAT_ARGMT,Fisheries management measures in place and multilateral and bilateral fisheries management arrangements,TV,Tuvalu,2014,,36,,,,N,units,,,,,N,National,,
DATAFLOW,SPC:DF_CLIMATE_CHANGE(1.0),Climate Change indicators,I,A,Annual,FISH_MNGT_MULT_BILAT_ARGMT,Fisheries management measures in place and multilateral and bilateral fisheries management arrangements,TV,Tuvalu,2015,,36,,,,N,units,,,,,N,National,,
DATAFLOW,SPC:DF_CLIMATE_CHANGE(1.0),Climate Change indicators,I,A,Annual,FISH_MNGT_MULT_BILAT_ARGMT,Fisheries management measures in place and multilateral and bilateral fisheries management arrangements,TV,Tuvalu,2016,,38,,,,N,units,,,,,N,National,,
DATAFLOW,SPC:DF_CLIMATE_CHANGE(1.0),Climate Change indicators,I,A,Annual,FISH_MNGT_MULT_BILAT_ARGMT,Fisheries management measures in place and multilateral and bilateral fisheries management arrangements,TV,Tuvalu,2017,,40,,,,N,units,,,,,N,National,,
DATAFLOW,SPC:DF_CLIMATE_CHANGE(1.0),Climate Change indicators,I,A,Annual,FISH_MNGT_MULT_BILAT_ARGMT,Fisheries management measures in place and multilateral and bilateral fisheries management arrangements,TV,Tuvalu,2018,,40,,,,N,units,,,,,N,National,,
DATAFLOW,SPC:DF_CLIMATE_CHANGE(1.0),Climate Change indicators,I,A,Annual,FISH_MNGT_MULT_BILAT_ARGMT,Fisheries management measures in place and multilateral and bilateral fisheries management arrangements,TV,Tuvalu,2019,,40,,,,N,units,,,,,N,National,,
DATAFLOW,SPC:DF_CLIMATE_CHANGE(1.0),Climate Change indicators,I,A,Annual,FISH_MNGT_MULT_BILAT_ARGMT,Fisheries management measures in place and multilateral and bilateral fisheries management arrangements,TV,Tuvalu,2020,,43,,,,N,units,,,,,N,National,,
DATAFLOW,SPC:DF_CLIMATE_CHANGE(1.0),Climate Change indicators,I,A,Annual,FISH_MNGT_MULT_BILAT_ARGMT,Fisheries management measures in place and multilateral and bilateral fisheries management arrangements,TV,Tuvalu,2021,,43,,,,N,units,,,,,N,National,,
DATAFLOW,SPC:DF_CLIMATE_CHANGE(1.0),Climate Change indicators,I,A,Annual,FISH_MNGT_MULT_BILAT_ARGMT,Fisheries management measures in place and multilateral and bilateral fisheries management arrangements,TV,Tuvalu,2022,,43,,,,N,units,,,,,N,National,,
DATAFLOW,SPC:DF_CLIMATE_CHANGE(1.0),Climate Change indicators,I,A,Annual,FISH_MNGT_MULT_BILAT_ARGMT,Fisheries management measures in place and multilateral and bilateral fisheries management arrangements,TV,Tuvalu,2023,,43,,,,N,units,,,,,N,National,,
DATAFLOW,SPC:DF_CLIMATE_CHANGE(1.0),Climate Change indicators,I,A,Annual,FISH_MNGT_MULT_BILAT_ARGMT,Fisheries management measures in place and multilateral and bilateral fisheries management arrangements,TV,Tuvalu,2024,,43,,,,N,units,,,,,N,National,,
DATAFLOW,SPC:DF_CLIMATE_CHANGE(1.0),Climate Change indicators,I,A,Annual,FISH_MNGT_MULT_BILAT_ARGMT,Fisheries management measures in place and multilateral and bilateral fisheries management arrangements,TV,Tuvalu,2025,,43,,,,N,units,,,,,N,National,,
DATAFLOW,SPC:DF_CLIMATE_CHANGE(1.0),Climate Change indicators,I,A,Annual,FISH_MNGT_MULT_BILAT_ARGMT,Fisheries management measures in place and multilateral and bilateral fisheries management arrangements,TV,Tuvalu,2026,,43,,,,N,units,,,,,N,National,,
DATAFLOW,SPC:DF_CLIMATE_CHANGE(1.0),Climate Change indicators,I,A,Annual,FISH_MNGT_MULT_BILAT_ARGMT,Fisheries management measures in place and multilateral and bilateral fisheries management arrangements,KI,Kiribati,1965,,1,,,,N,units,,,,,N,National,,
DATAFLOW,SPC:DF_CLIMATE_CHANGE(1.0),Climate Change indicators,I,A,Annual,FISH_MNGT_MULT_BILAT_ARGMT,Fisheries management measures in place and multilateral and bilateral fisheries management arrangements,KI,Kiribati,1966,,1,,,,N,units,,,,,N,National,,
DATAFLOW,SPC:DF_CLIMATE_CHANGE(1.0),Climate Change indicators,I,A,Annual,FISH_MNGT_MULT_BILAT_ARGMT,Fisheries management measures in place and multilateral and bilateral fisheries management arrangements,KI,Kiribati,1967,,1,,,,N,units,,,,,N,National,,
DATAFLOW,SPC:DF_CLIMATE_CHANGE(1.0),Climate Change indicators,I,A,Annual,FISH_MNGT_MULT_BILAT_ARGMT,Fisheries management measures in place and multilateral and bilateral fisheries management arrangements,KI,Kiribati,1968,,1,,,,N,units,,,,,N,National,,
DATAFLOW,SPC:DF_CLIMATE_CHANGE(1.0),Climate Change indicators,I,A,Annual,FISH_MNGT_MULT_BILAT_ARGMT,Fisheries management measures in place and multilateral and bilateral fisheries management arrangements,KI,Kiribati,1969,,1,,,,N,units,,,,,N,National,,
DATAFLOW,SPC:DF_CLIMATE_CHANGE(1.0),Climate Change indicators,I,A,Annual,FISH_MNGT_MULT_BILAT_ARGMT,Fisheries management measures in place and multilateral and bilateral fisheries management arrangements,KI,Kiribati,1970,,1,,,,N,units,,,,,N,National,,
DATAFLOW,SPC:DF_CLIMATE_CHANGE(1.0),Climate Change indicators,I,A,Annual,FISH_MNGT_MULT_BILAT_ARGMT,Fisheries management measures in place and multilateral and bilateral fisheries management arrangements,KI,Kiribati,1971,,1,,,,N,units,,,,,N,National,,
DATAFLOW,SPC:DF_CLIMATE_CHANGE(1.0),Climate Change indicators,I,A,Annual,FISH_MNGT_MULT_BILAT_ARGMT,Fisheries management measures in place and multilateral and bilateral fisheries management arrangements,KI,Kiribati,1972,,1,,,,N,units,,,,,N,National,,
DATAFLOW,SPC:DF_CLIMATE_CHANGE(1.0),Climate Change indicators,I,A,Annual,FISH_MNGT_MULT_BILAT_ARGMT,Fisheries management measures in place and multilateral and bilateral fisheries management arrangements,KI,Kiribati,1973,,1,,,,N,units,,,,,N,National,,
DATAFLOW,SPC:DF_CLIMATE_CHANGE(1.0),Climate Change indicators,I,A,Annual,FISH_MNGT_MULT_BILAT_ARGMT,Fisheries management measures in place and multilateral and bilateral fisheries management arrangements,KI,Kiribati,1974,,1,,,,N,units,,,,,N,National,,
DATAFLOW,SPC:DF_CLIMATE_CHANGE(1.0),Climate Change indicators,I,A,Annual,FISH_MNGT_MULT_BILAT_ARGMT,Fisheries management measures in place and multilateral and bilateral fisheries management arrangements,KI,Kiribati,1975,,1,,,,N,units,,,,,N,National,,
DATAFLOW,SPC:DF_CLIMATE_CHANGE(1.0),Climate Change indicators,I,A,Annual,FISH_MNGT_MULT_BILAT_ARGMT,Fisheries management measures in place and multilateral and bilateral fisheries management arrangements,KI,Kiribati,1976,,1,,,,N,units,,,,,N,National,,
DATAFLOW,SPC:DF_CLIMATE_CHANGE(1.0),Climate Change indicators,I,A,Annual,FISH_MNGT_MULT_BILAT_ARGMT,Fisheries management measures in place and multilateral and bilateral fisheries management arrangements,KI,Kiribati,1977,,2,,,,N,units,,,,,N,National,,
DATAFLOW,SPC:DF_CLIMATE_CHANGE(1.0),Climate Change indicators,I,A,Annual,FISH_MNGT_MULT_BILAT_ARGMT,Fisheries management measures in place and multilateral and bilateral fisheries management arrangements,KI,Kiribati,1978,,3,,,,N,units,,,,,N,National,,
DATAFLOW,SPC:DF_CLIMATE_CHANGE(1.0),Climate Change indicators,I,A,Annual,FISH_MNGT_MULT_BILAT_ARGMT,Fisheries management measures in place and multilateral and bilateral fisheries management arrangements,KI,Kiribati,1979,,6,,,,N,units,,,,,N,National,,
DATAFLOW,SPC:DF_CLIMATE_CHANGE(1.0),Climate Change indicators,I,A,Annual,FISH_MNGT_MULT_BILAT_ARGMT,Fisheries management measures in place and multilateral and bilateral fisheries management arrangements,KI,Kiribati,1980,,6,,,,N,units,,,,,N,National,,
DATAFLOW,SPC:DF_CLIMATE_CHANGE(1.0),Climate Change indicators,I,A,Annual,FISH_MNGT_MULT_BILAT_ARGMT,Fisheries management measures in place and multilateral and bilateral fisheries management arrangements,KI,Kiribati,1981,,8,,,,N,units,,,,,N,National,,
DATAFLOW,SPC:DF_CLIMATE_CHANGE(1.0),Climate Change indicators,I,A,Annual,FISH_MNGT_MULT_BILAT_ARGMT,Fisheries management measures in place and multilateral and bilateral fisheries management arrangements,KI,Kiribati,1982,,10,,,,N,units,,,,,N,National,,
DATAFLOW,SPC:DF_CLIMATE_CHANGE(1.0),Climate Change indicators,I,A,Annual,FISH_MNGT_MULT_BILAT_ARGMT,Fisheries management measures in place and multilateral and bilateral fisheries management arrangements,KI,Kiribati,1983,,12,,,,N,units,,,,,N,National,,
DATAFLOW,SPC:DF_CLIMATE_CHANGE(1.0),Climate Change indicators,I,A,Annual,FISH_MNGT_MULT_BILAT_ARGMT,Fisheries management measures in place and multilateral and bilateral fisheries management arrangements,KI,Kiribati,1984,,14,,,,N,units,,,,,N,National,,
DATAFLOW,SPC:DF_CLIMATE_CHANGE(1.0),Climate Change indicators,I,A,Annual,FISH_MNGT_MULT_BILAT_ARGMT,Fisheries management measures in place and multilateral and bilateral fisheries management arrangements,KI,Kiribati,1985,,14,,,,N,units,,,,,N,National,,
DATAFLOW,SPC:DF_CLIMATE_CHANGE(1.0),Climate Change indicators,I,A,Annual,FISH_MNGT_MULT_BILAT_ARGMT,Fisheries management measures in place and multilateral and bilateral fisheries management arrangements,KI,Kiribati,1986,,14,,,,N,units,,,,,N,National,,
DATAFLOW,SPC:DF_CLIMATE_CHANGE(1.0),Climate Change indicators,I,A,Annual,FISH_MNGT_MULT_BILAT_ARGMT,Fisheries management measures in place and multilateral and bilateral fisheries management arrangements,KI,Kiribati,1987,,15,,,,N,units,,,,,N,National,,
DATAFLOW,SPC:DF_CLIMATE_CHANGE(1.0),Climate Change indicators,I,A,Annual,FISH_MNGT_MULT_BILAT_ARGMT,Fisheries management measures in place and multilateral and bilateral fisheries management arrangements,KI,Kiribati,1988,,16,,,,N,units,,,,,N,National,,
DATAFLOW,SPC:DF_CLIMATE_CHANGE(1.0),Climate Change indicators,I,A,Annual,FISH_MNGT_MULT_BILAT_ARGMT,Fisheries management measures in place and multilateral and bilateral fisheries management arrangements,KI,Kiribati,1989,,17,,,,N,units,,,,,N,National,,
DATAFLOW,SPC:DF_CLIMATE_CHANGE(1.0),Climate Change indicators,I,A,Annual,FISH_MNGT_MULT_BILAT_ARGMT,Fisheries management measures in place and multilateral and bilateral fisheries management arrangements,KI,Kiribati,1990,,21,,,,N,units,,,,,N,National,,
DATAFLOW,SPC:DF_CLIMATE_CHANGE(1.0),Climate Change indicators,I,A,Annual,FISH_MNGT_MULT_BILAT_ARGMT,Fisheries management measures in place and multilateral and bilateral fisheries management arrangements,KI,Kiribati,1991,,21,,,,N,units,,,,,N,National,,
DATAFLOW,SPC:DF_CLIMATE_CHANGE(1.0),Climate Change indicators,I,A,Annual,FISH_MNGT_MULT_BILAT_ARGMT,Fisheries management measures in place and multilateral and bilateral fisheries management arrangements,KI,Kiribati,1992,,24,,,,N,units,,,,,N,National,,
DATAFLOW,SPC:DF_CLIMATE_CHANGE(1.0),Climate Change indicators,I,A,Annual,FISH_MNGT_MULT_BILAT_ARGMT,Fisheries management measures in place and multilateral and bilateral fisheries management arrangements,KI,Kiribati,1993,,24,,,,N,units,,,,,N,National,,
DATAFLOW,SPC:DF_CLIMATE_CHANGE(1.0),Climate Change indicators,I,A,Annual,FISH_MNGT_MULT_BILAT_ARGMT,Fisheries management measures in place and multilateral and bilateral fisheries management arrangements,KI,Kiribati,1994,,25,,,,N,units,,,,,N,National,,
DATAFLOW,SPC:DF_CLIMATE_CHANGE(1.0),Climate Change indicators,I,A,Annual,FISH_MNGT_MULT_BILAT_ARGMT,Fisheries management measures in place and multilateral and bilateral fisheries management arrangements,KI,Kiribati,1995,,26,,,,N,units,,,,,N,National,,
DATAFLOW,SPC:DF_CLIMATE_CHANGE(1.0),Climate Change indicators,I,A,Annual,FISH_MNGT_MULT_BILAT_ARGMT,Fisheries management measures in place and multilateral and bilateral fisheries management arrangements,KI,Kiribati,1996,,26,,,,N,units,,,,,N,National,,
DATAFLOW,SPC:DF_CLIMATE_CHANGE(1.0),Climate Change indicators,I,A,Annual,FISH_MNGT_MULT_BILAT_ARGMT,Fisheries management measures in place and multilateral and bilateral fisheries management arrangements,KI,Kiribati,1997,,27,,,,N,units,,,,,N,National,,
DATAFLOW,SPC:DF_CLIMATE_CHANGE(1.0),Climate Change indicators,I,A,Annual,FISH_MNGT_MULT_BILAT_ARGMT,Fisheries management measures in place and multilateral and bilateral fisheries management arrangements,KI,Kiribati,1998,,27,,,,N,units,,,,,N,National,,
DATAFLOW,SPC:DF_CLIMATE_CHANGE(1.0),Climate Change indicators,I,A,Annual,FISH_MNGT_MULT_BILAT_ARGMT,Fisheries management measures in place and multilateral and bilateral fisheries management arrangements,KI,Kiribati,1999,,27,,,,N,units,,,,,N,National,,
DATAFLOW,SPC:DF_CLIMATE_CHANGE(1.0),Climate Change indicators,I,A,Annual,FISH_MNGT_MULT_BILAT_ARGMT,Fisheries management measures in place and multilateral and bilateral fisheries management arrangements,KI,Kiribati,2000,,29,,,,N,units,,,,,N,National,,
DATAFLOW,SPC:DF_CLIMATE_CHANGE(1.0),Climate Change indicators,I,A,Annual,FISH_MNGT_MULT_BILAT_ARGMT,Fisheries management measures in place and multilateral and bilateral fisheries management arrangements,KI,Kiribati,2001,,30,,,,N,units,,,,,N,National,,
DATAFLOW,SPC:DF_CLIMATE_CHANGE(1.0),Climate Change indicators,I,A,Annual,FISH_MNGT_MULT_BILAT_ARGMT,Fisheries management measures in place and multilateral and bilateral fisheries management arrangements,KI,Kiribati,2002,,31,,,,N,units,,,,,N,National,,
DATAFLOW,SPC:DF_CLIMATE_CHANGE(1.0),Climate Change indicators,I,A,Annual,FISH_MNGT_MULT_BILAT_ARGMT,Fisheries management measures in place and multilateral and bilateral fisheries management arrangements,KI,Kiribati,2003,,32,,,,N,units,,,,,N,National,,
DATAFLOW,SPC:DF_CLIMATE_CHANGE(1.0),Climate Change indicators,I,A,Annual,FISH_MNGT_MULT_BILAT_ARGMT,Fisheries management measures in place and multilateral and bilateral fisheries management arrangements,KI,Kiribati,2004,,32,,,,N,units,,,,,N,National,,
DATAFLOW,SPC:DF_CLIMATE_CHANGE(1.0),Climate Change indicators,I,A,Annual,FISH_MNGT_MULT_BILAT_ARGMT,Fisheries management measures in place and multilateral and bilateral fisheries management arrangements,KI,Kiribati,2005,,32,,,,N,units,,,,,N,National,,
DATAFLOW,SPC:DF_CLIMATE_CHANGE(1.0),Climate Change indicators,I,A,Annual,FISH_MNGT_MULT_BILAT_ARGMT,Fisheries management measures in place and multilateral and bilateral fisheries management arrangements,KI,Kiribati,2006,,33,,,,N,units,,,,,N,National,,
DATAFLOW,SPC:DF_CLIMATE_CHANGE(1.0),Climate Change indicators,I,A,Annual,FISH_MNGT_MULT_BILAT_ARGMT,Fisheries management measures in place and multilateral and bilateral fisheries management arrangements,KI,Kiribati,2007,,36,,,,N,units,,,,,N,National,,
DATAFLOW,SPC:DF_CLIMATE_CHANGE(1.0),Climate Change indicators,I,A,Annual,FISH_MNGT_MULT_BILAT_ARGMT,Fisheries management measures in place and multilateral and bilateral fisheries management arrangements,KI,Kiribati,2008,,39,,,,N,units,,,,,N,National,,
DATAFLOW,SPC:DF_CLIMATE_CHANGE(1.0),Climate Change indicators,I,A,Annual,FISH_MNGT_MULT_BILAT_ARGMT,Fisheries management measures in place and multilateral and bilateral fisheries management arrangements,KI,Kiribati,2009,,40,,,,N,units,,,,,N,National,,
DATAFLOW,SPC:DF_CLIMATE_CHANGE(1.0),Climate Change indicators,I,A,Annual,FISH_MNGT_MULT_BILAT_ARGMT,Fisheries management measures in place and multilateral and bilateral fisheries management arrangements,KI,Kiribati,2010,,41,,,,N,units,,,,,N,National,,
DATAFLOW,SPC:DF_CLIMATE_CHANGE(1.0),Climate Change indicators,I,A,Annual,FISH_MNGT_MULT_BILAT_ARGMT,Fisheries management measures in place and multilateral and bilateral fisheries management arrangements,KI,Kiribati,2011,,42,,,,N,units,,,,,N,National,,
DATAFLOW,SPC:DF_CLIMATE_CHANGE(1.0),Climate Change indicators,I,A,Annual,FISH_MNGT_MULT_BILAT_ARGMT,Fisheries management measures in place and multilateral and bilateral fisheries management arrangements,KI,Kiribati,2012,,44,,,,N,units,,,,,N,National,,
DATAFLOW,SPC:DF_CLIMATE_CHANGE(1.0),Climate Change indicators,I,A,Annual,FISH_MNGT_MULT_BILAT_ARGMT,Fisheries management measures in place and multilateral and bilateral fisheries management arrangements,KI,Kiribati,2013,,46,,,,N,units,,,,,N,National,,
DATAFLOW,SPC:DF_CLIMATE_CHANGE(1.0),Climate Change indicators,I,A,Annual,FISH_MNGT_MULT_BILAT_ARGMT,Fisheries management measures in place and multilateral and bilateral fisheries management arrangements,KI,Kiribati,2014,,49,,,,N,units,,,,,N,National,,
DATAFLOW,SPC:DF_CLIMATE_CHANGE(1.0),Climate Change indicators,I,A,Annual,FISH_MNGT_MULT_BILAT_ARGMT,Fisheries management measures in place and multilateral and bilateral fisheries management arrangements,KI,Kiribati,2015,,53,,,,N,units,,,,,N,National,,
DATAFLOW,SPC:DF_CLIMATE_CHANGE(1.0),Climate Change indicators,I,A,Annual,FISH_MNGT_MULT_BILAT_ARGMT,Fisheries management measures in place and multilateral and bilateral fisheries management arrangements,KI,Kiribati,2016,,56,,,,N,units,,,,,N,National,,
DATAFLOW,SPC:DF_CLIMATE_CHANGE(1.0),Climate Change indicators,I,A,Annual,FISH_MNGT_MULT_BILAT_ARGMT,Fisheries management measures in place and multilateral and bilateral fisheries management arrangements,KI,Kiribati,2017,,59,,,,N,units,,,,,N,National,,
DATAFLOW,SPC:DF_CLIMATE_CHANGE(1.0),Climate Change indicators,I,A,Annual,FISH_MNGT_MULT_BILAT_ARGMT,Fisheries management measures in place and multilateral and bilateral fisheries management arrangements,KI,Kiribati,2018,,59,,,,N,units,,,,,N,National,,
DATAFLOW,SPC:DF_CLIMATE_CHANGE(1.0),Climate Change indicators,I,A,Annual,FISH_MNGT_MULT_BILAT_ARGMT,Fisheries management measures in place and multilateral and bilateral fisheries management arrangements,KI,Kiribati,2019,,65,,,,N,units,,,,,N,National,,
DATAFLOW,SPC:DF_CLIMATE_CHANGE(1.0),Climate Change indicators,I,A,Annual,FISH_MNGT_MULT_BILAT_ARGMT,Fisheries management measures in place and multilateral and bilateral fisheries management arrangements,KI,Kiribati,2020,,67,,,,N,units,,,,,N,National,,
DATAFLOW,SPC:DF_CLIMATE_CHANGE(1.0),Climate Change indicators,I,A,Annual,FISH_MNGT_MULT_BILAT_ARGMT,Fisheries management measures in place and multilateral and bilateral fisheries management arrangements,KI,Kiribati,2021,,69,,,,N,units,,,,,N,National,,
DATAFLOW,SPC:DF_CLIMATE_CHANGE(1.0),Climate Change indicators,I,A,Annual,FISH_MNGT_MULT_BILAT_ARGMT,Fisheries management measures in place and multilateral and bilateral fisheries management arrangements,KI,Kiribati,2022,,71,,,,N,units,,,,,N,National,,
DATAFLOW,SPC:DF_CLIMATE_CHANGE(1.0),Climate Change indicators,I,A,Annual,FISH_MNGT_MULT_BILAT_ARGMT,Fisheries management measures in place and multilateral and bilateral fisheries management arrangements,KI,Kiribati,2023,,71,,,,N,units,,,,,N,National,,
DATAFLOW,SPC:DF_CLIMATE_CHANGE(1.0),Climate Change indicators,I,A,Annual,FISH_MNGT_MULT_BILAT_ARGMT,Fisheries management measures in place and multilateral and bilateral fisheries management arrangements,KI,Kiribati,2024,,71,,,,N,units,,,,,N,National,,
DATAFLOW,SPC:DF_CLIMATE_CHANGE(1.0),Climate Change indicators,I,A,Annual,FISH_MNGT_MULT_BILAT_ARGMT,Fisheries management measures in place and multilateral and bilateral fisheries management arrangements,KI,Kiribati,2025,,71,,,,N,units,,,,,N,National,,
DATAFLOW,SPC:DF_CLIMATE_CHANGE(1.0),Climate Change indicators,I,A,Annual,FISH_MNGT_MULT_BILAT_ARGMT,Fisheries management measures in place and multilateral and bilateral fisheries management arrangements,KI,Kiribati,2026,,71,,,,N,units,,,,,N,National,,
DATAFLOW,SPC:DF_CLIMATE_CHANGE(1.0),Climate Change indicators,I,A,Annual,FISH_MNGT_MULT_BILAT_ARGMT,Fisheries management measures in place and multilateral and bilateral fisheries management arrangements,PG,Papua New Guinea,1952,,1,,,,N,units,,,,,N,National,,
DATAFLOW,SPC:DF_CLIMATE_CHANGE(1.0),Climate Change indicators,I,A,Annual,FISH_MNGT_MULT_BILAT_ARGMT,Fisheries management measures in place and multilateral and bilateral fisheries management arrangements,PG,Papua New Guinea,1953,,2,,,,N,units,,,,,N,National,,
DATAFLOW,SPC:DF_CLIMATE_CHANGE(1.0),Climate Change indicators,I,A,Annual,FISH_MNGT_MULT_BILAT_ARGMT,Fisheries management measures in place and multilateral and bilateral fisheries management arrangements,PG,Papua New Guinea,1954,,2,,,,N,units,,,,,N,National,,
DATAFLOW,SPC:DF_CLIMATE_CHANGE(1.0),Climate Change indicators,I,A,Annual,FISH_MNGT_MULT_BILAT_ARGMT,Fisheries management measures in place and multilateral and bilateral fisheries management arrangements,PG,Papua New Guinea,1955,,3,,,,N,units,,,,,N,National,,
DATAFLOW,SPC:DF_CLIMATE_CHANGE(1.0),Climate Change indicators,I,A,Annual,FISH_MNGT_MULT_BILAT_ARGMT,Fisheries management measures in place and multilateral and bilateral fisheries management arrangements,PG,Papua New Guinea,1956,,4,,,,N,units,,,,,N,National,,
DATAFLOW,SPC:DF_CLIMATE_CHANGE(1.0),Climate Change indicators,I,A,Annual,FISH_MNGT_MULT_BILAT_ARGMT,Fisheries management measures in place and multilateral and bilateral fisheries management arrangements,PG,Papua New Guinea,1957,,4,,,,N,units,,,,,N,National,,
DATAFLOW,SPC:DF_CLIMATE_CHANGE(1.0),Climate Change indicators,I,A,Annual,FISH_MNGT_MULT_BILAT_ARGMT,Fisheries management measures in place and multilateral and bilateral fisheries management arrangements,PG,Papua New Guinea,1958,,4,,,,N,units,,,,,N,National,,
DATAFLOW,SPC:DF_CLIMATE_CHANGE(1.0),Climate Change indicators,I,A,Annual,FISH_MNGT_MULT_BILAT_ARGMT,Fisheries management measures in place and multilateral and bilateral fisheries management arrangements,PG,Papua New Guinea,1959,,4,,,,N,units,,,,,N,National,,
DATAFLOW,SPC:DF_CLIMATE_CHANGE(1.0),Climate Change indicators,I,A,Annual,FISH_MNGT_MULT_BILAT_ARGMT,Fisheries management measures in place and multilateral and bilateral fisheries management arrangements,PG,Papua New Guinea,1960,,4,,,,N,units,,,,,N,National,,
DATAFLOW,SPC:DF_CLIMATE_CHANGE(1.0),Climate Change indicators,I,A,Annual,FISH_MNGT_MULT_BILAT_ARGMT,Fisheries management measures in place and multilateral and bilateral fisheries management arrangements,PG,Papua New Guinea,1961,,4,,,,N,units,,,,,N,National,,
DATAFLOW,SPC:DF_CLIMATE_CHANGE(1.0),Climate Change indicators,I,A,Annual,FISH_MNGT_MULT_BILAT_ARGMT,Fisheries management measures in place and multilateral and bilateral fisheries management arrangements,PG,Papua New Guinea,1962,,4,,,,N,units,,,,,N,National,,
DATAFLOW,SPC:DF_CLIMATE_CHANGE(1.0),Climate Change indicators,I,A,Annual,FISH_MNGT_MULT_BILAT_ARGMT,Fisheries management measures in place and multilateral and bilateral fisheries management arrangements,PG,Papua New Guinea,1963,,4,,,,N,units,,,,,N,National,,
DATAFLOW,SPC:DF_CLIMATE_CHANGE(1.0),Climate Change indicators,I,A,Annual,FISH_MNGT_MULT_BILAT_ARGMT,Fisheries management measures in place and multilateral and bilateral fisheries management arrangements,PG,Papua New Guinea,1964,,4,,,,N,units,,,,,N,National,,
DATAFLOW,SPC:DF_CLIMATE_CHANGE(1.0),Climate Change indicators,I,A,Annual,FISH_MNGT_MULT_BILAT_ARGMT,Fisheries management measures in place and multilateral and bilateral fisheries management arrangements,PG,Papua New Guinea,1965,,4,,,,N,units,,,,,N,National,,
DATAFLOW,SPC:DF_CLIMATE_CHANGE(1.0),Climate Change indicators,I,A,Annual,FISH_MNGT_MULT_BILAT_ARGMT,Fisheries management measures in place and multilateral and bilateral fisheries management arrangements,PG,Papua New Guinea,1966,,4,,,,N,units,,,,,N,National,,
DATAFLOW,SPC:DF_CLIMATE_CHANGE(1.0),Climate Change indicators,I,A,Annual,FISH_MNGT_MULT_BILAT_ARGMT,Fisheries management measures in place and multilateral and bilateral fisheries management arrangements,PG,Papua New Guinea,1967,,5,,,,N,units,,,,,N,National,,
DATAFLOW,SPC:DF_CLIMATE_CHANGE(1.0),Climate Change indicators,I,A,Annual,FISH_MNGT_MULT_BILAT_ARGMT,Fisheries management measures in place and multilateral and bilateral fisheries management arrangements,PG,Papua New Guinea,1968,,5,,,,N,units,,,,,N,National,,
DATAFLOW,SPC:DF_CLIMATE_CHANGE(1.0),Climate Change indicators,I,A,Annual,FISH_MNGT_MULT_BILAT_ARGMT,Fisheries management measures in place and multilateral and bilateral fisheries management arrangements,PG,Papua New Guinea,1969,,5,,,,N,units,,,,,N,National,,
DATAFLOW,SPC:DF_CLIMATE_CHANGE(1.0),Climate Change indicators,I,A,Annual,FISH_MNGT_MULT_BILAT_ARGMT,Fisheries management measures in place and multilateral and bilateral fisheries management arrangements,PG,Papua New Guinea,1970,,5,,,,N,units,,,,,N,National,,
DATAFLOW,SPC:DF_CLIMATE_CHANGE(1.0),Climate Change indicators,I,A,Annual,FISH_MNGT_MULT_BILAT_ARGMT,Fisheries management measures in place and multilateral and bilateral fisheries management arrangements,PG,Papua New Guinea,1971,,5,,,,N,units,,,,,N,National,,
DATAFLOW,SPC:DF_CLIMATE_CHANGE(1.0),Climate Change indicators,I,A,Annual,FISH_MNGT_MULT_BILAT_ARGMT,Fisheries management measures in place and multilateral and bilateral fisheries management arrangements,PG,Papua New Guinea,1972,,5,,,,N,units,,,,,N,National,,
DATAFLOW,SPC:DF_CLIMATE_CHANGE(1.0),Climate Change indicators,I,A,Annual,FISH_MNGT_MULT_BILAT_ARGMT,Fisheries management measures in place and multilateral and bilateral fisheries management arrangements,PG,Papua New Guinea,1973,,5,,,,N,units,,,,,N,National,,
DATAFLOW,SPC:DF_CLIMATE_CHANGE(1.0),Climate Change indicators,I,A,Annual,FISH_MNGT_MULT_BILAT_ARGMT,Fisheries management measures in place and multilateral and bilateral fisheries management arrangements,PG,Papua New Guinea,1974,,7,,,,N,units,,,,,N,National,,
DATAFLOW,SPC:DF_CLIMATE_CHANGE(1.0),Climate Change indicators,I,A,Annual,FISH_MNGT_MULT_BILAT_ARGMT,Fisheries management measures in place and multilateral and bilateral fisheries management arrangements,PG,Papua New Guinea,1975,,8,,,,N,units,,,,,N,National,,
DATAFLOW,SPC:DF_CLIMATE_CHANGE(1.0),Climate Change indicators,I,A,Annual,FISH_MNGT_MULT_BILAT_ARGMT,Fisheries management measures in place and multilateral and bilateral fisheries management arrangements,PG,Papua New Guinea,1976,,8,,,,N,units,,,,,N,National,,
DATAFLOW,SPC:DF_CLIMATE_CHANGE(1.0),Climate Change indicators,I,A,Annual,FISH_MNGT_MULT_BILAT_ARGMT,Fisheries management measures in place and multilateral and bilateral fisheries management arrangements,PG,Papua New Guinea,1977,,12,,,,N,units,,,,,N,National,,
DATAFLOW,SPC:DF_CLIMATE_CHANGE(1.0),Climate Change indicators,I,A,Annual,FISH_MNGT_MULT_BILAT_ARGMT,Fisheries management measures in place and multilateral and bilateral fisheries management arrangements,PG,Papua New Guinea,1978,,15,,,,N,units,,,,,N,National,,
DATAFLOW,SPC:DF_CLIMATE_CHANGE(1.0),Climate Change indicators,I,A,Annual,FISH_MNGT_MULT_BILAT_ARGMT,Fisheries management measures in place and multilateral and bilateral fisheries management arrangements,PG,Papua New Guinea,1979,,16,,,,N,units,,,,,N,National,,
DATAFLOW,SPC:DF_CLIMATE_CHANGE(1.0),Climate Change indicators,I,A,Annual,FISH_MNGT_MULT_BILAT_ARGMT,Fisheries management measures in place and multilateral and bilateral fisheries management arrangements,PG,Papua New Guinea,1980,,19,,,,N,units,,,,,N,National,,
DATAFLOW,SPC:DF_CLIMATE_CHANGE(1.0),Climate Change indicators,I,A,Annual,FISH_MNGT_MULT_BILAT_ARGMT,Fisheries management measures in place and multilateral and bilateral fisheries management arrangements,PG,Papua New Guinea,1981,,19,,,,N,units,,,,,N,National,,
DATAFLOW,SPC:DF_CLIMATE_CHANGE(1.0),Climate Change indicators,I,A,Annual,FISH_MNGT_MULT_BILAT_ARGMT,Fisheries management measures in place and multilateral and bilateral fisheries management arrangements,PG,Papua New Guinea,1982,,23,,,,N,units,,,,,N,National,,
DATAFLOW,SPC:DF_CLIMATE_CHANGE(1.0),Climate Change indicators,I,A,Annual,FISH_MNGT_MULT_BILAT_ARGMT,Fisheries management measures in place and multilateral and bilateral fisheries management arrangements,PG,Papua New Guinea,1983,,23,,,,N,units,,,,,N,National,,
DATAFLOW,SPC:DF_CLIMATE_CHANGE(1.0),Climate Change indicators,I,A,Annual,FISH_MNGT_MULT_BILAT_ARGMT,Fisheries management measures in place and multilateral and bilateral fisheries management arrangements,PG,Papua New Guinea,1984,,27,,,,N,units,,,,,N,National,,
DATAFLOW,SPC:DF_CLIMATE_CHANGE(1.0),Climate Change indicators,I,A,Annual,FISH_MNGT_MULT_BILAT_ARGMT,Fisheries management measures in place and multilateral and bilateral fisheries management arrangements,PG,Papua New Guinea,1985,,27,,,,N,units,,,,,N,National,,
DATAFLOW,SPC:DF_CLIMATE_CHANGE(1.0),Climate Change indicators,I,A,Annual,FISH_MNGT_MULT_BILAT_ARGMT,Fisheries management measures in place and multilateral and bilateral fisheries management arrangements,PG,Papua New Guinea,1986,,27,,,,N,units,,,,,N,National,,
DATAFLOW,SPC:DF_CLIMATE_CHANGE(1.0),Climate Change indicators,I,A,Annual,FISH_MNGT_MULT_BILAT_ARGMT,Fisheries management measures in place and multilateral and bilateral fisheries management arrangements,PG,Papua New Guinea,1987,,29,,,,N,units,,,,,N,National,,
DATAFLOW,SPC:DF_CLIMATE_CHANGE(1.0),Climate Change indicators,I,A,Annual,FISH_MNGT_MULT_BILAT_ARGMT,Fisheries management measures in place and multilateral and bilateral fisheries management arrangements,PG,Papua New Guinea,1988,,29,,,,N,units,,,,,N,National,,
DATAFLOW,SPC:DF_CLIMATE_CHANGE(1.0),Climate Change indicators,I,A,Annual,FISH_MNGT_MULT_BILAT_ARGMT,Fisheries management measures in place and multilateral and bilateral fisheries management arrangements,PG,Papua New Guinea,1989,,32,,,,N,units,,,,,N,National,,
DATAFLOW,SPC:DF_CLIMATE_CHANGE(1.0),Climate Change indicators,I,A,Annual,FISH_MNGT_MULT_BILAT_ARGMT,Fisheries management measures in place and multilateral and bilateral fisheries management arrangements,PG,Papua New Guinea,1990,,36,,,,N,units,,,,,N,National,,
DATAFLOW,SPC:DF_CLIMATE_CHANGE(1.0),Climate Change indicators,I,A,Annual,FISH_MNGT_MULT_BILAT_ARGMT,Fisheries management measures in place and multilateral and bilateral fisheries management arrangements,PG,Papua New Guinea,1991,,36,,,,N,units,,,,,N,National,,
DATAFLOW,SPC:DF_CLIMATE_CHANGE(1.0),Climate Change indicators,I,A,Annual,FISH_MNGT_MULT_BILAT_ARGMT,Fisheries management measures in place and multilateral and bilateral fisheries management arrangements,PG,Papua New Guinea,1992,,39,,,,N,units,,,,,N,National,,
DATAFLOW,SPC:DF_CLIMATE_CHANGE(1.0),Climate Change indicators,I,A,Annual,FISH_MNGT_MULT_BILAT_ARGMT,Fisheries management measures in place and multilateral and bilateral fisheries management arrangements,PG,Papua New Guinea,1993,,39,,,,N,units,,,,,N,National,,
DATAFLOW,SPC:DF_CLIMATE_CHANGE(1.0),Climate Change indicators,I,A,Annual,FISH_MNGT_MULT_BILAT_ARGMT,Fisheries management measures in place and multilateral and bilateral fisheries management arrangements,PG,Papua New Guinea,1994,,41,,,,N,units,,,,,N,National,,
DATAFLOW,SPC:DF_CLIMATE_CHANGE(1.0),Climate Change indicators,I,A,Annual,FISH_MNGT_MULT_BILAT_ARGMT,Fisheries management measures in place and multilateral and bilateral fisheries management arrangements,PG,Papua New Guinea,1995,,43,,,,N,units,,,,,N,National,,
DATAFLOW,SPC:DF_CLIMATE_CHANGE(1.0),Climate Change indicators,I,A,Annual,FISH_MNGT_MULT_BILAT_ARGMT,Fisheries management measures in place and multilateral and bilateral fisheries management arrangements,PG,Papua New Guinea,1996,,43,,,,N,units,,,,,N,National,,
DATAFLOW,SPC:DF_CLIMATE_CHANGE(1.0),Climate Change indicators,I,A,Annual,FISH_MNGT_MULT_BILAT_ARGMT,Fisheries management measures in place and multilateral and bilateral fisheries management arrangements,PG,Papua New Guinea,1997,,44,,,,N,units,,,,,N,National,,
DATAFLOW,SPC:DF_CLIMATE_CHANGE(1.0),Climate Change indicators,I,A,Annual,FISH_MNGT_MULT_BILAT_ARGMT,Fisheries management measures in place and multilateral and bilateral fisheries management arrangements,PG,Papua New Guinea,1998,,45,,,,N,units,,,,,N,National,,
DATAFLOW,SPC:DF_CLIMATE_CHANGE(1.0),Climate Change indicators,I,A,Annual,FISH_MNGT_MULT_BILAT_ARGMT,Fisheries management measures in place and multilateral and bilateral fisheries management arrangements,PG,Papua New Guinea,1999,,45,,,,N,units,,,,,N,National,,
DATAFLOW,SPC:DF_CLIMATE_CHANGE(1.0),Climate Change indicators,I,A,Annual,FISH_MNGT_MULT_BILAT_ARGMT,Fisheries management measures in place and multilateral and bilateral fisheries management arrangements,PG,Papua New Guinea,2000,,47,,,,N,units,,,,,N,National,,
DATAFLOW,SPC:DF_CLIMATE_CHANGE(1.0),Climate Change indicators,I,A,Annual,FISH_MNGT_MULT_BILAT_ARGMT,Fisheries management measures in place and multilateral and bilateral fisheries management arrangements,PG,Papua New Guinea,2001,,49,,,,N,units,,,,,N,National,,
DATAFLOW,SPC:DF_CLIMATE_CHANGE(1.0),Climate Change indicators,I,A,Annual,FISH_MNGT_MULT_BILAT_ARGMT,Fisheries management measures in place and multilateral and bilateral fisheries management arrangements,PG,Papua New Guinea,2002,,51,,,,N,units,,,,,N,National,,
DATAFLOW,SPC:DF_CLIMATE_CHANGE(1.0),Climate Change indicators,I,A,Annual,FISH_MNGT_MULT_BILAT_ARGMT,Fisheries management measures in place and multilateral and bilateral fisheries management arrangements,PG,Papua New Guinea,2003,,52,,,,N,units,,,,,N,National,,
DATAFLOW,SPC:DF_CLIMATE_CHANGE(1.0),Climate Change indicators,I,A,Annual,FISH_MNGT_MULT_BILAT_ARGMT,Fisheries management measures in place and multilateral and bilateral fisheries management arrangements,PG,Papua New Guinea,2004,,56,,,,N,units,,,,,N,National,,
DATAFLOW,SPC:DF_CLIMATE_CHANGE(1.0),Climate Change indicators,I,A,Annual,FISH_MNGT_MULT_BILAT_ARGMT,Fisheries management measures in place and multilateral and bilateral fisheries management arrangements,PG,Papua New Guinea,2005,,56,,,,N,units,,,,,N,National,,
DATAFLOW,SPC:DF_CLIMATE_CHANGE(1.0),Climate Change indicators,I,A,Annual,FISH_MNGT_MULT_BILAT_ARGMT,Fisheries management measures in place and multilateral and bilateral fisheries management arrangements,PG,Papua New Guinea,2006,,56,,,,N,units,,,,,N,National,,
DATAFLOW,SPC:DF_CLIMATE_CHANGE(1.0),Climate Change indicators,I,A,Annual,FISH_MNGT_MULT_BILAT_ARGMT,Fisheries management measures in place and multilateral and bilateral fisheries management arrangements,PG,Papua New Guinea,2007,,57,,,,N,units,,,,,N,National,,
DATAFLOW,SPC:DF_CLIMATE_CHANGE(1.0),Climate Change indicators,I,A,Annual,FISH_MNGT_MULT_BILAT_ARGMT,Fisheries management measures in place and multilateral and bilateral fisheries management arrangements,PG,Papua New Guinea,2008,,57,,,,N,units,,,,,N,National,,
DATAFLOW,SPC:DF_CLIMATE_CHANGE(1.0),Climate Change indicators,I,A,Annual,FISH_MNGT_MULT_BILAT_ARGMT,Fisheries management measures in place and multilateral and bilateral fisheries management arrangements,PG,Papua New Guinea,2009,,58,,,,N,units,,,,,N,National,,
DATAFLOW,SPC:DF_CLIMATE_CHANGE(1.0),Climate Change indicators,I,A,Annual,FISH_MNGT_MULT_BILAT_ARGMT,Fisheries management measures in place and multilateral and bilateral fisheries management arrangements,PG,Papua New Guinea,2010,,61,,,,N,units,,,,,N,National,,
DATAFLOW,SPC:DF_CLIMATE_CHANGE(1.0),Climate Change indicators,I,A,Annual,FISH_MNGT_MULT_BILAT_ARGMT,Fisheries management measures in place and multilateral and bilateral fisheries management arrangements,PG,Papua New Guinea,2011,,61,,,,N,units,,,,,N,National,,
DATAFLOW,SPC:DF_CLIMATE_CHANGE(1.0),Climate Change indicators,I,A,Annual,FISH_MNGT_MULT_BILAT_ARGMT,Fisheries management measures in place and multilateral and bilateral fisheries management arrangements,PG,Papua New Guinea,2012,,62,,,,N,units,,,,,N,National,,
DATAFLOW,SPC:DF_CLIMATE_CHANGE(1.0),Climate Change indicators,I,A,Annual,FISH_MNGT_MULT_BILAT_ARGMT,Fisheries management measures in place and multilateral and bilateral fisheries management arrangements,PG,Papua New Guinea,2013,,62,,,,N,units,,,,,N,National,,
DATAFLOW,SPC:DF_CLIMATE_CHANGE(1.0),Climate Change indicators,I,A,Annual,FISH_MNGT_MULT_BILAT_ARGMT,Fisheries management measures in place and multilateral and bilateral fisheries management arrangements,PG,Papua New Guinea,2014,,66,,,,N,units,,,,,N,National,,
DATAFLOW,SPC:DF_CLIMATE_CHANGE(1.0),Climate Change indicators,I,A,Annual,FISH_MNGT_MULT_BILAT_ARGMT,Fisheries management measures in place and multilateral and bilateral fisheries management arrangements,PG,Papua New Guinea,2015,,72,,,,N,units,,,,,N,National,,
DATAFLOW,SPC:DF_CLIMATE_CHANGE(1.0),Climate Change indicators,I,A,Annual,FISH_MNGT_MULT_BILAT_ARGMT,Fisheries management measures in place and multilateral and bilateral fisheries management arrangements,PG,Papua New Guinea,2016,,75,,,,N,units,,,,,N,National,,
DATAFLOW,SPC:DF_CLIMATE_CHANGE(1.0),Climate Change indicators,I,A,Annual,FISH_MNGT_MULT_BILAT_ARGMT,Fisheries management measures in place and multilateral and bilateral fisheries management arrangements,PG,Papua New Guinea,2017,,77,,,,N,units,,,,,N,National,,
DATAFLOW,SPC:DF_CLIMATE_CHANGE(1.0),Climate Change indicators,I,A,Annual,FISH_MNGT_MULT_BILAT_ARGMT,Fisheries management measures in place and multilateral and bilateral fisheries management arrangements,PG,Papua New Guinea,2018,,79,,,,N,units,,,,,N,National,,
DATAFLOW,SPC:DF_CLIMATE_CHANGE(1.0),Climate Change indicators,I,A,Annual,FISH_MNGT_MULT_BILAT_ARGMT,Fisheries management measures in place and multilateral and bilateral fisheries management arrangements,PG,Papua New Guinea,2019,,82,,,,N,units,,,,,N,National,,
DATAFLOW,SPC:DF_CLIMATE_CHANGE(1.0),Climate Change indicators,I,A,Annual,FISH_MNGT_MULT_BILAT_ARGMT,Fisheries management measures in place and multilateral and bilateral fisheries management arrangements,PG,Papua New Guinea,2020,,85,,,,N,units,,,,,N,National,,
DATAFLOW,SPC:DF_CLIMATE_CHANGE(1.0),Climate Change indicators,I,A,Annual,FISH_MNGT_MULT_BILAT_ARGMT,Fisheries management measures in place and multilateral and bilateral fisheries management arrangements,PG,Papua New Guinea,2021,,87,,,,N,units,,,,,N,National,,
DATAFLOW,SPC:DF_CLIMATE_CHANGE(1.0),Climate Change indicators,I,A,Annual,FISH_MNGT_MULT_BILAT_ARGMT,Fisheries management measures in place and multilateral and bilateral fisheries management arrangements,PG,Papua New Guinea,2022,,92,,,,N,units,,,,,N,National,,
DATAFLOW,SPC:DF_CLIMATE_CHANGE(1.0),Climate Change indicators,I,A,Annual,FISH_MNGT_MULT_BILAT_ARGMT,Fisheries management measures in place and multilateral and bilateral fisheries management arrangements,PG,Papua New Guinea,2023,,93,,,,N,units,,,,,N,National,,
DATAFLOW,SPC:DF_CLIMATE_CHANGE(1.0),Climate Change indicators,I,A,Annual,FISH_MNGT_MULT_BILAT_ARGMT,Fisheries management measures in place and multilateral and bilateral fisheries management arrangements,PG,Papua New Guinea,2024,,93,,,,N,units,,,,,N,National,,
DATAFLOW,SPC:DF_CLIMATE_CHANGE(1.0),Climate Change indicators,I,A,Annual,FISH_MNGT_MULT_BILAT_ARGMT,Fisheries management measures in place and multilateral and bilateral fisheries management arrangements,PG,Papua New Guinea,2025,,93,,,,N,units,,,,,N,National,,
DATAFLOW,SPC:DF_CLIMATE_CHANGE(1.0),Climate Change indicators,I,A,Annual,FISH_MNGT_MULT_BILAT_ARGMT,Fisheries management measures in place and multilateral and bilateral fisheries management arrangements,PG,Papua New Guinea,2026,,93,,,,N,units,,,,,N,National,,
DATAFLOW,SPC:DF_CLIMATE_CHANGE(1.0),Climate Change indicators,I,A,Annual,FISH_MNGT_MULT_BILAT_ARGMT,Fisheries management measures in place and multilateral and bilateral fisheries management arrangements,WS,Samoa,1955,,1,,,,N,units,,,,,N,National,,
DATAFLOW,SPC:DF_CLIMATE_CHANGE(1.0),Climate Change indicators,I,A,Annual,FISH_MNGT_MULT_BILAT_ARGMT,Fisheries management measures in place and multilateral and bilateral fisheries management arrangements,WS,Samoa,1956,,1,,,,N,units,,,,,N,National,,
DATAFLOW,SPC:DF_CLIMATE_CHANGE(1.0),Climate Change indicators,I,A,Annual,FISH_MNGT_MULT_BILAT_ARGMT,Fisheries management measures in place and multilateral and bilateral fisheries management arrangements,WS,Samoa,1957,,1,,,,N,units,,,,,N,National,,
DATAFLOW,SPC:DF_CLIMATE_CHANGE(1.0),Climate Change indicators,I,A,Annual,FISH_MNGT_MULT_BILAT_ARGMT,Fisheries management measures in place and multilateral and bilateral fisheries management arrangements,WS,Samoa,1958,,1,,,,N,units,,,,,N,National,,
DATAFLOW,SPC:DF_CLIMATE_CHANGE(1.0),Climate Change indicators,I,A,Annual,FISH_MNGT_MULT_BILAT_ARGMT,Fisheries management measures in place and multilateral and bilateral fisheries management arrangements,WS,Samoa,1959,,2,,,,N,units,,,,,N,National,,
DATAFLOW,SPC:DF_CLIMATE_CHANGE(1.0),Climate Change indicators,I,A,Annual,FISH_MNGT_MULT_BILAT_ARGMT,Fisheries management measures in place and multilateral and bilateral fisheries management arrangements,WS,Samoa,1960,,3,,,,N,units,,,,,N,National,,
DATAFLOW,SPC:DF_CLIMATE_CHANGE(1.0),Climate Change indicators,I,A,Annual,FISH_MNGT_MULT_BILAT_ARGMT,Fisheries management measures in place and multilateral and bilateral fisheries management arrangements,WS,Samoa,1961,,3,,,,N,units,,,,,N,National,,
DATAFLOW,SPC:DF_CLIMATE_CHANGE(1.0),Climate Change indicators,I,A,Annual,FISH_MNGT_MULT_BILAT_ARGMT,Fisheries management measures in place and multilateral and bilateral fisheries management arrangements,WS,Samoa,1962,,3,,,,N,units,,,,,N,National,,
DATAFLOW,SPC:DF_CLIMATE_CHANGE(1.0),Climate Change indicators,I,A,Annual,FISH_MNGT_MULT_BILAT_ARGMT,Fisheries management measures in place and multilateral and bilateral fisheries management arrangements,WS,Samoa,1963,,3,,,,N,units,,,,,N,National,,
DATAFLOW,SPC:DF_CLIMATE_CHANGE(1.0),Climate Change indicators,I,A,Annual,FISH_MNGT_MULT_BILAT_ARGMT,Fisheries management measures in place and multilateral and bilateral fisheries management arrangements,WS,Samoa,1964,,3,,,,N,units,,,,,N,National,,
DATAFLOW,SPC:DF_CLIMATE_CHANGE(1.0),Climate Change indicators,I,A,Annual,FISH_MNGT_MULT_BILAT_ARGMT,Fisheries management measures in place and multilateral and bilateral fisheries management arrangements,WS,Samoa,1965,,3,,,,N,units,,,,,N,National,,
DATAFLOW,SPC:DF_CLIMATE_CHANGE(1.0),Climate Change indicators,I,A,Annual,FISH_MNGT_MULT_BILAT_ARGMT,Fisheries management measures in place and multilateral and bilateral fisheries management arrangements,WS,Samoa,1966,,3,,,,N,units,,,,,N,National,,
DATAFLOW,SPC:DF_CLIMATE_CHANGE(1.0),Climate Change indicators,I,A,Annual,FISH_MNGT_MULT_BILAT_ARGMT,Fisheries management measures in place and multilateral and bilateral fisheries management arrangements,WS,Samoa,1967,,3,,,,N,units,,,,,N,National,,
DATAFLOW,SPC:DF_CLIMATE_CHANGE(1.0),Climate Change indicators,I,A,Annual,FISH_MNGT_MULT_BILAT_ARGMT,Fisheries management measures in place and multilateral and bilateral fisheries management arrangements,WS,Samoa,1968,,3,,,,N,units,,,,,N,National,,
DATAFLOW,SPC:DF_CLIMATE_CHANGE(1.0),Climate Change indicators,I,A,Annual,FISH_MNGT_MULT_BILAT_ARGMT,Fisheries management measures in place and multilateral and bilateral fisheries management arrangements,WS,Samoa,1969,,3,,,,N,units,,,,,N,National,,
DATAFLOW,SPC:DF_CLIMATE_CHANGE(1.0),Climate Change indicators,I,A,Annual,FISH_MNGT_MULT_BILAT_ARGMT,Fisheries management measures in place and multilateral and bilateral fisheries management arrangements,WS,Samoa,1970,,3,,,,N,units,,,,,N,National,,
DATAFLOW,SPC:DF_CLIMATE_CHANGE(1.0),Climate Change indicators,I,A,Annual,FISH_MNGT_MULT_BILAT_ARGMT,Fisheries management measures in place and multilateral and bilateral fisheries management arrangements,WS,Samoa,1971,,3,,,,N,units,,,,,N,National,,
DATAFLOW,SPC:DF_CLIMATE_CHANGE(1.0),Climate Change indicators,I,A,Annual,FISH_MNGT_MULT_BILAT_ARGMT,Fisheries management measures in place and multilateral and bilateral fisheries management arrangements,WS,Samoa,1972,,4,,,,N,units,,,,,N,National,,
DATAFLOW,SPC:DF_CLIMATE_CHANGE(1.0),Climate Change indicators,I,A,Annual,FISH_MNGT_MULT_BILAT_ARGMT,Fisheries management measures in place and multilateral and bilateral fisheries management arrangements,WS,Samoa,1973,,4,,,,N,units,,,,,N,National,,
DATAFLOW,SPC:DF_CLIMATE_CHANGE(1.0),Climate Change indicators,I,A,Annual,FISH_MNGT_MULT_BILAT_ARGMT,Fisheries management measures in place and multilateral and bilateral fisheries management arrangements,WS,Samoa,1974,,4,,,,N,units,,,,,N,National,,
DATAFLOW,SPC:DF_CLIMATE_CHANGE(1.0),Climate Change indicators,I,A,Annual,FISH_MNGT_MULT_BILAT_ARGMT,Fisheries management measures in place and multilateral and bilateral fisheries management arrangements,WS,Samoa,1975,,5,,,,N,units,,,,,N,National,,
DATAFLOW,SPC:DF_CLIMATE_CHANGE(1.0),Climate Change indicators,I,A,Annual,FISH_MNGT_MULT_BILAT_ARGMT,Fisheries management measures in place and multilateral and bilateral fisheries management arrangements,WS,Samoa,1976,,5,,,,N,units,,,,,N,National,,
DATAFLOW,SPC:DF_CLIMATE_CHANGE(1.0),Climate Change indicators,I,A,Annual,FISH_MNGT_MULT_BILAT_ARGMT,Fisheries management measures in place and multilateral and bilateral fisheries management arrangements,WS,Samoa,1977,,5,,,,N,units,,,,,N,National,,
DATAFLOW,SPC:DF_CLIMATE_CHANGE(1.0),Climate Change indicators,I,A,Annual,FISH_MNGT_MULT_BILAT_ARGMT,Fisheries management measures in place and multilateral and bilateral fisheries management arrangements,WS,Samoa,1978,,5,,,,N,units,,,,,N,National,,
DATAFLOW,SPC:DF_CLIMATE_CHANGE(1.0),Climate Change indicators,I,A,Annual,FISH_MNGT_MULT_BILAT_ARGMT,Fisheries management measures in place and multilateral and bilateral fisheries management arrangements,WS,Samoa,1979,,6,,,,N,units,,,,,N,National,,
DATAFLOW,SPC:DF_CLIMATE_CHANGE(1.0),Climate Change indicators,I,A,Annual,FISH_MNGT_MULT_BILAT_ARGMT,Fisheries management measures in place and multilateral and bilateral fisheries management arrangements,WS,Samoa,1980,,6,,,,N,units,,,,,N,National,,
DATAFLOW,SPC:DF_CLIMATE_CHANGE(1.0),Climate Change indicators,I,A,Annual,FISH_MNGT_MULT_BILAT_ARGMT,Fisheries management measures in place and multilateral and bilateral fisheries management arrangements,WS,Samoa,1981,,6,,,,N,units,,,,,N,National,,
DATAFLOW,SPC:DF_CLIMATE_CHANGE(1.0),Climate Change indicators,I,A,Annual,FISH_MNGT_MULT_BILAT_ARGMT,Fisheries management measures in place and multilateral and bilateral fisheries management arrangements,WS,Samoa,1982,,6,,,,N,units,,,,,N,National,,
DATAFLOW,SPC:DF_CLIMATE_CHANGE(1.0),Climate Change indicators,I,A,Annual,FISH_MNGT_MULT_BILAT_ARGMT,Fisheries management measures in place and multilateral and bilateral fisheries management arrangements,WS,Samoa,1983,,6,,,,N,units,,,,,N,National,,
DATAFLOW,SPC:DF_CLIMATE_CHANGE(1.0),Climate Change indicators,I,A,Annual,FISH_MNGT_MULT_BILAT_ARGMT,Fisheries management measures in place and multilateral and bilateral fisheries management arrangements,WS,Samoa,1984,,6,,,,N,units,,,,,N,National,,
DATAFLOW,SPC:DF_CLIMATE_CHANGE(1.0),Climate Change indicators,I,A,Annual,FISH_MNGT_MULT_BILAT_ARGMT,Fisheries management measures in place and multilateral and bilateral fisheries management arrangements,WS,Samoa,1985,,6,,,,N,units,,,,,N,National,,
DATAFLOW,SPC:DF_CLIMATE_CHANGE(1.0),Climate Change indicators,I,A,Annual,FISH_MNGT_MULT_BILAT_ARGMT,Fisheries management measures in place and multilateral and bilateral fisheries management arrangements,WS,Samoa,1986,,6,,,,N,units,,,,,N,National,,
DATAFLOW,SPC:DF_CLIMATE_CHANGE(1.0),Climate Change indicators,I,A,Annual,FISH_MNGT_MULT_BILAT_ARGMT,Fisheries management measures in place and multilateral and bilateral fisheries management arrangements,WS,Samoa,1987,,8,,,,N,units,,,,,N,National,,
DATAFLOW,SPC:DF_CLIMATE_CHANGE(1.0),Climate Change indicators,I,A,Annual,FISH_MNGT_MULT_BILAT_ARGMT,Fisheries management measures in place and multilateral and bilateral fisheries management arrangements,WS,Samoa,1988,,9,,,,N,units,,,,,N,National,,
DATAFLOW,SPC:DF_CLIMATE_CHANGE(1.0),Climate Change indicators,I,A,Annual,FISH_MNGT_MULT_BILAT_ARGMT,Fisheries management measures in place and multilateral and bilateral fisheries management arrangements,WS,Samoa,1989,,10,,,,N,units,,,,,N,National,,
DATAFLOW,SPC:DF_CLIMATE_CHANGE(1.0),Climate Change indicators,I,A,Annual,FISH_MNGT_MULT_BILAT_ARGMT,Fisheries management measures in place and multilateral and bilateral fisheries management arrangements,WS,Samoa,1990,,13,,,,N,units,,,,,N,National,,
DATAFLOW,SPC:DF_CLIMATE_CHANGE(1.0),Climate Change indicators,I,A,Annual,FISH_MNGT_MULT_BILAT_ARGMT,Fisheries management measures in place and multilateral and bilateral fisheries management arrangements,WS,Samoa,1991,,13,,,,N,units,,,,,N,National,,
DATAFLOW,SPC:DF_CLIMATE_CHANGE(1.0),Climate Change indicators,I,A,Annual,FISH_MNGT_MULT_BILAT_ARGMT,Fisheries management measures in place and multilateral and bilateral fisheries management arrangements,WS,Samoa,1992,,14,,,,N,units,,,,,N,National,,
DATAFLOW,SPC:DF_CLIMATE_CHANGE(1.0),Climate Change indicators,I,A,Annual,FISH_MNGT_MULT_BILAT_ARGMT,Fisheries management measures in place and multilateral and bilateral fisheries management arrangements,WS,Samoa,1993,,14,,,,N,units,,,,,N,National,,
DATAFLOW,SPC:DF_CLIMATE_CHANGE(1.0),Climate Change indicators,I,A,Annual,FISH_MNGT_MULT_BILAT_ARGMT,Fisheries management measures in place and multilateral and bilateral fisheries management arrangements,WS,Samoa,1994,,15,,,,N,units,,,,,N,National,,
DATAFLOW,SPC:DF_CLIMATE_CHANGE(1.0),Climate Change indicators,I,A,Annual,FISH_MNGT_MULT_BILAT_ARGMT,Fisheries management measures in place and multilateral and bilateral fisheries management arrangements,WS,Samoa,1995,,15,,,,N,units,,,,,N,National,,
DATAFLOW,SPC:DF_CLIMATE_CHANGE(1.0),Climate Change indicators,I,A,Annual,FISH_MNGT_MULT_BILAT_ARGMT,Fisheries management measures in place and multilateral and bilateral fisheries management arrangements,WS,Samoa,1996,,16,,,,N,units,,,,,N,National,,
DATAFLOW,SPC:DF_CLIMATE_CHANGE(1.0),Climate Change indicators,I,A,Annual,FISH_MNGT_MULT_BILAT_ARGMT,Fisheries management measures in place and multilateral and bilateral fisheries management arrangements,WS,Samoa,1997,,17,,,,N,units,,,,,N,National,,
DATAFLOW,SPC:DF_CLIMATE_CHANGE(1.0),Climate Change indicators,I,A,Annual,FISH_MNGT_MULT_BILAT_ARGMT,Fisheries management measures in place and multilateral and bilateral fisheries management arrangements,WS,Samoa,1998,,22,,,,N,units,,,,,N,National,,
DATAFLOW,SPC:DF_CLIMATE_CHANGE(1.0),Climate Change indicators,I,A,Annual,FISH_MNGT_MULT_BILAT_ARGMT,Fisheries management measures in place and multilateral and bilateral fisheries management arrangements,WS,Samoa,1999,,24,,,,N,units,,,,,N,National,,
DATAFLOW,SPC:DF_CLIMATE_CHANGE(1.0),Climate Change indicators,I,A,Annual,FISH_MNGT_MULT_BILAT_ARGMT,Fisheries management measures in place and multilateral and bilateral fisheries management arrangements,WS,Samoa,2000,,25,,,,N,units,,,,,N,National,,
DATAFLOW,SPC:DF_CLIMATE_CHANGE(1.0),Climate Change indicators,I,A,Annual,FISH_MNGT_MULT_BILAT_ARGMT,Fisheries management measures in place and multilateral and bilateral fisheries management arrangements,WS,Samoa,2001,,25,,,,N,units,,,,,N,National,,
DATAFLOW,SPC:DF_CLIMATE_CHANGE(1.0),Climate Change indicators,I,A,Annual,FISH_MNGT_MULT_BILAT_ARGMT,Fisheries management measures in place and multilateral and bilateral fisheries management arrangements,WS,Samoa,2002,,26,,,,N,units,,,,,N,National,,
DATAFLOW,SPC:DF_CLIMATE_CHANGE(1.0),Climate Change indicators,I,A,Annual,FISH_MNGT_MULT_BILAT_ARGMT,Fisheries management measures in place and multilateral and bilateral fisheries management arrangements,WS,Samoa,2003,,27,,,,N,units,,,,,N,National,,
DATAFLOW,SPC:DF_CLIMATE_CHANGE(1.0),Climate Change indicators,I,A,Annual,FISH_MNGT_MULT_BILAT_ARGMT,Fisheries management measures in place and multilateral and bilateral fisheries management arrangements,WS,Samoa,2004,,27,,,,N,units,,,,,N,National,,
DATAFLOW,SPC:DF_CLIMATE_CHANGE(1.0),Climate Change indicators,I,A,Annual,FISH_MNGT_MULT_BILAT_ARGMT,Fisheries management measures in place and multilateral and bilateral fisheries management arrangements,WS,Samoa,2005,,28,,,,N,units,,,,,N,National,,
DATAFLOW,SPC:DF_CLIMATE_CHANGE(1.0),Climate Change indicators,I,A,Annual,FISH_MNGT_MULT_BILAT_ARGMT,Fisheries management measures in place and multilateral and bilateral fisheries management arrangements,WS,Samoa,2006,,28,,,,N,units,,,,,N,National,,
DATAFLOW,SPC:DF_CLIMATE_CHANGE(1.0),Climate Change indicators,I,A,Annual,FISH_MNGT_MULT_BILAT_ARGMT,Fisheries management measures in place and multilateral and bilateral fisheries management arrangements,WS,Samoa,2007,,28,,,,N,units,,,,,N,National,,
DATAFLOW,SPC:DF_CLIMATE_CHANGE(1.0),Climate Change indicators,I,A,Annual,FISH_MNGT_MULT_BILAT_ARGMT,Fisheries management measures in place and multilateral and bilateral fisheries management arrangements,WS,Samoa,2008,,30,,,,N,units,,,,,N,National,,
DATAFLOW,SPC:DF_CLIMATE_CHANGE(1.0),Climate Change indicators,I,A,Annual,FISH_MNGT_MULT_BILAT_ARGMT,Fisheries management measures in place and multilateral and bilateral fisheries management arrangements,WS,Samoa,2009,,32,,,,N,units,,,,,N,National,,
DATAFLOW,SPC:DF_CLIMATE_CHANGE(1.0),Climate Change indicators,I,A,Annual,FISH_MNGT_MULT_BILAT_ARGMT,Fisheries management measures in place and multilateral and bilateral fisheries management arrangements,WS,Samoa,2010,,33,,,,N,units,,,,,N,National,,
DATAFLOW,SPC:DF_CLIMATE_CHANGE(1.0),Climate Change indicators,I,A,Annual,FISH_MNGT_MULT_BILAT_ARGMT,Fisheries management measures in place and multilateral and bilateral fisheries management arrangements,WS,Samoa,2011,,35,,,,N,units,,,,,N,National,,
DATAFLOW,SPC:DF_CLIMATE_CHANGE(1.0),Climate Change indicators,I,A,Annual,FISH_MNGT_MULT_BILAT_ARGMT,Fisheries management measures in place and multilateral and bilateral fisheries management arrangements,WS,Samoa,2012,,37,,,,N,units,,,,,N,National,,
DATAFLOW,SPC:DF_CLIMATE_CHANGE(1.0),Climate Change indicators,I,A,Annual,FISH_MNGT_MULT_BILAT_ARGMT,Fisheries management measures in place and multilateral and bilateral fisheries management arrangements,WS,Samoa,2013,,40,,,,N,units,,,,,N,National,,
DATAFLOW,SPC:DF_CLIMATE_CHANGE(1.0),Climate Change indicators,I,A,Annual,FISH_MNGT_MULT_BILAT_ARGMT,Fisheries management measures in place and multilateral and bilateral fisheries management arrangements,WS,Samoa,2014,,41,,,,N,units,,,,,N,National,,
DATAFLOW,SPC:DF_CLIMATE_CHANGE(1.0),Climate Change indicators,I,A,Annual,FISH_MNGT_MULT_BILAT_ARGMT,Fisheries management measures in place and multilateral and bilateral fisheries management arrangements,WS,Samoa,2015,,44,,,,N,units,,,,,N,National,,
DATAFLOW,SPC:DF_CLIMATE_CHANGE(1.0),Climate Change indicators,I,A,Annual,FISH_MNGT_MULT_BILAT_ARGMT,Fisheries management measures in place and multilateral and bilateral fisheries management arrangements,WS,Samoa,2016,,51,,,,N,units,,,,,N,National,,
DATAFLOW,SPC:DF_CLIMATE_CHANGE(1.0),Climate Change indicators,I,A,Annual,FISH_MNGT_MULT_BILAT_ARGMT,Fisheries management measures in place and multilateral and bilateral fisheries management arrangements,WS,Samoa,2017,,51,,,,N,units,,,,,N,National,,
DATAFLOW,SPC:DF_CLIMATE_CHANGE(1.0),Climate Change indicators,I,A,Annual,FISH_MNGT_MULT_BILAT_ARGMT,Fisheries management measures in place and multilateral and bilateral fisheries management arrangements,WS,Samoa,2018,,51,,,,N,units,,,,,N,National,,
DATAFLOW,SPC:DF_CLIMATE_CHANGE(1.0),Climate Change indicators,I,A,Annual,FISH_MNGT_MULT_BILAT_ARGMT,Fisheries management measures in place and multilateral and bilateral fisheries management arrangements,WS,Samoa,2019,,51,,,,N,units,,,,,N,National,,
DATAFLOW,SPC:DF_CLIMATE_CHANGE(1.0),Climate Change indicators,I,A,Annual,FISH_MNGT_MULT_BILAT_ARGMT,Fisheries management measures in place and multilateral and bilateral fisheries management arrangements,WS,Samoa,2020,,53,,,,N,units,,,,,N,National,,
DATAFLOW,SPC:DF_CLIMATE_CHANGE(1.0),Climate Change indicators,I,A,Annual,FISH_MNGT_MULT_BILAT_ARGMT,Fisheries management measures in place and multilateral and bilateral fisheries management arrangements,WS,Samoa,2021,,54,,,,N,units,,,,,N,National,,
DATAFLOW,SPC:DF_CLIMATE_CHANGE(1.0),Climate Change indicators,I,A,Annual,FISH_MNGT_MULT_BILAT_ARGMT,Fisheries management measures in place and multilateral and bilateral fisheries management arrangements,WS,Samoa,2022,,54,,,,N,units,,,,,N,National,,
DATAFLOW,SPC:DF_CLIMATE_CHANGE(1.0),Climate Change indicators,I,A,Annual,FISH_MNGT_MULT_BILAT_ARGMT,Fisheries management measures in place and multilateral and bilateral fisheries management arrangements,WS,Samoa,2023,,54,,,,N,units,,,,,N,National,,
DATAFLOW,SPC:DF_CLIMATE_CHANGE(1.0),Climate Change indicators,I,A,Annual,FISH_MNGT_MULT_BILAT_ARGMT,Fisheries management measures in place and multilateral and bilateral fisheries management arrangements,WS,Samoa,2024,,54,,,,N,units,,,,,N,National,,
DATAFLOW,SPC:DF_CLIMATE_CHANGE(1.0),Climate Change indicators,I,A,Annual,FISH_MNGT_MULT_BILAT_ARGMT,Fisheries management measures in place and multilateral and bilateral fisheries management arrangements,WS,Samoa,2025,,54,,,,N,units,,,,,N,National,,
DATAFLOW,SPC:DF_CLIMATE_CHANGE(1.0),Climate Change indicators,I,A,Annual,FISH_MNGT_MULT_BILAT_ARGMT,Fisheries management measures in place and multilateral and bilateral fisheries management arrangements,WS,Samoa,2026,,54,,,,N,units,,,,,N,National,,
DATAFLOW,SPC:DF_CLIMATE_CHANGE(1.0),Climate Change indicators,I,A,Annual,FISH_MNGT_MULT_BILAT_ARGMT,Fisheries management measures in place and multilateral and bilateral fisheries management arrangements,SB,Solomon Islands,1952,,1,,,,N,units,,,,,N,National,,
DATAFLOW,SPC:DF_CLIMATE_CHANGE(1.0),Climate Change indicators,I,A,Annual,FISH_MNGT_MULT_BILAT_ARGMT,Fisheries management measures in place and multilateral and bilateral fisheries management arrangements,SB,Solomon Islands,1953,,1,,,,N,units,,,,,N,National,,
DATAFLOW,SPC:DF_CLIMATE_CHANGE(1.0),Climate Change indicators,I,A,Annual,FISH_MNGT_MULT_BILAT_ARGMT,Fisheries management measures in place and multilateral and bilateral fisheries management arrangements,SB,Solomon Islands,1954,,1,,,,N,units,,,,,N,National,,
DATAFLOW,SPC:DF_CLIMATE_CHANGE(1.0),Climate Change indicators,I,A,Annual,FISH_MNGT_MULT_BILAT_ARGMT,Fisheries management measures in place and multilateral and bilateral fisheries management arrangements,SB,Solomon Islands,1955,,1,,,,N,units,,,,,N,National,,
DATAFLOW,SPC:DF_CLIMATE_CHANGE(1.0),Climate Change indicators,I,A,Annual,FISH_MNGT_MULT_BILAT_ARGMT,Fisheries management measures in place and multilateral and bilateral fisheries management arrangements,SB,Solomon Islands,1956,,1,,,,N,units,,,,,N,National,,
DATAFLOW,SPC:DF_CLIMATE_CHANGE(1.0),Climate Change indicators,I,A,Annual,FISH_MNGT_MULT_BILAT_ARGMT,Fisheries management measures in place and multilateral and bilateral fisheries management arrangements,SB,Solomon Islands,1957,,1,,,,N,units,,,,,N,National,,
DATAFLOW,SPC:DF_CLIMATE_CHANGE(1.0),Climate Change indicators,I,A,Annual,FISH_MNGT_MULT_BILAT_ARGMT,Fisheries management measures in place and multilateral and bilateral fisheries management arrangements,SB,Solomon Islands,1958,,1,,,,N,units,,,,,N,National,,
DATAFLOW,SPC:DF_CLIMATE_CHANGE(1.0),Climate Change indicators,I,A,Annual,FISH_MNGT_MULT_BILAT_ARGMT,Fisheries management measures in place and multilateral and bilateral fisheries management arrangements,SB,Solomon Islands,1959,,1,,,,N,units,,,,,N,National,,
DATAFLOW,SPC:DF_CLIMATE_CHANGE(1.0),Climate Change indicators,I,A,Annual,FISH_MNGT_MULT_BILAT_ARGMT,Fisheries management measures in place and multilateral and bilateral fisheries management arrangements,SB,Solomon Islands,1960,,1,,,,N,units,,,,,N,National,,
DATAFLOW,SPC:DF_CLIMATE_CHANGE(1.0),Climate Change indicators,I,A,Annual,FISH_MNGT_MULT_BILAT_ARGMT,Fisheries management measures in place and multilateral and bilateral fisheries management arrangements,SB,Solomon Islands,1961,,1,,,,N,units,,,,,N,National,,
DATAFLOW,SPC:DF_CLIMATE_CHANGE(1.0),Climate Change indicators,I,A,Annual,FISH_MNGT_MULT_BILAT_ARGMT,Fisheries management measures in place and multilateral and bilateral fisheries management arrangements,SB,Solomon Islands,1962,,1,,,,N,units,,,,,N,National,,
DATAFLOW,SPC:DF_CLIMATE_CHANGE(1.0),Climate Change indicators,I,A,Annual,FISH_MNGT_MULT_BILAT_ARGMT,Fisheries management measures in place and multilateral and bilateral fisheries management arrangements,SB,Solomon Islands,1963,,1,,,,N,units,,,,,N,National,,
DATAFLOW,SPC:DF_CLIMATE_CHANGE(1.0),Climate Change indicators,I,A,Annual,FISH_MNGT_MULT_BILAT_ARGMT,Fisheries management measures in place and multilateral and bilateral fisheries management arrangements,SB,Solomon Islands,1964,,1,,,,N,units,,,,,N,National,,
DATAFLOW,SPC:DF_CLIMATE_CHANGE(1.0),Climate Change indicators,I,A,Annual,FISH_MNGT_MULT_BILAT_ARGMT,Fisheries management measures in place and multilateral and bilateral fisheries management arrangements,SB,Solomon Islands,1965,,1,,,,N,units,,,,,N,National,,
DATAFLOW,SPC:DF_CLIMATE_CHANGE(1.0),Climate Change indicators,I,A,Annual,FISH_MNGT_MULT_BILAT_ARGMT,Fisheries management measures in place and multilateral and bilateral fisheries management arrangements,SB,Solomon Islands,1966,,1,,,,N,units,,,,,N,National,,
DATAFLOW,SPC:DF_CLIMATE_CHANGE(1.0),Climate Change indicators,I,A,Annual,FISH_MNGT_MULT_BILAT_ARGMT,Fisheries management measures in place and multilateral and bilateral fisheries management arrangements,SB,Solomon Islands,1967,,1,,,,N,units,,,,,N,National,,
DATAFLOW,SPC:DF_CLIMATE_CHANGE(1.0),Climate Change indicators,I,A,Annual,FISH_MNGT_MULT_BILAT_ARGMT,Fisheries management measures in place and multilateral and bilateral fisheries management arrangements,SB,Solomon Islands,1968,,1,,,,N,units,,,,,N,National,,
DATAFLOW,SPC:DF_CLIMATE_CHANGE(1.0),Climate Change indicators,I,A,Annual,FISH_MNGT_MULT_BILAT_ARGMT,Fisheries management measures in place and multilateral and bilateral fisheries management arrangements,SB,Solomon Islands,1969,,1,,,,N,units,,,,,N,National,,
DATAFLOW,SPC:DF_CLIMATE_CHANGE(1.0),Climate Change indicators,I,A,Annual,FISH_MNGT_MULT_BILAT_ARGMT,Fisheries management measures in place and multilateral and bilateral fisheries management arrangements,SB,Solomon Islands,1970,,1,,,,N,units,,,,,N,National,,
DATAFLOW,SPC:DF_CLIMATE_CHANGE(1.0),Climate Change indicators,I,A,Annual,FISH_MNGT_MULT_BILAT_ARGMT,Fisheries management measures in place and multilateral and bilateral fisheries management arrangements,SB,Solomon Islands,1971,,1,,,,N,units,,,,,N,National,,
DATAFLOW,SPC:DF_CLIMATE_CHANGE(1.0),Climate Change indicators,I,A,Annual,FISH_MNGT_MULT_BILAT_ARGMT,Fisheries management measures in place and multilateral and bilateral fisheries management arrangements,SB,Solomon Islands,1972,,2,,,,N,units,,,,,N,National,,
DATAFLOW,SPC:DF_CLIMATE_CHANGE(1.0),Climate Change indicators,I,A,Annual,FISH_MNGT_MULT_BILAT_ARGMT,Fisheries management measures in place and multilateral and bilateral fisheries management arrangements,SB,Solomon Islands,1973,,3,,,,N,units,,,,,N,National,,
DATAFLOW,SPC:DF_CLIMATE_CHANGE(1.0),Climate Change indicators,I,A,Annual,FISH_MNGT_MULT_BILAT_ARGMT,Fisheries management measures in place and multilateral and bilateral fisheries management arrangements,SB,Solomon Islands,1974,,3,,,,N,units,,,,,N,National,,
DATAFLOW,SPC:DF_CLIMATE_CHANGE(1.0),Climate Change indicators,I,A,Annual,FISH_MNGT_MULT_BILAT_ARGMT,Fisheries management measures in place and multilateral and bilateral fisheries management arrangements,SB,Solomon Islands,1975,,3,,,,N,units,,,,,N,National,,
DATAFLOW,SPC:DF_CLIMATE_CHANGE(1.0),Climate Change indicators,I,A,Annual,FISH_MNGT_MULT_BILAT_ARGMT,Fisheries management measures in place and multilateral and bilateral fisheries management arrangements,SB,Solomon Islands,1976,,3,,,,N,units,,,,,N,National,,
DATAFLOW,SPC:DF_CLIMATE_CHANGE(1.0),Climate Change indicators,I,A,Annual,FISH_MNGT_MULT_BILAT_ARGMT,Fisheries management measures in place and multilateral and bilateral fisheries management arrangements,SB,Solomon Islands,1977,,4,,,,N,units,,,,,N,National,,
DATAFLOW,SPC:DF_CLIMATE_CHANGE(1.0),Climate Change indicators,I,A,Annual,FISH_MNGT_MULT_BILAT_ARGMT,Fisheries management measures in place and multilateral and bilateral fisheries management arrangements,SB,Solomon Islands,1978,,4,,,,N,units,,,,,N,National,,
DATAFLOW,SPC:DF_CLIMATE_CHANGE(1.0),Climate Change indicators,I,A,Annual,FISH_MNGT_MULT_BILAT_ARGMT,Fisheries management measures in place and multilateral and bilateral fisheries management arrangements,SB,Solomon Islands,1979,,5,,,,N,units,,,,,N,National,,
DATAFLOW,SPC:DF_CLIMATE_CHANGE(1.0),Climate Change indicators,I,A,Annual,FISH_MNGT_MULT_BILAT_ARGMT,Fisheries management measures in place and multilateral and bilateral fisheries management arrangements,SB,Solomon Islands,1980,,5,,,,N,units,,,,,N,National,,
DATAFLOW,SPC:DF_CLIMATE_CHANGE(1.0),Climate Change indicators,I,A,Annual,FISH_MNGT_MULT_BILAT_ARGMT,Fisheries management measures in place and multilateral and bilateral fisheries management arrangements,SB,Solomon Islands,1981,,8,,,,N,units,,,,,N,National,,
DATAFLOW,SPC:DF_CLIMATE_CHANGE(1.0),Climate Change indicators,I,A,Annual,FISH_MNGT_MULT_BILAT_ARGMT,Fisheries management measures in place and multilateral and bilateral fisheries management arrangements,SB,Solomon Islands,1982,,9,,,,N,units,,,,,N,National,,
DATAFLOW,SPC:DF_CLIMATE_CHANGE(1.0),Climate Change indicators,I,A,Annual,FISH_MNGT_MULT_BILAT_ARGMT,Fisheries management measures in place and multilateral and bilateral fisheries management arrangements,SB,Solomon Islands,1983,,10,,,,N,units,,,,,N,National,,
DATAFLOW,SPC:DF_CLIMATE_CHANGE(1.0),Climate Change indicators,I,A,Annual,FISH_MNGT_MULT_BILAT_ARGMT,Fisheries management measures in place and multilateral and bilateral fisheries management arrangements,SB,Solomon Islands,1984,,10,,,,N,units,,,,,N,National,,
DATAFLOW,SPC:DF_CLIMATE_CHANGE(1.0),Climate Change indicators,I,A,Annual,FISH_MNGT_MULT_BILAT_ARGMT,Fisheries management measures in place and multilateral and bilateral fisheries management arrangements,SB,Solomon Islands,1985,,10,,,,N,units,,,,,N,National,,
DATAFLOW,SPC:DF_CLIMATE_CHANGE(1.0),Climate Change indicators,I,A,Annual,FISH_MNGT_MULT_BILAT_ARGMT,Fisheries management measures in place and multilateral and bilateral fisheries management arrangements,SB,Solomon Islands,1986,,10,,,,N,units,,,,,N,National,,
DATAFLOW,SPC:DF_CLIMATE_CHANGE(1.0),Climate Change indicators,I,A,Annual,FISH_MNGT_MULT_BILAT_ARGMT,Fisheries management measures in place and multilateral and bilateral fisheries management arrangements,SB,Solomon Islands,1987,,11,,,,N,units,,,,,N,National,,
DATAFLOW,SPC:DF_CLIMATE_CHANGE(1.0),Climate Change indicators,I,A,Annual,FISH_MNGT_MULT_BILAT_ARGMT,Fisheries management measures in place and multilateral and bilateral fisheries management arrangements,SB,Solomon Islands,1988,,12,,,,N,units,,,,,N,National,,
DATAFLOW,SPC:DF_CLIMATE_CHANGE(1.0),Climate Change indicators,I,A,Annual,FISH_MNGT_MULT_BILAT_ARGMT,Fisheries management measures in place and multilateral and bilateral fisheries management arrangements,SB,Solomon Islands,1989,,14,,,,N,units,,,,,N,National,,
DATAFLOW,SPC:DF_CLIMATE_CHANGE(1.0),Climate Change indicators,I,A,Annual,FISH_MNGT_MULT_BILAT_ARGMT,Fisheries management measures in place and multilateral and bilateral fisheries management arrangements,SB,Solomon Islands,1990,,18,,,,N,units,,,,,N,National,,
DATAFLOW,SPC:DF_CLIMATE_CHANGE(1.0),Climate Change indicators,I,A,Annual,FISH_MNGT_MULT_BILAT_ARGMT,Fisheries management measures in place and multilateral and bilateral fisheries management arrangements,SB,Solomon Islands,1991,,18,,,,N,units,,,,,N,National,,
DATAFLOW,SPC:DF_CLIMATE_CHANGE(1.0),Climate Change indicators,I,A,Annual,FISH_MNGT_MULT_BILAT_ARGMT,Fisheries management measures in place and multilateral and bilateral fisheries management arrangements,SB,Solomon Islands,1992,,20,,,,N,units,,,,,N,National,,
DATAFLOW,SPC:DF_CLIMATE_CHANGE(1.0),Climate Change indicators,I,A,Annual,FISH_MNGT_MULT_BILAT_ARGMT,Fisheries management measures in place and multilateral and bilateral fisheries management arrangements,SB,Solomon Islands,1993,,21,,,,N,units,,,,,N,National,,
DATAFLOW,SPC:DF_CLIMATE_CHANGE(1.0),Climate Change indicators,I,A,Annual,FISH_MNGT_MULT_BILAT_ARGMT,Fisheries management measures in place and multilateral and bilateral fisheries management arrangements,SB,Solomon Islands,1994,,23,,,,N,units,,,,,N,National,,
DATAFLOW,SPC:DF_CLIMATE_CHANGE(1.0),Climate Change indicators,I,A,Annual,FISH_MNGT_MULT_BILAT_ARGMT,Fisheries management measures in place and multilateral and bilateral fisheries management arrangements,SB,Solomon Islands,1995,,25,,,,N,units,,,,,N,National,,
DATAFLOW,SPC:DF_CLIMATE_CHANGE(1.0),Climate Change indicators,I,A,Annual,FISH_MNGT_MULT_BILAT_ARGMT,Fisheries management measures in place and multilateral and bilateral fisheries management arrangements,SB,Solomon Islands,1996,,25,,,,N,units,,,,,N,National,,
DATAFLOW,SPC:DF_CLIMATE_CHANGE(1.0),Climate Change indicators,I,A,Annual,FISH_MNGT_MULT_BILAT_ARGMT,Fisheries management measures in place and multilateral and bilateral fisheries management arrangements,SB,Solomon Islands,1997,,27,,,,N,units,,,,,N,National,,
DATAFLOW,SPC:DF_CLIMATE_CHANGE(1.0),Climate Change indicators,I,A,Annual,FISH_MNGT_MULT_BILAT_ARGMT,Fisheries management measures in place and multilateral and bilateral fisheries management arrangements,SB,Solomon Islands,1998,,29,,,,N,units,,,,,N,National,,
DATAFLOW,SPC:DF_CLIMATE_CHANGE(1.0),Climate Change indicators,I,A,Annual,FISH_MNGT_MULT_BILAT_ARGMT,Fisheries management measures in place and multilateral and bilateral fisheries management arrangements,SB,Solomon Islands,1999,,29,,,,N,units,,,,,N,National,,
DATAFLOW,SPC:DF_CLIMATE_CHANGE(1.0),Climate Change indicators,I,A,Annual,FISH_MNGT_MULT_BILAT_ARGMT,Fisheries management measures in place and multilateral and bilateral fisheries management arrangements,SB,Solomon Islands,2000,,31,,,,N,units,,,,,N,National,,
DATAFLOW,SPC:DF_CLIMATE_CHANGE(1.0),Climate Change indicators,I,A,Annual,FISH_MNGT_MULT_BILAT_ARGMT,Fisheries management measures in place and multilateral and bilateral fisheries management arrangements,SB,Solomon Islands,2001,,31,,,,N,units,,,,,N,National,,
DATAFLOW,SPC:DF_CLIMATE_CHANGE(1.0),Climate Change indicators,I,A,Annual,FISH_MNGT_MULT_BILAT_ARGMT,Fisheries management measures in place and multilateral and bilateral fisheries management arrangements,SB,Solomon Islands,2002,,31,,,,N,units,,,,,N,National,,
DATAFLOW,SPC:DF_CLIMATE_CHANGE(1.0),Climate Change indicators,I,A,Annual,FISH_MNGT_MULT_BILAT_ARGMT,Fisheries management measures in place and multilateral and bilateral fisheries management arrangements,SB,Solomon Islands,2003,,31,,,,N,units,,,,,N,National,,
DATAFLOW,SPC:DF_CLIMATE_CHANGE(1.0),Climate Change indicators,I,A,Annual,FISH_MNGT_MULT_BILAT_ARGMT,Fisheries management measures in place and multilateral and bilateral fisheries management arrangements,SB,Solomon Islands,2004,,33,,,,N,units,,,,,N,National,,
DATAFLOW,SPC:DF_CLIMATE_CHANGE(1.0),Climate Change indicators,I,A,Annual,FISH_MNGT_MULT_BILAT_ARGMT,Fisheries management measures in place and multilateral and bilateral fisheries management arrangements,SB,Solomon Islands,2005,,35,,,,N,units,,,,,N,National,,
DATAFLOW,SPC:DF_CLIMATE_CHANGE(1.0),Climate Change indicators,I,A,Annual,FISH_MNGT_MULT_BILAT_ARGMT,Fisheries management measures in place and multilateral and bilateral fisheries management arrangements,SB,Solomon Islands,2006,,37,,,,N,units,,,,,N,National,,
DATAFLOW,SPC:DF_CLIMATE_CHANGE(1.0),Climate Change indicators,I,A,Annual,FISH_MNGT_MULT_BILAT_ARGMT,Fisheries management measures in place and multilateral and bilateral fisheries management arrangements,SB,Solomon Islands,2007,,39,,,,N,units,,,,,N,National,,
DATAFLOW,SPC:DF_CLIMATE_CHANGE(1.0),Climate Change indicators,I,A,Annual,FISH_MNGT_MULT_BILAT_ARGMT,Fisheries management measures in place and multilateral and bilateral fisheries management arrangements,SB,Solomon Islands,2008,,41,,,,N,units,,,,,N,National,,
DATAFLOW,SPC:DF_CLIMATE_CHANGE(1.0),Climate Change indicators,I,A,Annual,FISH_MNGT_MULT_BILAT_ARGMT,Fisheries management measures in place and multilateral and bilateral fisheries management arrangements,SB,Solomon Islands,2009,,47,,,,N,units,,,,,N,National,,
DATAFLOW,SPC:DF_CLIMATE_CHANGE(1.0),Climate Change indicators,I,A,Annual,FISH_MNGT_MULT_BILAT_ARGMT,Fisheries management measures in place and multilateral and bilateral fisheries management arrangements,SB,Solomon Islands,2010,,55,,,,N,units,,,,,N,National,,
DATAFLOW,SPC:DF_CLIMATE_CHANGE(1.0),Climate Change indicators,I,A,Annual,FISH_MNGT_MULT_BILAT_ARGMT,Fisheries management measures in place and multilateral and bilateral fisheries management arrangements,SB,Solomon Islands,2011,,57,,,,N,units,,,,,N,National,,
DATAFLOW,SPC:DF_CLIMATE_CHANGE(1.0),Climate Change indicators,I,A,Annual,FISH_MNGT_MULT_BILAT_ARGMT,Fisheries management measures in place and multilateral and bilateral fisheries management arrangements,SB,Solomon Islands,2012,,61,,,,N,units,,,,,N,National,,
DATAFLOW,SPC:DF_CLIMATE_CHANGE(1.0),Climate Change indicators,I,A,Annual,FISH_MNGT_MULT_BILAT_ARGMT,Fisheries management measures in place and multilateral and bilateral fisheries management arrangements,SB,Solomon Islands,2013,,63,,,,N,units,,,,,N,National,,
DATAFLOW,SPC:DF_CLIMATE_CHANGE(1.0),Climate Change indicators,I,A,Annual,FISH_MNGT_MULT_BILAT_ARGMT,Fisheries management measures in place and multilateral and bilateral fisheries management arrangements,SB,Solomon Islands,2014,,67,,,,N,units,,,,,N,National,,
DATAFLOW,SPC:DF_CLIMATE_CHANGE(1.0),Climate Change indicators,I,A,Annual,FISH_MNGT_MULT_BILAT_ARGMT,Fisheries management measures in place and multilateral and bilateral fisheries management arrangements,SB,Solomon Islands,2015,,70,,,,N,units,,,,,N,National,,
DATAFLOW,SPC:DF_CLIMATE_CHANGE(1.0),Climate Change indicators,I,A,Annual,FISH_MNGT_MULT_BILAT_ARGMT,Fisheries management measures in place and multilateral and bilateral fisheries management arrangements,SB,Solomon Islands,2016,,72,,,,N,units,,,,,N,National,,
DATAFLOW,SPC:DF_CLIMATE_CHANGE(1.0),Climate Change indicators,I,A,Annual,FISH_MNGT_MULT_BILAT_ARGMT,Fisheries management measures in place and multilateral and bilateral fisheries management arrangements,SB,Solomon Islands,2017,,74,,,,N,units,,,,,N,National,,
DATAFLOW,SPC:DF_CLIMATE_CHANGE(1.0),Climate Change indicators,I,A,Annual,FISH_MNGT_MULT_BILAT_ARGMT,Fisheries management measures in place and multilateral and bilateral fisheries management arrangements,SB,Solomon Islands,2018,,78,,,,N,units,,,,,N,National,,
DATAFLOW,SPC:DF_CLIMATE_CHANGE(1.0),Climate Change indicators,I,A,Annual,FISH_MNGT_MULT_BILAT_ARGMT,Fisheries management measures in place and multilateral and bilateral fisheries management arrangements,SB,Solomon Islands,2019,,81,,,,N,units,,,,,N,National,,
DATAFLOW,SPC:DF_CLIMATE_CHANGE(1.0),Climate Change indicators,I,A,Annual,FISH_MNGT_MULT_BILAT_ARGMT,Fisheries management measures in place and multilateral and bilateral fisheries management arrangements,SB,Solomon Islands,2020,,84,,,,N,units,,,,,N,National,,
DATAFLOW,SPC:DF_CLIMATE_CHANGE(1.0),Climate Change indicators,I,A,Annual,FISH_MNGT_MULT_BILAT_ARGMT,Fisheries management measures in place and multilateral and bilateral fisheries management arrangements,SB,Solomon Islands,2021,,86,,,,N,units,,,,,N,National,,
DATAFLOW,SPC:DF_CLIMATE_CHANGE(1.0),Climate Change indicators,I,A,Annual,FISH_MNGT_MULT_BILAT_ARGMT,Fisheries management measures in place and multilateral and bilateral fisheries management arrangements,SB,Solomon Islands,2022,,87,,,,N,units,,,,,N,National,,
DATAFLOW,SPC:DF_CLIMATE_CHANGE(1.0),Climate Change indicators,I,A,Annual,FISH_MNGT_MULT_BILAT_ARGMT,Fisheries management measures in place and multilateral and bilateral fisheries management arrangements,SB,Solomon Islands,2023,,88,,,,N,units,,,,,N,National,,
DATAFLOW,SPC:DF_CLIMATE_CHANGE(1.0),Climate Change indicators,I,A,Annual,FISH_MNGT_MULT_BILAT_ARGMT,Fisheries management measures in place and multilateral and bilateral fisheries management arrangements,SB,Solomon Islands,2024,,90,,,,N,units,,,,,N,National,,
DATAFLOW,SPC:DF_CLIMATE_CHANGE(1.0),Climate Change indicators,I,A,Annual,FISH_MNGT_MULT_BILAT_ARGMT,Fisheries management measures in place and multilateral and bilateral fisheries management arrangements,SB,Solomon Islands,2025,,90,,,,N,units,,,,,N,National,,
DATAFLOW,SPC:DF_CLIMATE_CHANGE(1.0),Climate Change indicators,I,A,Annual,FISH_MNGT_MULT_BILAT_ARGMT,Fisheries management measures in place and multilateral and bilateral fisheries management arrangements,SB,Solomon Islands,2026,,90,,,,N,units,,,,,N,National,,
DATAFLOW,SPC:DF_CLIMATE_CHANGE(1.0),Climate Change indicators,I,A,Annual,FISH_MNGT_MULT_BILAT_ARGMT,Fisheries management measures in place and multilateral and bilateral fisheries management arrangements,CK,Cook Islands,1962,,1,,,,N,units,,,,,N,National,,
DATAFLOW,SPC:DF_CLIMATE_CHANGE(1.0),Climate Change indicators,I,A,Annual,FISH_MNGT_MULT_BILAT_ARGMT,Fisheries management measures in place and multilateral and bilateral fisheries management arrangements,CK,Cook Islands,1963,,1,,,,N,units,,,,,N,National,,
DATAFLOW,SPC:DF_CLIMATE_CHANGE(1.0),Climate Change indicators,I,A,Annual,FISH_MNGT_MULT_BILAT_ARGMT,Fisheries management measures in place and multilateral and bilateral fisheries management arrangements,CK,Cook Islands,1964,,2,,,,N,units,,,,,N,National,,
DATAFLOW,SPC:DF_CLIMATE_CHANGE(1.0),Climate Change indicators,I,A,Annual,FISH_MNGT_MULT_BILAT_ARGMT,Fisheries management measures in place and multilateral and bilateral fisheries management arrangements,CK,Cook Islands,1965,,2,,,,N,units,,,,,N,National,,
DATAFLOW,SPC:DF_CLIMATE_CHANGE(1.0),Climate Change indicators,I,A,Annual,FISH_MNGT_MULT_BILAT_ARGMT,Fisheries management measures in place and multilateral and bilateral fisheries management arrangements,CK,Cook Islands,1966,,2,,,,N,units,,,,,N,National,,
DATAFLOW,SPC:DF_CLIMATE_CHANGE(1.0),Climate Change indicators,I,A,Annual,FISH_MNGT_MULT_BILAT_ARGMT,Fisheries management measures in place and multilateral and bilateral fisheries management arrangements,CK,Cook Islands,1967,,2,,,,N,units,,,,,N,National,,
DATAFLOW,SPC:DF_CLIMATE_CHANGE(1.0),Climate Change indicators,I,A,Annual,FISH_MNGT_MULT_BILAT_ARGMT,Fisheries management measures in place and multilateral and bilateral fisheries management arrangements,CK,Cook Islands,1968,,2,,,,N,units,,,,,N,National,,
DATAFLOW,SPC:DF_CLIMATE_CHANGE(1.0),Climate Change indicators,I,A,Annual,FISH_MNGT_MULT_BILAT_ARGMT,Fisheries management measures in place and multilateral and bilateral fisheries management arrangements,CK,Cook Islands,1969,,2,,,,N,units,,,,,N,National,,
DATAFLOW,SPC:DF_CLIMATE_CHANGE(1.0),Climate Change indicators,I,A,Annual,FISH_MNGT_MULT_BILAT_ARGMT,Fisheries management measures in place and multilateral and bilateral fisheries management arrangements,CK,Cook Islands,1970,,2,,,,N,units,,,,,N,National,,
DATAFLOW,SPC:DF_CLIMATE_CHANGE(1.0),Climate Change indicators,I,A,Annual,FISH_MNGT_MULT_BILAT_ARGMT,Fisheries management measures in place and multilateral and bilateral fisheries management arrangements,CK,Cook Islands,1971,,2,,,,N,units,,,,,N,National,,
DATAFLOW,SPC:DF_CLIMATE_CHANGE(1.0),Climate Change indicators,I,A,Annual,FISH_MNGT_MULT_BILAT_ARGMT,Fisheries management measures in place and multilateral and bilateral fisheries management arrangements,CK,Cook Islands,1972,,2,,,,N,units,,,,,N,National,,
DATAFLOW,SPC:DF_CLIMATE_CHANGE(1.0),Climate Change indicators,I,A,Annual,FISH_MNGT_MULT_BILAT_ARGMT,Fisheries management measures in place and multilateral and bilateral fisheries management arrangements,CK,Cook Islands,1973,,2,,,,N,units,,,,,N,National,,
DATAFLOW,SPC:DF_CLIMATE_CHANGE(1.0),Climate Change indicators,I,A,Annual,FISH_MNGT_MULT_BILAT_ARGMT,Fisheries management measures in place and multilateral and bilateral fisheries management arrangements,CK,Cook Islands,1974,,2,,,,N,units,,,,,N,National,,
DATAFLOW,SPC:DF_CLIMATE_CHANGE(1.0),Climate Change indicators,I,A,Annual,FISH_MNGT_MULT_BILAT_ARGMT,Fisheries management measures in place and multilateral and bilateral fisheries management arrangements,CK,Cook Islands,1975,,4,,,,N,units,,,,,N,National,,
DATAFLOW,SPC:DF_CLIMATE_CHANGE(1.0),Climate Change indicators,I,A,Annual,FISH_MNGT_MULT_BILAT_ARGMT,Fisheries management measures in place and multilateral and bilateral fisheries management arrangements,CK,Cook Islands,1976,,5,,,,N,units,,,,,N,National,,
DATAFLOW,SPC:DF_CLIMATE_CHANGE(1.0),Climate Change indicators,I,A,Annual,FISH_MNGT_MULT_BILAT_ARGMT,Fisheries management measures in place and multilateral and bilateral fisheries management arrangements,CK,Cook Islands,1977,,6,,,,N,units,,,,,N,National,,
DATAFLOW,SPC:DF_CLIMATE_CHANGE(1.0),Climate Change indicators,I,A,Annual,FISH_MNGT_MULT_BILAT_ARGMT,Fisheries management measures in place and multilateral and bilateral fisheries management arrangements,CK,Cook Islands,1978,,7,,,,N,units,,,,,N,National,,
DATAFLOW,SPC:DF_CLIMATE_CHANGE(1.0),Climate Change indicators,I,A,Annual,FISH_MNGT_MULT_BILAT_ARGMT,Fisheries management measures in place and multilateral and bilateral fisheries management arrangements,CK,Cook Islands,1979,,9,,,,N,units,,,,,N,National,,
DATAFLOW,SPC:DF_CLIMATE_CHANGE(1.0),Climate Change indicators,I,A,Annual,FISH_MNGT_MULT_BILAT_ARGMT,Fisheries management measures in place and multilateral and bilateral fisheries management arrangements,CK,Cook Islands,1980,,9,,,,N,units,,,,,N,National,,
DATAFLOW,SPC:DF_CLIMATE_CHANGE(1.0),Climate Change indicators,I,A,Annual,FISH_MNGT_MULT_BILAT_ARGMT,Fisheries management measures in place and multilateral and bilateral fisheries management arrangements,CK,Cook Islands,1981,,9,,,,N,units,,,,,N,National,,
DATAFLOW,SPC:DF_CLIMATE_CHANGE(1.0),Climate Change indicators,I,A,Annual,FISH_MNGT_MULT_BILAT_ARGMT,Fisheries management measures in place and multilateral and bilateral fisheries management arrangements,CK,Cook Islands,1982,,10,,,,N,units,,,,,N,National,,
DATAFLOW,SPC:DF_CLIMATE_CHANGE(1.0),Climate Change indicators,I,A,Annual,FISH_MNGT_MULT_BILAT_ARGMT,Fisheries management measures in place and multilateral and bilateral fisheries management arrangements,CK,Cook Islands,1983,,10,,,,N,units,,,,,N,National,,
DATAFLOW,SPC:DF_CLIMATE_CHANGE(1.0),Climate Change indicators,I,A,Annual,FISH_MNGT_MULT_BILAT_ARGMT,Fisheries management measures in place and multilateral and bilateral fisheries management arrangements,CK,Cook Islands,1984,,12,,,,N,units,,,,,N,National,,
DATAFLOW,SPC:DF_CLIMATE_CHANGE(1.0),Climate Change indicators,I,A,Annual,FISH_MNGT_MULT_BILAT_ARGMT,Fisheries management measures in place and multilateral and bilateral fisheries management arrangements,CK,Cook Islands,1985,,13,,,,N,units,,,,,N,National,,
DATAFLOW,SPC:DF_CLIMATE_CHANGE(1.0),Climate Change indicators,I,A,Annual,FISH_MNGT_MULT_BILAT_ARGMT,Fisheries management measures in place and multilateral and bilateral fisheries management arrangements,CK,Cook Islands,1986,,13,,,,N,units,,,,,N,National,,
DATAFLOW,SPC:DF_CLIMATE_CHANGE(1.0),Climate Change indicators,I,A,Annual,FISH_MNGT_MULT_BILAT_ARGMT,Fisheries management measures in place and multilateral and bilateral fisheries management arrangements,CK,Cook Islands,1987,,14,,,,N,units,,,,,N,National,,
DATAFLOW,SPC:DF_CLIMATE_CHANGE(1.0),Climate Change indicators,I,A,Annual,FISH_MNGT_MULT_BILAT_ARGMT,Fisheries management measures in place and multilateral and bilateral fisheries management arrangements,CK,Cook Islands,1988,,15,,,,N,units,,,,,N,National,,
DATAFLOW,SPC:DF_CLIMATE_CHANGE(1.0),Climate Change indicators,I,A,Annual,FISH_MNGT_MULT_BILAT_ARGMT,Fisheries management measures in place and multilateral and bilateral fisheries management arrangements,CK,Cook Islands,1989,,17,,,,N,units,,,,,N,National,,
DATAFLOW,SPC:DF_CLIMATE_CHANGE(1.0),Climate Change indicators,I,A,Annual,FISH_MNGT_MULT_BILAT_ARGMT,Fisheries management measures in place and multilateral and bilateral fisheries management arrangements,CK,Cook Islands,1990,,21,,,,N,units,,,,,N,National,,
DATAFLOW,SPC:DF_CLIMATE_CHANGE(1.0),Climate Change indicators,I,A,Annual,FISH_MNGT_MULT_BILAT_ARGMT,Fisheries management measures in place and multilateral and bilateral fisheries management arrangements,CK,Cook Islands,1991,,23,,,,N,units,,,,,N,National,,
DATAFLOW,SPC:DF_CLIMATE_CHANGE(1.0),Climate Change indicators,I,A,Annual,FISH_MNGT_MULT_BILAT_ARGMT,Fisheries management measures in place and multilateral and bilateral fisheries management arrangements,CK,Cook Islands,1992,,24,,,,N,units,,,,,N,National,,
DATAFLOW,SPC:DF_CLIMATE_CHANGE(1.0),Climate Change indicators,I,A,Annual,FISH_MNGT_MULT_BILAT_ARGMT,Fisheries management measures in place and multilateral and bilateral fisheries management arrangements,CK,Cook Islands,1993,,25,,,,N,units,,,,,N,National,,
DATAFLOW,SPC:DF_CLIMATE_CHANGE(1.0),Climate Change indicators,I,A,Annual,FISH_MNGT_MULT_BILAT_ARGMT,Fisheries management measures in place and multilateral and bilateral fisheries management arrangements,CK,Cook Islands,1994,,25,,,,N,units,,,,,N,National,,
DATAFLOW,SPC:DF_CLIMATE_CHANGE(1.0),Climate Change indicators,I,A,Annual,FISH_MNGT_MULT_BILAT_ARGMT,Fisheries management measures in place and multilateral and bilateral fisheries management arrangements,CK,Cook Islands,1995,,26,,,,N,units,,,,,N,National,,
DATAFLOW,SPC:DF_CLIMATE_CHANGE(1.0),Climate Change indicators,I,A,Annual,FISH_MNGT_MULT_BILAT_ARGMT,Fisheries management measures in place and multilateral and bilateral fisheries management arrangements,CK,Cook Islands,1996,,26,,,,N,units,,,,,N,National,,
DATAFLOW,SPC:DF_CLIMATE_CHANGE(1.0),Climate Change indicators,I,A,Annual,FISH_MNGT_MULT_BILAT_ARGMT,Fisheries management measures in place and multilateral and bilateral fisheries management arrangements,CK,Cook Islands,1997,,26,,,,N,units,,,,,N,National,,
DATAFLOW,SPC:DF_CLIMATE_CHANGE(1.0),Climate Change indicators,I,A,Annual,FISH_MNGT_MULT_BILAT_ARGMT,Fisheries management measures in place and multilateral and bilateral fisheries management arrangements,CK,Cook Islands,1998,,26,,,,N,units,,,,,N,National,,
DATAFLOW,SPC:DF_CLIMATE_CHANGE(1.0),Climate Change indicators,I,A,Annual,FISH_MNGT_MULT_BILAT_ARGMT,Fisheries management measures in place and multilateral and bilateral fisheries management arrangements,CK,Cook Islands,1999,,27,,,,N,units,,,,,N,National,,
DATAFLOW,SPC:DF_CLIMATE_CHANGE(1.0),Climate Change indicators,I,A,Annual,FISH_MNGT_MULT_BILAT_ARGMT,Fisheries management measures in place and multilateral and bilateral fisheries management arrangements,CK,Cook Islands,2000,,28,,,,N,units,,,,,N,National,,
DATAFLOW,SPC:DF_CLIMATE_CHANGE(1.0),Climate Change indicators,I,A,Annual,FISH_MNGT_MULT_BILAT_ARGMT,Fisheries management measures in place and multilateral and bilateral fisheries management arrangements,CK,Cook Islands,2001,,28,,,,N,units,,,,,N,National,,
DATAFLOW,SPC:DF_CLIMATE_CHANGE(1.0),Climate Change indicators,I,A,Annual,FISH_MNGT_MULT_BILAT_ARGMT,Fisheries management measures in place and multilateral and bilateral fisheries management arrangements,CK,Cook Islands,2002,,28,,,,N,units,,,,,N,National,,
DATAFLOW,SPC:DF_CLIMATE_CHANGE(1.0),Climate Change indicators,I,A,Annual,FISH_MNGT_MULT_BILAT_ARGMT,Fisheries management measures in place and multilateral and bilateral fisheries management arrangements,CK,Cook Islands,2003,,29,,,,N,units,,,,,N,National,,
DATAFLOW,SPC:DF_CLIMATE_CHANGE(1.0),Climate Change indicators,I,A,Annual,FISH_MNGT_MULT_BILAT_ARGMT,Fisheries management measures in place and multilateral and bilateral fisheries management arrangements,CK,Cook Islands,2004,,29,,,,N,units,,,,,N,National,,
DATAFLOW,SPC:DF_CLIMATE_CHANGE(1.0),Climate Change indicators,I,A,Annual,FISH_MNGT_MULT_BILAT_ARGMT,Fisheries management measures in place and multilateral and bilateral fisheries management arrangements,CK,Cook Islands,2005,,30,,,,N,units,,,,,N,National,,
DATAFLOW,SPC:DF_CLIMATE_CHANGE(1.0),Climate Change indicators,I,A,Annual,FISH_MNGT_MULT_BILAT_ARGMT,Fisheries management measures in place and multilateral and bilateral fisheries management arrangements,CK,Cook Islands,2006,,33,,,,N,units,,,,,N,National,,
DATAFLOW,SPC:DF_CLIMATE_CHANGE(1.0),Climate Change indicators,I,A,Annual,FISH_MNGT_MULT_BILAT_ARGMT,Fisheries management measures in place and multilateral and bilateral fisheries management arrangements,CK,Cook Islands,2007,,34,,,,N,units,,,,,N,National,,
DATAFLOW,SPC:DF_CLIMATE_CHANGE(1.0),Climate Change indicators,I,A,Annual,FISH_MNGT_MULT_BILAT_ARGMT,Fisheries management measures in place and multilateral and bilateral fisheries management arrangements,CK,Cook Islands,2008,,38,,,,N,units,,,,,N,National,,
DATAFLOW,SPC:DF_CLIMATE_CHANGE(1.0),Climate Change indicators,I,A,Annual,FISH_MNGT_MULT_BILAT_ARGMT,Fisheries management measures in place and multilateral and bilateral fisheries management arrangements,CK,Cook Islands,2009,,39,,,,N,units,,,,,N,National,,
DATAFLOW,SPC:DF_CLIMATE_CHANGE(1.0),Climate Change indicators,I,A,Annual,FISH_MNGT_MULT_BILAT_ARGMT,Fisheries management measures in place and multilateral and bilateral fisheries management arrangements,CK,Cook Islands,2010,,41,,,,N,units,,,,,N,National,,
DATAFLOW,SPC:DF_CLIMATE_CHANGE(1.0),Climate Change indicators,I,A,Annual,FISH_MNGT_MULT_BILAT_ARGMT,Fisheries management measures in place and multilateral and bilateral fisheries management arrangements,CK,Cook Islands,2011,,43,,,,N,units,,,,,N,National,,
DATAFLOW,SPC:DF_CLIMATE_CHANGE(1.0),Climate Change indicators,I,A,Annual,FISH_MNGT_MULT_BILAT_ARGMT,Fisheries management measures in place and multilateral and bilateral fisheries management arrangements,CK,Cook Islands,2012,,48,,,,N,units,,,,,N,National,,
DATAFLOW,SPC:DF_CLIMATE_CHANGE(1.0),Climate Change indicators,I,A,Annual,FISH_MNGT_MULT_BILAT_ARGMT,Fisheries management measures in place and multilateral and bilateral fisheries management arrangements,CK,Cook Islands,2013,,50,,,,N,units,,,,,N,National,,
DATAFLOW,SPC:DF_CLIMATE_CHANGE(1.0),Climate Change indicators,I,A,Annual,FISH_MNGT_MULT_BILAT_ARGMT,Fisheries management measures in place and multilateral and bilateral fisheries management arrangements,CK,Cook Islands,2014,,51,,,,N,units,,,,,N,National,,
DATAFLOW,SPC:DF_CLIMATE_CHANGE(1.0),Climate Change indicators,I,A,Annual,FISH_MNGT_MULT_BILAT_ARGMT,Fisheries management measures in place and multilateral and bilateral fisheries management arrangements,CK,Cook Islands,2015,,51,,,,N,units,,,,,N,National,,
DATAFLOW,SPC:DF_CLIMATE_CHANGE(1.0),Climate Change indicators,I,A,Annual,FISH_MNGT_MULT_BILAT_ARGMT,Fisheries management measures in place and multilateral and bilateral fisheries management arrangements,CK,Cook Islands,2016,,56,,,,N,units,,,,,N,National,,
DATAFLOW,SPC:DF_CLIMATE_CHANGE(1.0),Climate Change indicators,I,A,Annual,FISH_MNGT_MULT_BILAT_ARGMT,Fisheries management measures in place and multilateral and bilateral fisheries management arrangements,CK,Cook Islands,2017,,57,,,,N,units,,,,,N,National,,
DATAFLOW,SPC:DF_CLIMATE_CHANGE(1.0),Climate Change indicators,I,A,Annual,FISH_MNGT_MULT_BILAT_ARGMT,Fisheries management measures in place and multilateral and bilateral fisheries management arrangements,CK,Cook Islands,2018,,58,,,,N,units,,,,,N,National,,
DATAFLOW,SPC:DF_CLIMATE_CHANGE(1.0),Climate Change indicators,I,A,Annual,FISH_MNGT_MULT_BILAT_ARGMT,Fisheries management measures in place and multilateral and bilateral fisheries management arrangements,CK,Cook Islands,2019,,59,,,,N,units,,,,,N,National,,
DATAFLOW,SPC:DF_CLIMATE_CHANGE(1.0),Climate Change indicators,I,A,Annual,FISH_MNGT_MULT_BILAT_ARGMT,Fisheries management measures in place and multilateral and bilateral fisheries management arrangements,CK,Cook Islands,2020,,59,,,,N,units,,,,,N,National,,
DATAFLOW,SPC:DF_CLIMATE_CHANGE(1.0),Climate Change indicators,I,A,Annual,FISH_MNGT_MULT_BILAT_ARGMT,Fisheries management measures in place and multilateral and bilateral fisheries management arrangements,CK,Cook Islands,2021,,60,,,,N,units,,,,,N,National,,
DATAFLOW,SPC:DF_CLIMATE_CHANGE(1.0),Climate Change indicators,I,A,Annual,FISH_MNGT_MULT_BILAT_ARGMT,Fisheries management measures in place and multilateral and bilateral fisheries management arrangements,CK,Cook Islands,2022,,60,,,,N,units,,,,,N,National,,
DATAFLOW,SPC:DF_CLIMATE_CHANGE(1.0),Climate Change indicators,I,A,Annual,FISH_MNGT_MULT_BILAT_ARGMT,Fisheries management measures in place and multilateral and bilateral fisheries management arrangements,CK,Cook Islands,2023,,62,,,,N,units,,,,,N,National,,
DATAFLOW,SPC:DF_CLIMATE_CHANGE(1.0),Climate Change indicators,I,A,Annual,FISH_MNGT_MULT_BILAT_ARGMT,Fisheries management measures in place and multilateral and bilateral fisheries management arrangements,CK,Cook Islands,2024,,62,,,,N,units,,,,,N,National,,
DATAFLOW,SPC:DF_CLIMATE_CHANGE(1.0),Climate Change indicators,I,A,Annual,FISH_MNGT_MULT_BILAT_ARGMT,Fisheries management measures in place and multilateral and bilateral fisheries management arrangements,CK,Cook Islands,2025,,63,,,,N,units,,,,,N,National,,
DATAFLOW,SPC:DF_CLIMATE_CHANGE(1.0),Climate Change indicators,I,A,Annual,FISH_MNGT_MULT_BILAT_ARGMT,Fisheries management measures in place and multilateral and bilateral fisheries management arrangements,CK,Cook Islands,2026,,63,,,,N,units,,,,,N,National,,
DATAFLOW,SPC:DF_CLIMATE_CHANGE(1.0),Climate Change indicators,I,A,Annual,FISH_MNGT_MULT_BILAT_ARGMT,Fisheries management measures in place and multilateral and bilateral fisheries management arrangements,TK,Tokelau,1977,,1,,,,N,units,,,,,N,National,,
DATAFLOW,SPC:DF_CLIMATE_CHANGE(1.0),Climate Change indicators,I,A,Annual,FISH_MNGT_MULT_BILAT_ARGMT,Fisheries management measures in place and multilateral and bilateral fisheries management arrangements,TK,Tokelau,1978,,1,,,,N,units,,,,,N,National,,
DATAFLOW,SPC:DF_CLIMATE_CHANGE(1.0),Climate Change indicators,I,A,Annual,FISH_MNGT_MULT_BILAT_ARGMT,Fisheries management measures in place and multilateral and bilateral fisheries management arrangements,TK,Tokelau,1979,,1,,,,N,units,,,,,N,National,,
DATAFLOW,SPC:DF_CLIMATE_CHANGE(1.0),Climate Change indicators,I,A,Annual,FISH_MNGT_MULT_BILAT_ARGMT,Fisheries management measures in place and multilateral and bilateral fisheries management arrangements,TK,Tokelau,1980,,1,,,,N,units,,,,,N,National,,
DATAFLOW,SPC:DF_CLIMATE_CHANGE(1.0),Climate Change indicators,I,A,Annual,FISH_MNGT_MULT_BILAT_ARGMT,Fisheries management measures in place and multilateral and bilateral fisheries management arrangements,TK,Tokelau,1981,,1,,,,N,units,,,,,N,National,,
DATAFLOW,SPC:DF_CLIMATE_CHANGE(1.0),Climate Change indicators,I,A,Annual,FISH_MNGT_MULT_BILAT_ARGMT,Fisheries management measures in place and multilateral and bilateral fisheries management arrangements,TK,Tokelau,1982,,1,,,,N,units,,,,,N,National,,
DATAFLOW,SPC:DF_CLIMATE_CHANGE(1.0),Climate Change indicators,I,A,Annual,FISH_MNGT_MULT_BILAT_ARGMT,Fisheries management measures in place and multilateral and bilateral fisheries management arrangements,TK,Tokelau,1983,,1,,,,N,units,,,,,N,National,,
DATAFLOW,SPC:DF_CLIMATE_CHANGE(1.0),Climate Change indicators,I,A,Annual,FISH_MNGT_MULT_BILAT_ARGMT,Fisheries management measures in place and multilateral and bilateral fisheries management arrangements,TK,Tokelau,1984,,1,,,,N,units,,,,,N,National,,
DATAFLOW,SPC:DF_CLIMATE_CHANGE(1.0),Climate Change indicators,I,A,Annual,FISH_MNGT_MULT_BILAT_ARGMT,Fisheries management measures in place and multilateral and bilateral fisheries management arrangements,TK,Tokelau,1985,,1,,,,N,units,,,,,N,National,,
DATAFLOW,SPC:DF_CLIMATE_CHANGE(1.0),Climate Change indicators,I,A,Annual,FISH_MNGT_MULT_BILAT_ARGMT,Fisheries management measures in place and multilateral and bilateral fisheries management arrangements,TK,Tokelau,1986,,1,,,,N,units,,,,,N,National,,
DATAFLOW,SPC:DF_CLIMATE_CHANGE(1.0),Climate Change indicators,I,A,Annual,FISH_MNGT_MULT_BILAT_ARGMT,Fisheries management measures in place and multilateral and bilateral fisheries management arrangements,TK,Tokelau,1987,,1,,,,N,units,,,,,N,National,,
DATAFLOW,SPC:DF_CLIMATE_CHANGE(1.0),Climate Change indicators,I,A,Annual,FISH_MNGT_MULT_BILAT_ARGMT,Fisheries management measures in place and multilateral and bilateral fisheries management arrangements,TK,Tokelau,1988,,2,,,,N,units,,,,,N,National,,
DATAFLOW,SPC:DF_CLIMATE_CHANGE(1.0),Climate Change indicators,I,A,Annual,FISH_MNGT_MULT_BILAT_ARGMT,Fisheries management measures in place and multilateral and bilateral fisheries management arrangements,TK,Tokelau,1989,,4,,,,N,units,,,,,N,National,,
DATAFLOW,SPC:DF_CLIMATE_CHANGE(1.0),Climate Change indicators,I,A,Annual,FISH_MNGT_MULT_BILAT_ARGMT,Fisheries management measures in place and multilateral and bilateral fisheries management arrangements,TK,Tokelau,1990,,6,,,,N,units,,,,,N,National,,
DATAFLOW,SPC:DF_CLIMATE_CHANGE(1.0),Climate Change indicators,I,A,Annual,FISH_MNGT_MULT_BILAT_ARGMT,Fisheries management measures in place and multilateral and bilateral fisheries management arrangements,TK,Tokelau,1991,,6,,,,N,units,,,,,N,National,,
DATAFLOW,SPC:DF_CLIMATE_CHANGE(1.0),Climate Change indicators,I,A,Annual,FISH_MNGT_MULT_BILAT_ARGMT,Fisheries management measures in place and multilateral and bilateral fisheries management arrangements,TK,Tokelau,1992,,7,,,,N,units,,,,,N,National,,
DATAFLOW,SPC:DF_CLIMATE_CHANGE(1.0),Climate Change indicators,I,A,Annual,FISH_MNGT_MULT_BILAT_ARGMT,Fisheries management measures in place and multilateral and bilateral fisheries management arrangements,TK,Tokelau,1993,,7,,,,N,units,,,,,N,National,,
DATAFLOW,SPC:DF_CLIMATE_CHANGE(1.0),Climate Change indicators,I,A,Annual,FISH_MNGT_MULT_BILAT_ARGMT,Fisheries management measures in place and multilateral and bilateral fisheries management arrangements,TK,Tokelau,1994,,7,,,,N,units,,,,,N,National,,
DATAFLOW,SPC:DF_CLIMATE_CHANGE(1.0),Climate Change indicators,I,A,Annual,FISH_MNGT_MULT_BILAT_ARGMT,Fisheries management measures in place and multilateral and bilateral fisheries management arrangements,TK,Tokelau,1995,,7,,,,N,units,,,,,N,National,,
DATAFLOW,SPC:DF_CLIMATE_CHANGE(1.0),Climate Change indicators,I,A,Annual,FISH_MNGT_MULT_BILAT_ARGMT,Fisheries management measures in place and multilateral and bilateral fisheries management arrangements,TK,Tokelau,1996,,8,,,,N,units,,,,,N,National,,
DATAFLOW,SPC:DF_CLIMATE_CHANGE(1.0),Climate Change indicators,I,A,Annual,FISH_MNGT_MULT_BILAT_ARGMT,Fisheries management measures in place and multilateral and bilateral fisheries management arrangements,TK,Tokelau,1997,,8,,,,N,units,,,,,N,National,,
DATAFLOW,SPC:DF_CLIMATE_CHANGE(1.0),Climate Change indicators,I,A,Annual,FISH_MNGT_MULT_BILAT_ARGMT,Fisheries management measures in place and multilateral and bilateral fisheries management arrangements,TK,Tokelau,1998,,8,,,,N,units,,,,,N,National,,
DATAFLOW,SPC:DF_CLIMATE_CHANGE(1.0),Climate Change indicators,I,A,Annual,FISH_MNGT_MULT_BILAT_ARGMT,Fisheries management measures in place and multilateral and bilateral fisheries management arrangements,TK,Tokelau,1999,,8,,,,N,units,,,,,N,National,,
DATAFLOW,SPC:DF_CLIMATE_CHANGE(1.0),Climate Change indicators,I,A,Annual,FISH_MNGT_MULT_BILAT_ARGMT,Fisheries management measures in place and multilateral and bilateral fisheries management arrangements,TK,Tokelau,2000,,8,,,,N,units,,,,,N,National,,
DATAFLOW,SPC:DF_CLIMATE_CHANGE(1.0),Climate Change indicators,I,A,Annual,FISH_MNGT_MULT_BILAT_ARGMT,Fisheries management measures in place and multilateral and bilateral fisheries management arrangements,TK,Tokelau,2001,,8,,,,N,units,,,,,N,National,,
DATAFLOW,SPC:DF_CLIMATE_CHANGE(1.0),Climate Change indicators,I,A,Annual,FISH_MNGT_MULT_BILAT_ARGMT,Fisheries management measures in place and multilateral and bilateral fisheries management arrangements,TK,Tokelau,2002,,8,,,,N,units,,,,,N,National,,
DATAFLOW,SPC:DF_CLIMATE_CHANGE(1.0),Climate Change indicators,I,A,Annual,FISH_MNGT_MULT_BILAT_ARGMT,Fisheries management measures in place and multilateral and bilateral fisheries management arrangements,TK,Tokelau,2003,,9,,,,N,units,,,,,N,National,,
DATAFLOW,SPC:DF_CLIMATE_CHANGE(1.0),Climate Change indicators,I,A,Annual,FISH_MNGT_MULT_BILAT_ARGMT,Fisheries management measures in place and multilateral and bilateral fisheries management arrangements,TK,Tokelau,2004,,9,,,,N,units,,,,,N,National,,
DATAFLOW,SPC:DF_CLIMATE_CHANGE(1.0),Climate Change indicators,I,A,Annual,FISH_MNGT_MULT_BILAT_ARGMT,Fisheries management measures in place and multilateral and bilateral fisheries management arrangements,TK,Tokelau,2005,,9,,,,N,units,,,,,N,National,,
DATAFLOW,SPC:DF_CLIMATE_CHANGE(1.0),Climate Change indicators,I,A,Annual,FISH_MNGT_MULT_BILAT_ARGMT,Fisheries management measures in place and multilateral and bilateral fisheries management arrangements,TK,Tokelau,2006,,9,,,,N,units,,,,,N,National,,
DATAFLOW,SPC:DF_CLIMATE_CHANGE(1.0),Climate Change indicators,I,A,Annual,FISH_MNGT_MULT_BILAT_ARGMT,Fisheries management measures in place and multilateral and bilateral fisheries management arrangements,TK,Tokelau,2007,,9,,,,N,units,,,,,N,National,,
DATAFLOW,SPC:DF_CLIMATE_CHANGE(1.0),Climate Change indicators,I,A,Annual,FISH_MNGT_MULT_BILAT_ARGMT,Fisheries management measures in place and multilateral and bilateral fisheries management arrangements,TK,Tokelau,2008,,9,,,,N,units,,,,,N,National,,
DATAFLOW,SPC:DF_CLIMATE_CHANGE(1.0),Climate Change indicators,I,A,Annual,FISH_MNGT_MULT_BILAT_ARGMT,Fisheries management measures in place and multilateral and bilateral fisheries management arrangements,TK,Tokelau,2009,,9,,,,N,units,,,,,N,National,,
DATAFLOW,SPC:DF_CLIMATE_CHANGE(1.0),Climate Change indicators,I,A,Annual,FISH_MNGT_MULT_BILAT_ARGMT,Fisheries management measures in place and multilateral and bilateral fisheries management arrangements,TK,Tokelau,2010,,9,,,,N,units,,,,,N,National,,
DATAFLOW,SPC:DF_CLIMATE_CHANGE(1.0),Climate Change indicators,I,A,Annual,FISH_MNGT_MULT_BILAT_ARGMT,Fisheries management measures in place and multilateral and bilateral fisheries management arrangements,TK,Tokelau,2011,,9,,,,N,units,,,,,N,National,,
DATAFLOW,SPC:DF_CLIMATE_CHANGE(1.0),Climate Change indicators,I,A,Annual,FISH_MNGT_MULT_BILAT_ARGMT,Fisheries management measures in place and multilateral and bilateral fisheries management arrangements,TK,Tokelau,2012,,10,,,,N,units,,,,,N,National,,
DATAFLOW,SPC:DF_CLIMATE_CHANGE(1.0),Climate Change indicators,I,A,Annual,FISH_MNGT_MULT_BILAT_ARGMT,Fisheries management measures in place and multilateral and bilateral fisheries management arrangements,TK,Tokelau,2013,,10,,,,N,units,,,,,N,National,,
DATAFLOW,SPC:DF_CLIMATE_CHANGE(1.0),Climate Change indicators,I,A,Annual,FISH_MNGT_MULT_BILAT_ARGMT,Fisheries management measures in place and multilateral and bilateral fisheries management arrangements,TK,Tokelau,2014,,10,,,,N,units,,,,,N,National,,
DATAFLOW,SPC:DF_CLIMATE_CHANGE(1.0),Climate Change indicators,I,A,Annual,FISH_MNGT_MULT_BILAT_ARGMT,Fisheries management measures in place and multilateral and bilateral fisheries management arrangements,TK,Tokelau,2015,,10,,,,N,units,,,,,N,National,,
DATAFLOW,SPC:DF_CLIMATE_CHANGE(1.0),Climate Change indicators,I,A,Annual,FISH_MNGT_MULT_BILAT_ARGMT,Fisheries management measures in place and multilateral and bilateral fisheries management arrangements,TK,Tokelau,2016,,10,,,,N,units,,,,,N,National,,
DATAFLOW,SPC:DF_CLIMATE_CHANGE(1.0),Climate Change indicators,I,A,Annual,FISH_MNGT_MULT_BILAT_ARGMT,Fisheries management measures in place and multilateral and bilateral fisheries management arrangements,TK,Tokelau,2017,,10,,,,N,units,,,,,N,National,,
DATAFLOW,SPC:DF_CLIMATE_CHANGE(1.0),Climate Change indicators,I,A,Annual,FISH_MNGT_MULT_BILAT_ARGMT,Fisheries management measures in place and multilateral and bilateral fisheries management arrangements,TK,Tokelau,2018,,10,,,,N,units,,,,,N,National,,
DATAFLOW,SPC:DF_CLIMATE_CHANGE(1.0),Climate Change indicators,I,A,Annual,FISH_MNGT_MULT_BILAT_ARGMT,Fisheries management measures in place and multilateral and bilateral fisheries management arrangements,TK,Tokelau,2019,,11,,,,N,units,,,,,N,National,,
DATAFLOW,SPC:DF_CLIMATE_CHANGE(1.0),Climate Change indicators,I,A,Annual,FISH_MNGT_MULT_BILAT_ARGMT,Fisheries management measures in place and multilateral and bilateral fisheries management arrangements,TK,Tokelau,2020,,11,,,,N,units,,,,,N,National,,
DATAFLOW,SPC:DF_CLIMATE_CHANGE(1.0),Climate Change indicators,I,A,Annual,FISH_MNGT_MULT_BILAT_ARGMT,Fisheries management measures in place and multilateral and bilateral fisheries management arrangements,TK,Tokelau,2021,,11,,,,N,units,,,,,N,National,,
DATAFLOW,SPC:DF_CLIMATE_CHANGE(1.0),Climate Change indicators,I,A,Annual,FISH_MNGT_MULT_BILAT_ARGMT,Fisheries management measures in place and multilateral and bilateral fisheries management arrangements,TK,Tokelau,2022,,11,,,,N,units,,,,,N,National,,
DATAFLOW,SPC:DF_CLIMATE_CHANGE(1.0),Climate Change indicators,I,A,Annual,FISH_MNGT_MULT_BILAT_ARGMT,Fisheries management measures in place and multilateral and bilateral fisheries management arrangements,TK,Tokelau,2023,,11,,,,N,units,,,,,N,National,,
DATAFLOW,SPC:DF_CLIMATE_CHANGE(1.0),Climate Change indicators,I,A,Annual,FISH_MNGT_MULT_BILAT_ARGMT,Fisheries management measures in place and multilateral and bilateral fisheries management arrangements,TK,Tokelau,2024,,11,,,,N,units,,,,,N,National,,
DATAFLOW,SPC:DF_CLIMATE_CHANGE(1.0),Climate Change indicators,I,A,Annual,FISH_MNGT_MULT_BILAT_ARGMT,Fisheries management measures in place and multilateral and bilateral fisheries management arrangements,TK,Tokelau,2025,,11,,,,N,units,,,,,N,National,,
DATAFLOW,SPC:DF_CLIMATE_CHANGE(1.0),Climate Change indicators,I,A,Annual,FISH_MNGT_MULT_BILAT_ARGMT,Fisheries management measures in place and multilateral and bilateral fisheries management arrangements,TK,Tokelau,2026,,11,,,,N,units,,,,,N,National,,
DATAFLOW,SPC:DF_CLIMATE_CHANGE(1.0),Climate Change indicators,I,A,Annual,FISH_MNGT_MULT_BILAT_ARGMT,Fisheries management measures in place and multilateral and bilateral fisheries management arrangements,FJ,Fiji,1942,,1,,,,N,units,,,,,N,National,,
DATAFLOW,SPC:DF_CLIMATE_CHANGE(1.0),Climate Change indicators,I,A,Annual,FISH_MNGT_MULT_BILAT_ARGMT,Fisheries management measures in place and multilateral and bilateral fisheries management arrangements,FJ,Fiji,1943,,1,,,,N,units,,,,,N,National,,
DATAFLOW,SPC:DF_CLIMATE_CHANGE(1.0),Climate Change indicators,I,A,Annual,FISH_MNGT_MULT_BILAT_ARGMT,Fisheries management measures in place and multilateral and bilateral fisheries management arrangements,FJ,Fiji,1944,,1,,,,N,units,,,,,N,National,,
DATAFLOW,SPC:DF_CLIMATE_CHANGE(1.0),Climate Change indicators,I,A,Annual,FISH_MNGT_MULT_BILAT_ARGMT,Fisheries management measures in place and multilateral and bilateral fisheries management arrangements,FJ,Fiji,1945,,1,,,,N,units,,,,,N,National,,
DATAFLOW,SPC:DF_CLIMATE_CHANGE(1.0),Climate Change indicators,I,A,Annual,FISH_MNGT_MULT_BILAT_ARGMT,Fisheries management measures in place and multilateral and bilateral fisheries management arrangements,FJ,Fiji,1946,,1,,,,N,units,,,,,N,National,,
DATAFLOW,SPC:DF_CLIMATE_CHANGE(1.0),Climate Change indicators,I,A,Annual,FISH_MNGT_MULT_BILAT_ARGMT,Fisheries management measures in place and multilateral and bilateral fisheries management arrangements,FJ,Fiji,1947,,2,,,,N,units,,,,,N,National,,
DATAFLOW,SPC:DF_CLIMATE_CHANGE(1.0),Climate Change indicators,I,A,Annual,FISH_MNGT_MULT_BILAT_ARGMT,Fisheries management measures in place and multilateral and bilateral fisheries management arrangements,FJ,Fiji,1948,,2,,,,N,units,,,,,N,National,,
DATAFLOW,SPC:DF_CLIMATE_CHANGE(1.0),Climate Change indicators,I,A,Annual,FISH_MNGT_MULT_BILAT_ARGMT,Fisheries management measures in place and multilateral and bilateral fisheries management arrangements,FJ,Fiji,1949,,2,,,,N,units,,,,,N,National,,
DATAFLOW,SPC:DF_CLIMATE_CHANGE(1.0),Climate Change indicators,I,A,Annual,FISH_MNGT_MULT_BILAT_ARGMT,Fisheries management measures in place and multilateral and bilateral fisheries management arrangements,FJ,Fiji,1950,,2,,,,N,units,,,,,N,National,,
DATAFLOW,SPC:DF_CLIMATE_CHANGE(1.0),Climate Change indicators,I,A,Annual,FISH_MNGT_MULT_BILAT_ARGMT,Fisheries management measures in place and multilateral and bilateral fisheries management arrangements,FJ,Fiji,1951,,2,,,,N,units,,,,,N,National,,
DATAFLOW,SPC:DF_CLIMATE_CHANGE(1.0),Climate Change indicators,I,A,Annual,FISH_MNGT_MULT_BILAT_ARGMT,Fisheries management measures in place and multilateral and bilateral fisheries management arrangements,FJ,Fiji,1952,,2,,,,N,units,,,,,N,National,,
DATAFLOW,SPC:DF_CLIMATE_CHANGE(1.0),Climate Change indicators,I,A,Annual,FISH_MNGT_MULT_BILAT_ARGMT,Fisheries management measures in place and multilateral and bilateral fisheries management arrangements,FJ,Fiji,1953,,2,,,,N,units,,,,,N,National,,
DATAFLOW,SPC:DF_CLIMATE_CHANGE(1.0),Climate Change indicators,I,A,Annual,FISH_MNGT_MULT_BILAT_ARGMT,Fisheries management measures in place and multilateral and bilateral fisheries management arrangements,FJ,Fiji,1954,,2,,,,N,units,,,,,N,National,,
DATAFLOW,SPC:DF_CLIMATE_CHANGE(1.0),Climate Change indicators,I,A,Annual,FISH_MNGT_MULT_BILAT_ARGMT,Fisheries management measures in place and multilateral and bilateral fisheries management arrangements,FJ,Fiji,1955,,2,,,,N,units,,,,,N,National,,
DATAFLOW,SPC:DF_CLIMATE_CHANGE(1.0),Climate Change indicators,I,A,Annual,FISH_MNGT_MULT_BILAT_ARGMT,Fisheries management measures in place and multilateral and bilateral fisheries management arrangements,FJ,Fiji,1956,,2,,,,N,units,,,,,N,National,,
DATAFLOW,SPC:DF_CLIMATE_CHANGE(1.0),Climate Change indicators,I,A,Annual,FISH_MNGT_MULT_BILAT_ARGMT,Fisheries management measures in place and multilateral and bilateral fisheries management arrangements,FJ,Fiji,1957,,2,,,,N,units,,,,,N,National,,
DATAFLOW,SPC:DF_CLIMATE_CHANGE(1.0),Climate Change indicators,I,A,Annual,FISH_MNGT_MULT_BILAT_ARGMT,Fisheries management measures in place and multilateral and bilateral fisheries management arrangements,FJ,Fiji,1958,,2,,,,N,units,,,,,N,National,,
DATAFLOW,SPC:DF_CLIMATE_CHANGE(1.0),Climate Change indicators,I,A,Annual,FISH_MNGT_MULT_BILAT_ARGMT,Fisheries management measures in place and multilateral and bilateral fisheries management arrangements,FJ,Fiji,1959,,2,,,,N,units,,,,,N,National,,
DATAFLOW,SPC:DF_CLIMATE_CHANGE(1.0),Climate Change indicators,I,A,Annual,FISH_MNGT_MULT_BILAT_ARGMT,Fisheries management measures in place and multilateral and bilateral fisheries management arrangements,FJ,Fiji,1960,,2,,,,N,units,,,,,N,National,,
DATAFLOW,SPC:DF_CLIMATE_CHANGE(1.0),Climate Change indicators,I,A,Annual,FISH_MNGT_MULT_BILAT_ARGMT,Fisheries management measures in place and multilateral and bilateral fisheries management arrangements,FJ,Fiji,1961,,2,,,,N,units,,,,,N,National,,
DATAFLOW,SPC:DF_CLIMATE_CHANGE(1.0),Climate Change indicators,I,A,Annual,FISH_MNGT_MULT_BILAT_ARGMT,Fisheries management measures in place and multilateral and bilateral fisheries management arrangements,FJ,Fiji,1962,,2,,,,N,units,,,,,N,National,,
DATAFLOW,SPC:DF_CLIMATE_CHANGE(1.0),Climate Change indicators,I,A,Annual,FISH_MNGT_MULT_BILAT_ARGMT,Fisheries management measures in place and multilateral and bilateral fisheries management arrangements,FJ,Fiji,1963,,2,,,,N,units,,,,,N,National,,
DATAFLOW,SPC:DF_CLIMATE_CHANGE(1.0),Climate Change indicators,I,A,Annual,FISH_MNGT_MULT_BILAT_ARGMT,Fisheries management measures in place and multilateral and bilateral fisheries management arrangements,FJ,Fiji,1964,,2,,,,N,units,,,,,N,National,,
DATAFLOW,SPC:DF_CLIMATE_CHANGE(1.0),Climate Change indicators,I,A,Annual,FISH_MNGT_MULT_BILAT_ARGMT,Fisheries management measures in place and multilateral and bilateral fisheries management arrangements,FJ,Fiji,1965,,3,,,,N,units,,,,,N,National,,
DATAFLOW,SPC:DF_CLIMATE_CHANGE(1.0),Climate Change indicators,I,A,Annual,FISH_MNGT_MULT_BILAT_ARGMT,Fisheries management measures in place and multilateral and bilateral fisheries management arrangements,FJ,Fiji,1966,,3,,,,N,units,,,,,N,National,,
DATAFLOW,SPC:DF_CLIMATE_CHANGE(1.0),Climate Change indicators,I,A,Annual,FISH_MNGT_MULT_BILAT_ARGMT,Fisheries management measures in place and multilateral and bilateral fisheries management arrangements,FJ,Fiji,1967,,3,,,,N,units,,,,,N,National,,
DATAFLOW,SPC:DF_CLIMATE_CHANGE(1.0),Climate Change indicators,I,A,Annual,FISH_MNGT_MULT_BILAT_ARGMT,Fisheries management measures in place and multilateral and bilateral fisheries management arrangements,FJ,Fiji,1968,,3,,,,N,units,,,,,N,National,,
DATAFLOW,SPC:DF_CLIMATE_CHANGE(1.0),Climate Change indicators,I,A,Annual,FISH_MNGT_MULT_BILAT_ARGMT,Fisheries management measures in place and multilateral and bilateral fisheries management arrangements,FJ,Fiji,1969,,3,,,,N,units,,,,,N,National,,
DATAFLOW,SPC:DF_CLIMATE_CHANGE(1.0),Climate Change indicators,I,A,Annual,FISH_MNGT_MULT_BILAT_ARGMT,Fisheries management measures in place and multilateral and bilateral fisheries management arrangements,FJ,Fiji,1970,,4,,,,N,units,,,,,N,National,,
DATAFLOW,SPC:DF_CLIMATE_CHANGE(1.0),Climate Change indicators,I,A,Annual,FISH_MNGT_MULT_BILAT_ARGMT,Fisheries management measures in place and multilateral and bilateral fisheries management arrangements,FJ,Fiji,1971,,4,,,,N,units,,,,,N,National,,
DATAFLOW,SPC:DF_CLIMATE_CHANGE(1.0),Climate Change indicators,I,A,Annual,FISH_MNGT_MULT_BILAT_ARGMT,Fisheries management measures in place and multilateral and bilateral fisheries management arrangements,FJ,Fiji,1972,,4,,,,N,units,,,,,N,National,,
DATAFLOW,SPC:DF_CLIMATE_CHANGE(1.0),Climate Change indicators,I,A,Annual,FISH_MNGT_MULT_BILAT_ARGMT,Fisheries management measures in place and multilateral and bilateral fisheries management arrangements,FJ,Fiji,1973,,4,,,,N,units,,,,,N,National,,
DATAFLOW,SPC:DF_CLIMATE_CHANGE(1.0),Climate Change indicators,I,A,Annual,FISH_MNGT_MULT_BILAT_ARGMT,Fisheries management measures in place and multilateral and bilateral fisheries management arrangements,FJ,Fiji,1974,,4,,,,N,units,,,,,N,National,,
DATAFLOW,SPC:DF_CLIMATE_CHANGE(1.0),Climate Change indicators,I,A,Annual,FISH_MNGT_MULT_BILAT_ARGMT,Fisheries management measures in place and multilateral and bilateral fisheries management arrangements,FJ,Fiji,1975,,5,,,,N,units,,,,,N,National,,
DATAFLOW,SPC:DF_CLIMATE_CHANGE(1.0),Climate Change indicators,I,A,Annual,FISH_MNGT_MULT_BILAT_ARGMT,Fisheries management measures in place and multilateral and bilateral fisheries management arrangements,FJ,Fiji,1976,,6,,,,N,units,,,,,N,National,,
DATAFLOW,SPC:DF_CLIMATE_CHANGE(1.0),Climate Change indicators,I,A,Annual,FISH_MNGT_MULT_BILAT_ARGMT,Fisheries management measures in place and multilateral and bilateral fisheries management arrangements,FJ,Fiji,1977,,7,,,,N,units,,,,,N,National,,
DATAFLOW,SPC:DF_CLIMATE_CHANGE(1.0),Climate Change indicators,I,A,Annual,FISH_MNGT_MULT_BILAT_ARGMT,Fisheries management measures in place and multilateral and bilateral fisheries management arrangements,FJ,Fiji,1978,,7,,,,N,units,,,,,N,National,,
DATAFLOW,SPC:DF_CLIMATE_CHANGE(1.0),Climate Change indicators,I,A,Annual,FISH_MNGT_MULT_BILAT_ARGMT,Fisheries management measures in place and multilateral and bilateral fisheries management arrangements,FJ,Fiji,1979,,10,,,,N,units,,,,,N,National,,
DATAFLOW,SPC:DF_CLIMATE_CHANGE(1.0),Climate Change indicators,I,A,Annual,FISH_MNGT_MULT_BILAT_ARGMT,Fisheries management measures in place and multilateral and bilateral fisheries management arrangements,FJ,Fiji,1980,,10,,,,N,units,,,,,N,National,,
DATAFLOW,SPC:DF_CLIMATE_CHANGE(1.0),Climate Change indicators,I,A,Annual,FISH_MNGT_MULT_BILAT_ARGMT,Fisheries management measures in place and multilateral and bilateral fisheries management arrangements,FJ,Fiji,1981,,10,,,,N,units,,,,,N,National,,
DATAFLOW,SPC:DF_CLIMATE_CHANGE(1.0),Climate Change indicators,I,A,Annual,FISH_MNGT_MULT_BILAT_ARGMT,Fisheries management measures in place and multilateral and bilateral fisheries management arrangements,FJ,Fiji,1982,,10,,,,N,units,,,,,N,National,,
DATAFLOW,SPC:DF_CLIMATE_CHANGE(1.0),Climate Change indicators,I,A,Annual,FISH_MNGT_MULT_BILAT_ARGMT,Fisheries management measures in place and multilateral and bilateral fisheries management arrangements,FJ,Fiji,1983,,10,,,,N,units,,,,,N,National,,
DATAFLOW,SPC:DF_CLIMATE_CHANGE(1.0),Climate Change indicators,I,A,Annual,FISH_MNGT_MULT_BILAT_ARGMT,Fisheries management measures in place and multilateral and bilateral fisheries management arrangements,FJ,Fiji,1984,,10,,,,N,units,,,,,N,National,,
DATAFLOW,SPC:DF_CLIMATE_CHANGE(1.0),Climate Change indicators,I,A,Annual,FISH_MNGT_MULT_BILAT_ARGMT,Fisheries management measures in place and multilateral and bilateral fisheries management arrangements,FJ,Fiji,1985,,10,,,,N,units,,,,,N,National,,
DATAFLOW,SPC:DF_CLIMATE_CHANGE(1.0),Climate Change indicators,I,A,Annual,FISH_MNGT_MULT_BILAT_ARGMT,Fisheries management measures in place and multilateral and bilateral fisheries management arrangements,FJ,Fiji,1986,,12,,,,N,units,,,,,N,National,,
DATAFLOW,SPC:DF_CLIMATE_CHANGE(1.0),Climate Change indicators,I,A,Annual,FISH_MNGT_MULT_BILAT_ARGMT,Fisheries management measures in place and multilateral and bilateral fisheries management arrangements,FJ,Fiji,1987,,13,,,,N,units,,,,,N,National,,
DATAFLOW,SPC:DF_CLIMATE_CHANGE(1.0),Climate Change indicators,I,A,Annual,FISH_MNGT_MULT_BILAT_ARGMT,Fisheries management measures in place and multilateral and bilateral fisheries management arrangements,FJ,Fiji,1988,,13,,,,N,units,,,,,N,National,,
DATAFLOW,SPC:DF_CLIMATE_CHANGE(1.0),Climate Change indicators,I,A,Annual,FISH_MNGT_MULT_BILAT_ARGMT,Fisheries management measures in place and multilateral and bilateral fisheries management arrangements,FJ,Fiji,1989,,14,,,,N,units,,,,,N,National,,
DATAFLOW,SPC:DF_CLIMATE_CHANGE(1.0),Climate Change indicators,I,A,Annual,FISH_MNGT_MULT_BILAT_ARGMT,Fisheries management measures in place and multilateral and bilateral fisheries management arrangements,FJ,Fiji,1990,,16,,,,N,units,,,,,N,National,,
DATAFLOW,SPC:DF_CLIMATE_CHANGE(1.0),Climate Change indicators,I,A,Annual,FISH_MNGT_MULT_BILAT_ARGMT,Fisheries management measures in place and multilateral and bilateral fisheries management arrangements,FJ,Fiji,1991,,16,,,,N,units,,,,,N,National,,
DATAFLOW,SPC:DF_CLIMATE_CHANGE(1.0),Climate Change indicators,I,A,Annual,FISH_MNGT_MULT_BILAT_ARGMT,Fisheries management measures in place and multilateral and bilateral fisheries management arrangements,FJ,Fiji,1992,,17,,,,N,units,,,,,N,National,,
DATAFLOW,SPC:DF_CLIMATE_CHANGE(1.0),Climate Change indicators,I,A,Annual,FISH_MNGT_MULT_BILAT_ARGMT,Fisheries management measures in place and multilateral and bilateral fisheries management arrangements,FJ,Fiji,1993,,17,,,,N,units,,,,,N,National,,
DATAFLOW,SPC:DF_CLIMATE_CHANGE(1.0),Climate Change indicators,I,A,Annual,FISH_MNGT_MULT_BILAT_ARGMT,Fisheries management measures in place and multilateral and bilateral fisheries management arrangements,FJ,Fiji,1994,,17,,,,N,units,,,,,N,National,,
DATAFLOW,SPC:DF_CLIMATE_CHANGE(1.0),Climate Change indicators,I,A,Annual,FISH_MNGT_MULT_BILAT_ARGMT,Fisheries management measures in place and multilateral and bilateral fisheries management arrangements,FJ,Fiji,1995,,17,,,,N,units,,,,,N,National,,
DATAFLOW,SPC:DF_CLIMATE_CHANGE(1.0),Climate Change indicators,I,A,Annual,FISH_MNGT_MULT_BILAT_ARGMT,Fisheries management measures in place and multilateral and bilateral fisheries management arrangements,FJ,Fiji,1996,,17,,,,N,units,,,,,N,National,,
DATAFLOW,SPC:DF_CLIMATE_CHANGE(1.0),Climate Change indicators,I,A,Annual,FISH_MNGT_MULT_BILAT_ARGMT,Fisheries management measures in place and multilateral and bilateral fisheries management arrangements,FJ,Fiji,1997,,18,,,,N,units,,,,,N,National,,
DATAFLOW,SPC:DF_CLIMATE_CHANGE(1.0),Climate Change indicators,I,A,Annual,FISH_MNGT_MULT_BILAT_ARGMT,Fisheries management measures in place and multilateral and bilateral fisheries management arrangements,FJ,Fiji,1998,,18,,,,N,units,,,,,N,National,,
DATAFLOW,SPC:DF_CLIMATE_CHANGE(1.0),Climate Change indicators,I,A,Annual,FISH_MNGT_MULT_BILAT_ARGMT,Fisheries management measures in place and multilateral and bilateral fisheries management arrangements,FJ,Fiji,1999,,19,,,,N,units,,,,,N,National,,
DATAFLOW,SPC:DF_CLIMATE_CHANGE(1.0),Climate Change indicators,I,A,Annual,FISH_MNGT_MULT_BILAT_ARGMT,Fisheries management measures in place and multilateral and bilateral fisheries management arrangements,FJ,Fiji,2000,,20,,,,N,units,,,,,N,National,,
DATAFLOW,SPC:DF_CLIMATE_CHANGE(1.0),Climate Change indicators,I,A,Annual,FISH_MNGT_MULT_BILAT_ARGMT,Fisheries management measures in place and multilateral and bilateral fisheries management arrangements,FJ,Fiji,2001,,20,,,,N,units,,,,,N,National,,
DATAFLOW,SPC:DF_CLIMATE_CHANGE(1.0),Climate Change indicators,I,A,Annual,FISH_MNGT_MULT_BILAT_ARGMT,Fisheries management measures in place and multilateral and bilateral fisheries management arrangements,FJ,Fiji,2002,,21,,,,N,units,,,,,N,National,,
DATAFLOW,SPC:DF_CLIMATE_CHANGE(1.0),Climate Change indicators,I,A,Annual,FISH_MNGT_MULT_BILAT_ARGMT,Fisheries management measures in place and multilateral and bilateral fisheries management arrangements,FJ,Fiji,2003,,22,,,,N,units,,,,,N,National,,
DATAFLOW,SPC:DF_CLIMATE_CHANGE(1.0),Climate Change indicators,I,A,Annual,FISH_MNGT_MULT_BILAT_ARGMT,Fisheries management measures in place and multilateral and bilateral fisheries management arrangements,FJ,Fiji,2004,,23,,,,N,units,,,,,N,National,,
DATAFLOW,SPC:DF_CLIMATE_CHANGE(1.0),Climate Change indicators,I,A,Annual,FISH_MNGT_MULT_BILAT_ARGMT,Fisheries management measures in place and multilateral and bilateral fisheries management arrangements,FJ,Fiji,2005,,25,,,,N,units,,,,,N,National,,
DATAFLOW,SPC:DF_CLIMATE_CHANGE(1.0),Climate Change indicators,I,A,Annual,FISH_MNGT_MULT_BILAT_ARGMT,Fisheries management measures in place and multilateral and bilateral fisheries management arrangements,FJ,Fiji,2006,,26,,,,N,units,,,,,N,National,,
DATAFLOW,SPC:DF_CLIMATE_CHANGE(1.0),Climate Change indicators,I,A,Annual,FISH_MNGT_MULT_BILAT_ARGMT,Fisheries management measures in place and multilateral and bilateral fisheries management arrangements,FJ,Fiji,2007,,27,,,,N,units,,,,,N,National,,
DATAFLOW,SPC:DF_CLIMATE_CHANGE(1.0),Climate Change indicators,I,A,Annual,FISH_MNGT_MULT_BILAT_ARGMT,Fisheries management measures in place and multilateral and bilateral fisheries management arrangements,FJ,Fiji,2008,,27,,,,N,units,,,,,N,National,,
DATAFLOW,SPC:DF_CLIMATE_CHANGE(1.0),Climate Change indicators,I,A,Annual,FISH_MNGT_MULT_BILAT_ARGMT,Fisheries management measures in place and multilateral and bilateral fisheries management arrangements,FJ,Fiji,2009,,27,,,,N,units,,,,,N,National,,
DATAFLOW,SPC:DF_CLIMATE_CHANGE(1.0),Climate Change indicators,I,A,Annual,FISH_MNGT_MULT_BILAT_ARGMT,Fisheries management measures in place and multilateral and bilateral fisheries management arrangements,FJ,Fiji,2010,,31,,,,N,units,,,,,N,National,,
DATAFLOW,SPC:DF_CLIMATE_CHANGE(1.0),Climate Change indicators,I,A,Annual,FISH_MNGT_MULT_BILAT_ARGMT,Fisheries management measures in place and multilateral and bilateral fisheries management arrangements,FJ,Fiji,2011,,32,,,,N,units,,,,,N,National,,
DATAFLOW,SPC:DF_CLIMATE_CHANGE(1.0),Climate Change indicators,I,A,Annual,FISH_MNGT_MULT_BILAT_ARGMT,Fisheries management measures in place and multilateral and bilateral fisheries management arrangements,FJ,Fiji,2012,,33,,,,N,units,,,,,N,National,,
DATAFLOW,SPC:DF_CLIMATE_CHANGE(1.0),Climate Change indicators,I,A,Annual,FISH_MNGT_MULT_BILAT_ARGMT,Fisheries management measures in place and multilateral and bilateral fisheries management arrangements,FJ,Fiji,2013,,37,,,,N,units,,,,,N,National,,
DATAFLOW,SPC:DF_CLIMATE_CHANGE(1.0),Climate Change indicators,I,A,Annual,FISH_MNGT_MULT_BILAT_ARGMT,Fisheries management measures in place and multilateral and bilateral fisheries management arrangements,FJ,Fiji,2014,,50,,,,N,units,,,,,N,National,,
DATAFLOW,SPC:DF_CLIMATE_CHANGE(1.0),Climate Change indicators,I,A,Annual,FISH_MNGT_MULT_BILAT_ARGMT,Fisheries management measures in place and multilateral and bilateral fisheries management arrangements,FJ,Fiji,2015,,51,,,,N,units,,,,,N,National,,
DATAFLOW,SPC:DF_CLIMATE_CHANGE(1.0),Climate Change indicators,I,A,Annual,FISH_MNGT_MULT_BILAT_ARGMT,Fisheries management measures in place and multilateral and bilateral fisheries management arrangements,FJ,Fiji,2016,,51,,,,N,units,,,,,N,National,,
DATAFLOW,SPC:DF_CLIMATE_CHANGE(1.0),Climate Change indicators,I,A,Annual,FISH_MNGT_MULT_BILAT_ARGMT,Fisheries management measures in place and multilateral and bilateral fisheries management arrangements,FJ,Fiji,2017,,52,,,,N,units,,,,,N,National,,
DATAFLOW,SPC:DF_CLIMATE_CHANGE(1.0),Climate Change indicators,I,A,Annual,FISH_MNGT_MULT_BILAT_ARGMT,Fisheries management measures in place and multilateral and bilateral fisheries management arrangements,FJ,Fiji,2018,,55,,,,N,units,,,,,N,National,,
DATAFLOW,SPC:DF_CLIMATE_CHANGE(1.0),Climate Change indicators,I,A,Annual,FISH_MNGT_MULT_BILAT_ARGMT,Fisheries management measures in place and multilateral and bilateral fisheries management arrangements,FJ,Fiji,2019,,57,,,,N,units,,,,,N,National,,
DATAFLOW,SPC:DF_CLIMATE_CHANGE(1.0),Climate Change indicators,I,A,Annual,FISH_MNGT_MULT_BILAT_ARGMT,Fisheries management measures in place and multilateral and bilateral fisheries management arrangements,FJ,Fiji,2020,,60,,,,N,units,,,,,N,National,,
DATAFLOW,SPC:DF_CLIMATE_CHANGE(1.0),Climate Change indicators,I,A,Annual,FISH_MNGT_MULT_BILAT_ARGMT,Fisheries management measures in place and multilateral and bilateral fisheries management arrangements,FJ,Fiji,2021,,60,,,,N,units,,,,,N,National,,
DATAFLOW,SPC:DF_CLIMATE_CHANGE(1.0),Climate Change indicators,I,A,Annual,FISH_MNGT_MULT_BILAT_ARGMT,Fisheries management measures in place and multilateral and bilateral fisheries management arrangements,FJ,Fiji,2022,,64,,,,N,units,,,,,N,National,,
DATAFLOW,SPC:DF_CLIMATE_CHANGE(1.0),Climate Change indicators,I,A,Annual,FISH_MNGT_MULT_BILAT_ARGMT,Fisheries management measures in place and multilateral and bilateral fisheries management arrangements,FJ,Fiji,2023,,65,,,,N,units,,,,,N,National,,
DATAFLOW,SPC:DF_CLIMATE_CHANGE(1.0),Climate Change indicators,I,A,Annual,FISH_MNGT_MULT_BILAT_ARGMT,Fisheries management measures in place and multilateral and bilateral fisheries management arrangements,FJ,Fiji,2024,,68,,,,N,units,,,,,N,National,,
DATAFLOW,SPC:DF_CLIMATE_CHANGE(1.0),Climate Change indicators,I,A,Annual,FISH_MNGT_MULT_BILAT_ARGMT,Fisheries management measures in place and multilateral and bilateral fisheries management arrangements,FJ,Fiji,2025,,68,,,,N,units,,,,,N,National,,
DATAFLOW,SPC:DF_CLIMATE_CHANGE(1.0),Climate Change indicators,I,A,Annual,FISH_MNGT_MULT_BILAT_ARGMT,Fisheries management measures in place and multilateral and bilateral fisheries management arrangements,FJ,Fiji,2026,,68,,,,N,units,,,,,N,National,,
DATAFLOW,SPC:DF_CLIMATE_CHANGE(1.0),Climate Change indicators,I,A,Annual,FISH_MNGT_MULT_BILAT_ARGMT,Fisheries management measures in place and multilateral and bilateral fisheries management arrangements,WF,Wallis and Futuna,1978,,1,,,,N,units,,,,,N,National,,
DATAFLOW,SPC:DF_CLIMATE_CHANGE(1.0),Climate Change indicators,I,A,Annual,FISH_MNGT_MULT_BILAT_ARGMT,Fisheries management measures in place and multilateral and bilateral fisheries management arrangements,WF,Wallis and Futuna,1979,,1,,,,N,units,,,,,N,National,,
DATAFLOW,SPC:DF_CLIMATE_CHANGE(1.0),Climate Change indicators,I,A,Annual,FISH_MNGT_MULT_BILAT_ARGMT,Fisheries management measures in place and multilateral and bilateral fisheries management arrangements,WF,Wallis and Futuna,1980,,1,,,,N,units,,,,,N,National,,
DATAFLOW,SPC:DF_CLIMATE_CHANGE(1.0),Climate Change indicators,I,A,Annual,FISH_MNGT_MULT_BILAT_ARGMT,Fisheries management measures in place and multilateral and bilateral fisheries management arrangements,WF,Wallis and Futuna,1981,,1,,,,N,units,,,,,N,National,,
DATAFLOW,SPC:DF_CLIMATE_CHANGE(1.0),Climate Change indicators,I,A,Annual,FISH_MNGT_MULT_BILAT_ARGMT,Fisheries management measures in place and multilateral and bilateral fisheries management arrangements,WF,Wallis and Futuna,1982,,1,,,,N,units,,,,,N,National,,
DATAFLOW,SPC:DF_CLIMATE_CHANGE(1.0),Climate Change indicators,I,A,Annual,FISH_MNGT_MULT_BILAT_ARGMT,Fisheries management measures in place and multilateral and bilateral fisheries management arrangements,WF,Wallis and Futuna,1983,,1,,,,N,units,,,,,N,National,,
DATAFLOW,SPC:DF_CLIMATE_CHANGE(1.0),Climate Change indicators,I,A,Annual,FISH_MNGT_MULT_BILAT_ARGMT,Fisheries management measures in place and multilateral and bilateral fisheries management arrangements,WF,Wallis and Futuna,1984,,1,,,,N,units,,,,,N,National,,
DATAFLOW,SPC:DF_CLIMATE_CHANGE(1.0),Climate Change indicators,I,A,Annual,FISH_MNGT_MULT_BILAT_ARGMT,Fisheries management measures in place and multilateral and bilateral fisheries management arrangements,WF,Wallis and Futuna,1985,,1,,,,N,units,,,,,N,National,,
DATAFLOW,SPC:DF_CLIMATE_CHANGE(1.0),Climate Change indicators,I,A,Annual,FISH_MNGT_MULT_BILAT_ARGMT,Fisheries management measures in place and multilateral and bilateral fisheries management arrangements,WF,Wallis and Futuna,1986,,1,,,,N,units,,,,,N,National,,
DATAFLOW,SPC:DF_CLIMATE_CHANGE(1.0),Climate Change indicators,I,A,Annual,FISH_MNGT_MULT_BILAT_ARGMT,Fisheries management measures in place and multilateral and bilateral fisheries management arrangements,WF,Wallis and Futuna,1987,,1,,,,N,units,,,,,N,National,,
DATAFLOW,SPC:DF_CLIMATE_CHANGE(1.0),Climate Change indicators,I,A,Annual,FISH_MNGT_MULT_BILAT_ARGMT,Fisheries management measures in place and multilateral and bilateral fisheries management arrangements,WF,Wallis and Futuna,1988,,1,,,,N,units,,,,,N,National,,
DATAFLOW,SPC:DF_CLIMATE_CHANGE(1.0),Climate Change indicators,I,A,Annual,FISH_MNGT_MULT_BILAT_ARGMT,Fisheries management measures in place and multilateral and bilateral fisheries management arrangements,WF,Wallis and Futuna,1989,,2,,,,N,units,,,,,N,National,,
DATAFLOW,SPC:DF_CLIMATE_CHANGE(1.0),Climate Change indicators,I,A,Annual,FISH_MNGT_MULT_BILAT_ARGMT,Fisheries management measures in place and multilateral and bilateral fisheries management arrangements,WF,Wallis and Futuna,1990,,4,,,,N,units,,,,,N,National,,
DATAFLOW,SPC:DF_CLIMATE_CHANGE(1.0),Climate Change indicators,I,A,Annual,FISH_MNGT_MULT_BILAT_ARGMT,Fisheries management measures in place and multilateral and bilateral fisheries management arrangements,WF,Wallis and Futuna,1991,,5,,,,N,units,,,,,N,National,,
DATAFLOW,SPC:DF_CLIMATE_CHANGE(1.0),Climate Change indicators,I,A,Annual,FISH_MNGT_MULT_BILAT_ARGMT,Fisheries management measures in place and multilateral and bilateral fisheries management arrangements,WF,Wallis and Futuna,1992,,5,,,,N,units,,,,,N,National,,
DATAFLOW,SPC:DF_CLIMATE_CHANGE(1.0),Climate Change indicators,I,A,Annual,FISH_MNGT_MULT_BILAT_ARGMT,Fisheries management measures in place and multilateral and bilateral fisheries management arrangements,WF,Wallis and Futuna,1993,,5,,,,N,units,,,,,N,National,,
DATAFLOW,SPC:DF_CLIMATE_CHANGE(1.0),Climate Change indicators,I,A,Annual,FISH_MNGT_MULT_BILAT_ARGMT,Fisheries management measures in place and multilateral and bilateral fisheries management arrangements,WF,Wallis and Futuna,1994,,5,,,,N,units,,,,,N,National,,
DATAFLOW,SPC:DF_CLIMATE_CHANGE(1.0),Climate Change indicators,I,A,Annual,FISH_MNGT_MULT_BILAT_ARGMT,Fisheries management measures in place and multilateral and bilateral fisheries management arrangements,WF,Wallis and Futuna,1995,,5,,,,N,units,,,,,N,National,,
DATAFLOW,SPC:DF_CLIMATE_CHANGE(1.0),Climate Change indicators,I,A,Annual,FISH_MNGT_MULT_BILAT_ARGMT,Fisheries management measures in place and multilateral and bilateral fisheries management arrangements,WF,Wallis and Futuna,1996,,6,,,,N,units,,,,,N,National,,
DATAFLOW,SPC:DF_CLIMATE_CHANGE(1.0),Climate Change indicators,I,A,Annual,FISH_MNGT_MULT_BILAT_ARGMT,Fisheries management measures in place and multilateral and bilateral fisheries management arrangements,WF,Wallis and Futuna,1997,,6,,,,N,units,,,,,N,National,,
DATAFLOW,SPC:DF_CLIMATE_CHANGE(1.0),Climate Change indicators,I,A,Annual,FISH_MNGT_MULT_BILAT_ARGMT,Fisheries management measures in place and multilateral and bilateral fisheries management arrangements,WF,Wallis and Futuna,1998,,6,,,,N,units,,,,,N,National,,
DATAFLOW,SPC:DF_CLIMATE_CHANGE(1.0),Climate Change indicators,I,A,Annual,FISH_MNGT_MULT_BILAT_ARGMT,Fisheries management measures in place and multilateral and bilateral fisheries management arrangements,WF,Wallis and Futuna,1999,,6,,,,N,units,,,,,N,National,,
DATAFLOW,SPC:DF_CLIMATE_CHANGE(1.0),Climate Change indicators,I,A,Annual,FISH_MNGT_MULT_BILAT_ARGMT,Fisheries management measures in place and multilateral and bilateral fisheries management arrangements,WF,Wallis and Futuna,2000,,6,,,,N,units,,,,,N,National,,
DATAFLOW,SPC:DF_CLIMATE_CHANGE(1.0),Climate Change indicators,I,A,Annual,FISH_MNGT_MULT_BILAT_ARGMT,Fisheries management measures in place and multilateral and bilateral fisheries management arrangements,WF,Wallis and Futuna,2001,,6,,,,N,units,,,,,N,National,,
DATAFLOW,SPC:DF_CLIMATE_CHANGE(1.0),Climate Change indicators,I,A,Annual,FISH_MNGT_MULT_BILAT_ARGMT,Fisheries management measures in place and multilateral and bilateral fisheries management arrangements,WF,Wallis and Futuna,2002,,6,,,,N,units,,,,,N,National,,
DATAFLOW,SPC:DF_CLIMATE_CHANGE(1.0),Climate Change indicators,I,A,Annual,FISH_MNGT_MULT_BILAT_ARGMT,Fisheries management measures in place and multilateral and bilateral fisheries management arrangements,WF,Wallis and Futuna,2003,,6,,,,N,units,,,,,N,National,,
DATAFLOW,SPC:DF_CLIMATE_CHANGE(1.0),Climate Change indicators,I,A,Annual,FISH_MNGT_MULT_BILAT_ARGMT,Fisheries management measures in place and multilateral and bilateral fisheries management arrangements,WF,Wallis and Futuna,2004,,6,,,,N,units,,,,,N,National,,
DATAFLOW,SPC:DF_CLIMATE_CHANGE(1.0),Climate Change indicators,I,A,Annual,FISH_MNGT_MULT_BILAT_ARGMT,Fisheries management measures in place and multilateral and bilateral fisheries management arrangements,WF,Wallis and Futuna,2005,,7,,,,N,units,,,,,N,National,,
DATAFLOW,SPC:DF_CLIMATE_CHANGE(1.0),Climate Change indicators,I,A,Annual,FISH_MNGT_MULT_BILAT_ARGMT,Fisheries management measures in place and multilateral and bilateral fisheries management arrangements,WF,Wallis and Futuna,2006,,7,,,,N,units,,,,,N,National,,
DATAFLOW,SPC:DF_CLIMATE_CHANGE(1.0),Climate Change indicators,I,A,Annual,FISH_MNGT_MULT_BILAT_ARGMT,Fisheries management measures in place and multilateral and bilateral fisheries management arrangements,WF,Wallis and Futuna,2007,,7,,,,N,units,,,,,N,National,,
DATAFLOW,SPC:DF_CLIMATE_CHANGE(1.0),Climate Change indicators,I,A,Annual,FISH_MNGT_MULT_BILAT_ARGMT,Fisheries management measures in place and multilateral and bilateral fisheries management arrangements,WF,Wallis and Futuna,2008,,7,,,,N,units,,,,,N,National,,
DATAFLOW,SPC:DF_CLIMATE_CHANGE(1.0),Climate Change indicators,I,A,Annual,FISH_MNGT_MULT_BILAT_ARGMT,Fisheries management measures in place and multilateral and bilateral fisheries management arrangements,WF,Wallis and Futuna,2009,,7,,,,N,units,,,,,N,National,,
DATAFLOW,SPC:DF_CLIMATE_CHANGE(1.0),Climate Change indicators,I,A,Annual,FISH_MNGT_MULT_BILAT_ARGMT,Fisheries management measures in place and multilateral and bilateral fisheries management arrangements,WF,Wallis and Futuna,2010,,7,,,,N,units,,,,,N,National,,
DATAFLOW,SPC:DF_CLIMATE_CHANGE(1.0),Climate Change indicators,I,A,Annual,FISH_MNGT_MULT_BILAT_ARGMT,Fisheries management measures in place and multilateral and bilateral fisheries management arrangements,WF,Wallis and Futuna,2011,,7,,,,N,units,,,,,N,National,,
DATAFLOW,SPC:DF_CLIMATE_CHANGE(1.0),Climate Change indicators,I,A,Annual,FISH_MNGT_MULT_BILAT_ARGMT,Fisheries management measures in place and multilateral and bilateral fisheries management arrangements,WF,Wallis and Futuna,2012,,7,,,,N,units,,,,,N,National,,
DATAFLOW,SPC:DF_CLIMATE_CHANGE(1.0),Climate Change indicators,I,A,Annual,FISH_MNGT_MULT_BILAT_ARGMT,Fisheries management measures in place and multilateral and bilateral fisheries management arrangements,WF,Wallis and Futuna,2013,,7,,,,N,units,,,,,N,National,,
DATAFLOW,SPC:DF_CLIMATE_CHANGE(1.0),Climate Change indicators,I,A,Annual,FISH_MNGT_MULT_BILAT_ARGMT,Fisheries management measures in place and multilateral and bilateral fisheries management arrangements,WF,Wallis and Futuna,2014,,7,,,,N,units,,,,,N,National,,
DATAFLOW,SPC:DF_CLIMATE_CHANGE(1.0),Climate Change indicators,I,A,Annual,FISH_MNGT_MULT_BILAT_ARGMT,Fisheries management measures in place and multilateral and bilateral fisheries management arrangements,WF,Wallis and Futuna,2015,,7,,,,N,units,,,,,N,National,,
DATAFLOW,SPC:DF_CLIMATE_CHANGE(1.0),Climate Change indicators,I,A,Annual,FISH_MNGT_MULT_BILAT_ARGMT,Fisheries management measures in place and multilateral and bilateral fisheries management arrangements,WF,Wallis and Futuna,2016,,7,,,,N,units,,,,,N,National,,
DATAFLOW,SPC:DF_CLIMATE_CHANGE(1.0),Climate Change indicators,I,A,Annual,FISH_MNGT_MULT_BILAT_ARGMT,Fisheries management measures in place and multilateral and bilateral fisheries management arrangements,WF,Wallis and Futuna,2017,,7,,,,N,units,,,,,N,National,,
DATAFLOW,SPC:DF_CLIMATE_CHANGE(1.0),Climate Change indicators,I,A,Annual,FISH_MNGT_MULT_BILAT_ARGMT,Fisheries management measures in place and multilateral and bilateral fisheries management arrangements,WF,Wallis and Futuna,2018,,7,,,,N,units,,,,,N,National,,
DATAFLOW,SPC:DF_CLIMATE_CHANGE(1.0),Climate Change indicators,I,A,Annual,FISH_MNGT_MULT_BILAT_ARGMT,Fisheries management measures in place and multilateral and bilateral fisheries management arrangements,WF,Wallis and Futuna,2019,,7,,,,N,units,,,,,N,National,,
DATAFLOW,SPC:DF_CLIMATE_CHANGE(1.0),Climate Change indicators,I,A,Annual,FISH_MNGT_MULT_BILAT_ARGMT,Fisheries management measures in place and multilateral and bilateral fisheries management arrangements,WF,Wallis and Futuna,2020,,7,,,,N,units,,,,,N,National,,
DATAFLOW,SPC:DF_CLIMATE_CHANGE(1.0),Climate Change indicators,I,A,Annual,FISH_MNGT_MULT_BILAT_ARGMT,Fisheries management measures in place and multilateral and bilateral fisheries management arrangements,WF,Wallis and Futuna,2021,,7,,,,N,units,,,,,N,National,,
DATAFLOW,SPC:DF_CLIMATE_CHANGE(1.0),Climate Change indicators,I,A,Annual,FISH_MNGT_MULT_BILAT_ARGMT,Fisheries management measures in place and multilateral and bilateral fisheries management arrangements,WF,Wallis and Futuna,2022,,7,,,,N,units,,,,,N,National,,
DATAFLOW,SPC:DF_CLIMATE_CHANGE(1.0),Climate Change indicators,I,A,Annual,FISH_MNGT_MULT_BILAT_ARGMT,Fisheries management measures in place and multilateral and bilateral fisheries management arrangements,WF,Wallis and Futuna,2023,,7,,,,N,units,,,,,N,National,,
DATAFLOW,SPC:DF_CLIMATE_CHANGE(1.0),Climate Change indicators,I,A,Annual,FISH_MNGT_MULT_BILAT_ARGMT,Fisheries management measures in place and multilateral and bilateral fisheries management arrangements,WF,Wallis and Futuna,2024,,7,,,,N,units,,,,,N,National,,
DATAFLOW,SPC:DF_CLIMATE_CHANGE(1.0),Climate Change indicators,I,A,Annual,FISH_MNGT_MULT_BILAT_ARGMT,Fisheries management measures in place and multilateral and bilateral fisheries management arrangements,WF,Wallis and Futuna,2025,,7,,,,N,units,,,,,N,National,,
DATAFLOW,SPC:DF_CLIMATE_CHANGE(1.0),Climate Change indicators,I,A,Annual,FISH_MNGT_MULT_BILAT_ARGMT,Fisheries management measures in place and multilateral and bilateral fisheries management arrangements,WF,Wallis and Futuna,2026,,7,,,,N,units,,,,,N,National,,
DATAFLOW,SPC:DF_CLIMATE_CHANGE(1.0),Climate Change indicators,I,A,Annual,FISH_MNGT_MULT_BILAT_ARGMT,Fisheries management measures in place and multilateral and bilateral fisheries management arrangements,NC,New Caledonia,1955,,1,,,,N,units,,,,,N,National,,
DATAFLOW,SPC:DF_CLIMATE_CHANGE(1.0),Climate Change indicators,I,A,Annual,FISH_MNGT_MULT_BILAT_ARGMT,Fisheries management measures in place and multilateral and bilateral fisheries management arrangements,NC,New Caledonia,1956,,1,,,,N,units,,,,,N,National,,
DATAFLOW,SPC:DF_CLIMATE_CHANGE(1.0),Climate Change indicators,I,A,Annual,FISH_MNGT_MULT_BILAT_ARGMT,Fisheries management measures in place and multilateral and bilateral fisheries management arrangements,NC,New Caledonia,1957,,2,,,,N,units,,,,,N,National,,
DATAFLOW,SPC:DF_CLIMATE_CHANGE(1.0),Climate Change indicators,I,A,Annual,FISH_MNGT_MULT_BILAT_ARGMT,Fisheries management measures in place and multilateral and bilateral fisheries management arrangements,NC,New Caledonia,1958,,2,,,,N,units,,,,,N,National,,
DATAFLOW,SPC:DF_CLIMATE_CHANGE(1.0),Climate Change indicators,I,A,Annual,FISH_MNGT_MULT_BILAT_ARGMT,Fisheries management measures in place and multilateral and bilateral fisheries management arrangements,NC,New Caledonia,1959,,2,,,,N,units,,,,,N,National,,
DATAFLOW,SPC:DF_CLIMATE_CHANGE(1.0),Climate Change indicators,I,A,Annual,FISH_MNGT_MULT_BILAT_ARGMT,Fisheries management measures in place and multilateral and bilateral fisheries management arrangements,NC,New Caledonia,1960,,2,,,,N,units,,,,,N,National,,
DATAFLOW,SPC:DF_CLIMATE_CHANGE(1.0),Climate Change indicators,I,A,Annual,FISH_MNGT_MULT_BILAT_ARGMT,Fisheries management measures in place and multilateral and bilateral fisheries management arrangements,NC,New Caledonia,1961,,2,,,,N,units,,,,,N,National,,
DATAFLOW,SPC:DF_CLIMATE_CHANGE(1.0),Climate Change indicators,I,A,Annual,FISH_MNGT_MULT_BILAT_ARGMT,Fisheries management measures in place and multilateral and bilateral fisheries management arrangements,NC,New Caledonia,1962,,3,,,,N,units,,,,,N,National,,
DATAFLOW,SPC:DF_CLIMATE_CHANGE(1.0),Climate Change indicators,I,A,Annual,FISH_MNGT_MULT_BILAT_ARGMT,Fisheries management measures in place and multilateral and bilateral fisheries management arrangements,NC,New Caledonia,1963,,3,,,,N,units,,,,,N,National,,
DATAFLOW,SPC:DF_CLIMATE_CHANGE(1.0),Climate Change indicators,I,A,Annual,FISH_MNGT_MULT_BILAT_ARGMT,Fisheries management measures in place and multilateral and bilateral fisheries management arrangements,NC,New Caledonia,1964,,3,,,,N,units,,,,,N,National,,
DATAFLOW,SPC:DF_CLIMATE_CHANGE(1.0),Climate Change indicators,I,A,Annual,FISH_MNGT_MULT_BILAT_ARGMT,Fisheries management measures in place and multilateral and bilateral fisheries management arrangements,NC,New Caledonia,1965,,4,,,,N,units,,,,,N,National,,
DATAFLOW,SPC:DF_CLIMATE_CHANGE(1.0),Climate Change indicators,I,A,Annual,FISH_MNGT_MULT_BILAT_ARGMT,Fisheries management measures in place and multilateral and bilateral fisheries management arrangements,NC,New Caledonia,1966,,5,,,,N,units,,,,,N,National,,
DATAFLOW,SPC:DF_CLIMATE_CHANGE(1.0),Climate Change indicators,I,A,Annual,FISH_MNGT_MULT_BILAT_ARGMT,Fisheries management measures in place and multilateral and bilateral fisheries management arrangements,NC,New Caledonia,1967,,5,,,,N,units,,,,,N,National,,
DATAFLOW,SPC:DF_CLIMATE_CHANGE(1.0),Climate Change indicators,I,A,Annual,FISH_MNGT_MULT_BILAT_ARGMT,Fisheries management measures in place and multilateral and bilateral fisheries management arrangements,NC,New Caledonia,1968,,5,,,,N,units,,,,,N,National,,
DATAFLOW,SPC:DF_CLIMATE_CHANGE(1.0),Climate Change indicators,I,A,Annual,FISH_MNGT_MULT_BILAT_ARGMT,Fisheries management measures in place and multilateral and bilateral fisheries management arrangements,NC,New Caledonia,1969,,5,,,,N,units,,,,,N,National,,
DATAFLOW,SPC:DF_CLIMATE_CHANGE(1.0),Climate Change indicators,I,A,Annual,FISH_MNGT_MULT_BILAT_ARGMT,Fisheries management measures in place and multilateral and bilateral fisheries management arrangements,NC,New Caledonia,1970,,5,,,,N,units,,,,,N,National,,
DATAFLOW,SPC:DF_CLIMATE_CHANGE(1.0),Climate Change indicators,I,A,Annual,FISH_MNGT_MULT_BILAT_ARGMT,Fisheries management measures in place and multilateral and bilateral fisheries management arrangements,NC,New Caledonia,1971,,5,,,,N,units,,,,,N,National,,
DATAFLOW,SPC:DF_CLIMATE_CHANGE(1.0),Climate Change indicators,I,A,Annual,FISH_MNGT_MULT_BILAT_ARGMT,Fisheries management measures in place and multilateral and bilateral fisheries management arrangements,NC,New Caledonia,1972,,5,,,,N,units,,,,,N,National,,
DATAFLOW,SPC:DF_CLIMATE_CHANGE(1.0),Climate Change indicators,I,A,Annual,FISH_MNGT_MULT_BILAT_ARGMT,Fisheries management measures in place and multilateral and bilateral fisheries management arrangements,NC,New Caledonia,1973,,5,,,,N,units,,,,,N,National,,
DATAFLOW,SPC:DF_CLIMATE_CHANGE(1.0),Climate Change indicators,I,A,Annual,FISH_MNGT_MULT_BILAT_ARGMT,Fisheries management measures in place and multilateral and bilateral fisheries management arrangements,NC,New Caledonia,1974,,6,,,,N,units,,,,,N,National,,
DATAFLOW,SPC:DF_CLIMATE_CHANGE(1.0),Climate Change indicators,I,A,Annual,FISH_MNGT_MULT_BILAT_ARGMT,Fisheries management measures in place and multilateral and bilateral fisheries management arrangements,NC,New Caledonia,1975,,6,,,,N,units,,,,,N,National,,
DATAFLOW,SPC:DF_CLIMATE_CHANGE(1.0),Climate Change indicators,I,A,Annual,FISH_MNGT_MULT_BILAT_ARGMT,Fisheries management measures in place and multilateral and bilateral fisheries management arrangements,NC,New Caledonia,1976,,6,,,,N,units,,,,,N,National,,
DATAFLOW,SPC:DF_CLIMATE_CHANGE(1.0),Climate Change indicators,I,A,Annual,FISH_MNGT_MULT_BILAT_ARGMT,Fisheries management measures in place and multilateral and bilateral fisheries management arrangements,NC,New Caledonia,1977,,6,,,,N,units,,,,,N,National,,
DATAFLOW,SPC:DF_CLIMATE_CHANGE(1.0),Climate Change indicators,I,A,Annual,FISH_MNGT_MULT_BILAT_ARGMT,Fisheries management measures in place and multilateral and bilateral fisheries management arrangements,NC,New Caledonia,1978,,7,,,,N,units,,,,,N,National,,
DATAFLOW,SPC:DF_CLIMATE_CHANGE(1.0),Climate Change indicators,I,A,Annual,FISH_MNGT_MULT_BILAT_ARGMT,Fisheries management measures in place and multilateral and bilateral fisheries management arrangements,NC,New Caledonia,1979,,7,,,,N,units,,,,,N,National,,
DATAFLOW,SPC:DF_CLIMATE_CHANGE(1.0),Climate Change indicators,I,A,Annual,FISH_MNGT_MULT_BILAT_ARGMT,Fisheries management measures in place and multilateral and bilateral fisheries management arrangements,NC,New Caledonia,1980,,7,,,,N,units,,,,,N,National,,
DATAFLOW,SPC:DF_CLIMATE_CHANGE(1.0),Climate Change indicators,I,A,Annual,FISH_MNGT_MULT_BILAT_ARGMT,Fisheries management measures in place and multilateral and bilateral fisheries management arrangements,NC,New Caledonia,1981,,9,,,,N,units,,,,,N,National,,
DATAFLOW,SPC:DF_CLIMATE_CHANGE(1.0),Climate Change indicators,I,A,Annual,FISH_MNGT_MULT_BILAT_ARGMT,Fisheries management measures in place and multilateral and bilateral fisheries management arrangements,NC,New Caledonia,1982,,12,,,,N,units,,,,,N,National,,
DATAFLOW,SPC:DF_CLIMATE_CHANGE(1.0),Climate Change indicators,I,A,Annual,FISH_MNGT_MULT_BILAT_ARGMT,Fisheries management measures in place and multilateral and bilateral fisheries management arrangements,NC,New Caledonia,1983,,12,,,,N,units,,,,,N,National,,
DATAFLOW,SPC:DF_CLIMATE_CHANGE(1.0),Climate Change indicators,I,A,Annual,FISH_MNGT_MULT_BILAT_ARGMT,Fisheries management measures in place and multilateral and bilateral fisheries management arrangements,NC,New Caledonia,1984,,13,,,,N,units,,,,,N,National,,
DATAFLOW,SPC:DF_CLIMATE_CHANGE(1.0),Climate Change indicators,I,A,Annual,FISH_MNGT_MULT_BILAT_ARGMT,Fisheries management measures in place and multilateral and bilateral fisheries management arrangements,NC,New Caledonia,1985,,14,,,,N,units,,,,,N,National,,
DATAFLOW,SPC:DF_CLIMATE_CHANGE(1.0),Climate Change indicators,I,A,Annual,FISH_MNGT_MULT_BILAT_ARGMT,Fisheries management measures in place and multilateral and bilateral fisheries management arrangements,NC,New Caledonia,1986,,14,,,,N,units,,,,,N,National,,
DATAFLOW,SPC:DF_CLIMATE_CHANGE(1.0),Climate Change indicators,I,A,Annual,FISH_MNGT_MULT_BILAT_ARGMT,Fisheries management measures in place and multilateral and bilateral fisheries management arrangements,NC,New Caledonia,1987,,14,,,,N,units,,,,,N,National,,
DATAFLOW,SPC:DF_CLIMATE_CHANGE(1.0),Climate Change indicators,I,A,Annual,FISH_MNGT_MULT_BILAT_ARGMT,Fisheries management measures in place and multilateral and bilateral fisheries management arrangements,NC,New Caledonia,1988,,14,,,,N,units,,,,,N,National,,
DATAFLOW,SPC:DF_CLIMATE_CHANGE(1.0),Climate Change indicators,I,A,Annual,FISH_MNGT_MULT_BILAT_ARGMT,Fisheries management measures in place and multilateral and bilateral fisheries management arrangements,NC,New Caledonia,1989,,15,,,,N,units,,,,,N,National,,
DATAFLOW,SPC:DF_CLIMATE_CHANGE(1.0),Climate Change indicators,I,A,Annual,FISH_MNGT_MULT_BILAT_ARGMT,Fisheries management measures in place and multilateral and bilateral fisheries management arrangements,NC,New Caledonia,1990,,19,,,,N,units,,,,,N,National,,
DATAFLOW,SPC:DF_CLIMATE_CHANGE(1.0),Climate Change indicators,I,A,Annual,FISH_MNGT_MULT_BILAT_ARGMT,Fisheries management measures in place and multilateral and bilateral fisheries management arrangements,NC,New Caledonia,1991,,22,,,,N,units,,,,,N,National,,
DATAFLOW,SPC:DF_CLIMATE_CHANGE(1.0),Climate Change indicators,I,A,Annual,FISH_MNGT_MULT_BILAT_ARGMT,Fisheries management measures in place and multilateral and bilateral fisheries management arrangements,NC,New Caledonia,1992,,23,,,,N,units,,,,,N,National,,
DATAFLOW,SPC:DF_CLIMATE_CHANGE(1.0),Climate Change indicators,I,A,Annual,FISH_MNGT_MULT_BILAT_ARGMT,Fisheries management measures in place and multilateral and bilateral fisheries management arrangements,NC,New Caledonia,1993,,23,,,,N,units,,,,,N,National,,
DATAFLOW,SPC:DF_CLIMATE_CHANGE(1.0),Climate Change indicators,I,A,Annual,FISH_MNGT_MULT_BILAT_ARGMT,Fisheries management measures in place and multilateral and bilateral fisheries management arrangements,NC,New Caledonia,1994,,24,,,,N,units,,,,,N,National,,
DATAFLOW,SPC:DF_CLIMATE_CHANGE(1.0),Climate Change indicators,I,A,Annual,FISH_MNGT_MULT_BILAT_ARGMT,Fisheries management measures in place and multilateral and bilateral fisheries management arrangements,NC,New Caledonia,1995,,25,,,,N,units,,,,,N,National,,
DATAFLOW,SPC:DF_CLIMATE_CHANGE(1.0),Climate Change indicators,I,A,Annual,FISH_MNGT_MULT_BILAT_ARGMT,Fisheries management measures in place and multilateral and bilateral fisheries management arrangements,NC,New Caledonia,1996,,26,,,,N,units,,,,,N,National,,
DATAFLOW,SPC:DF_CLIMATE_CHANGE(1.0),Climate Change indicators,I,A,Annual,FISH_MNGT_MULT_BILAT_ARGMT,Fisheries management measures in place and multilateral and bilateral fisheries management arrangements,NC,New Caledonia,1997,,26,,,,N,units,,,,,N,National,,
DATAFLOW,SPC:DF_CLIMATE_CHANGE(1.0),Climate Change indicators,I,A,Annual,FISH_MNGT_MULT_BILAT_ARGMT,Fisheries management measures in place and multilateral and bilateral fisheries management arrangements,NC,New Caledonia,1998,,27,,,,N,units,,,,,N,National,,
DATAFLOW,SPC:DF_CLIMATE_CHANGE(1.0),Climate Change indicators,I,A,Annual,FISH_MNGT_MULT_BILAT_ARGMT,Fisheries management measures in place and multilateral and bilateral fisheries management arrangements,NC,New Caledonia,1999,,28,,,,N,units,,,,,N,National,,
DATAFLOW,SPC:DF_CLIMATE_CHANGE(1.0),Climate Change indicators,I,A,Annual,FISH_MNGT_MULT_BILAT_ARGMT,Fisheries management measures in place and multilateral and bilateral fisheries management arrangements,NC,New Caledonia,2000,,28,,,,N,units,,,,,N,National,,
DATAFLOW,SPC:DF_CLIMATE_CHANGE(1.0),Climate Change indicators,I,A,Annual,FISH_MNGT_MULT_BILAT_ARGMT,Fisheries management measures in place and multilateral and bilateral fisheries management arrangements,NC,New Caledonia,2001,,30,,,,N,units,,,,,N,National,,
DATAFLOW,SPC:DF_CLIMATE_CHANGE(1.0),Climate Change indicators,I,A,Annual,FISH_MNGT_MULT_BILAT_ARGMT,Fisheries management measures in place and multilateral and bilateral fisheries management arrangements,NC,New Caledonia,2002,,30,,,,N,units,,,,,N,National,,
DATAFLOW,SPC:DF_CLIMATE_CHANGE(1.0),Climate Change indicators,I,A,Annual,FISH_MNGT_MULT_BILAT_ARGMT,Fisheries management measures in place and multilateral and bilateral fisheries management arrangements,NC,New Caledonia,2003,,30,,,,N,units,,,,,N,National,,
DATAFLOW,SPC:DF_CLIMATE_CHANGE(1.0),Climate Change indicators,I,A,Annual,FISH_MNGT_MULT_BILAT_ARGMT,Fisheries management measures in place and multilateral and bilateral fisheries management arrangements,NC,New Caledonia,2004,,32,,,,N,units,,,,,N,National,,
DATAFLOW,SPC:DF_CLIMATE_CHANGE(1.0),Climate Change indicators,I,A,Annual,FISH_MNGT_MULT_BILAT_ARGMT,Fisheries management measures in place and multilateral and bilateral fisheries management arrangements,NC,New Caledonia,2005,,33,,,,N,units,,,,,N,National,,
DATAFLOW,SPC:DF_CLIMATE_CHANGE(1.0),Climate Change indicators,I,A,Annual,FISH_MNGT_MULT_BILAT_ARGMT,Fisheries management measures in place and multilateral and bilateral fisheries management arrangements,NC,New Caledonia,2006,,34,,,,N,units,,,,,N,National,,
DATAFLOW,SPC:DF_CLIMATE_CHANGE(1.0),Climate Change indicators,I,A,Annual,FISH_MNGT_MULT_BILAT_ARGMT,Fisheries management measures in place and multilateral and bilateral fisheries management arrangements,NC,New Caledonia,2007,,34,,,,N,units,,,,,N,National,,
DATAFLOW,SPC:DF_CLIMATE_CHANGE(1.0),Climate Change indicators,I,A,Annual,FISH_MNGT_MULT_BILAT_ARGMT,Fisheries management measures in place and multilateral and bilateral fisheries management arrangements,NC,New Caledonia,2008,,34,,,,N,units,,,,,N,National,,
DATAFLOW,SPC:DF_CLIMATE_CHANGE(1.0),Climate Change indicators,I,A,Annual,FISH_MNGT_MULT_BILAT_ARGMT,Fisheries management measures in place and multilateral and bilateral fisheries management arrangements,NC,New Caledonia,2009,,34,,,,N,units,,,,,N,National,,
DATAFLOW,SPC:DF_CLIMATE_CHANGE(1.0),Climate Change indicators,I,A,Annual,FISH_MNGT_MULT_BILAT_ARGMT,Fisheries management measures in place and multilateral and bilateral fisheries management arrangements,NC,New Caledonia,2010,,34,,,,N,units,,,,,N,National,,
DATAFLOW,SPC:DF_CLIMATE_CHANGE(1.0),Climate Change indicators,I,A,Annual,FISH_MNGT_MULT_BILAT_ARGMT,Fisheries management measures in place and multilateral and bilateral fisheries management arrangements,NC,New Caledonia,2011,,37,,,,N,units,,,,,N,National,,
DATAFLOW,SPC:DF_CLIMATE_CHANGE(1.0),Climate Change indicators,I,A,Annual,FISH_MNGT_MULT_BILAT_ARGMT,Fisheries management measures in place and multilateral and bilateral fisheries management arrangements,NC,New Caledonia,2012,,37,,,,N,units,,,,,N,National,,
DATAFLOW,SPC:DF_CLIMATE_CHANGE(1.0),Climate Change indicators,I,A,Annual,FISH_MNGT_MULT_BILAT_ARGMT,Fisheries management measures in place and multilateral and bilateral fisheries management arrangements,NC,New Caledonia,2013,,37,,,,N,units,,,,,N,National,,
DATAFLOW,SPC:DF_CLIMATE_CHANGE(1.0),Climate Change indicators,I,A,Annual,FISH_MNGT_MULT_BILAT_ARGMT,Fisheries management measures in place and multilateral and bilateral fisheries management arrangements,NC,New Caledonia,2014,,37,,,,N,units,,,,,N,National,,
DATAFLOW,SPC:DF_CLIMATE_CHANGE(1.0),Climate Change indicators,I,A,Annual,FISH_MNGT_MULT_BILAT_ARGMT,Fisheries management measures in place and multilateral and bilateral fisheries management arrangements,NC,New Caledonia,2015,,37,,,,N,units,,,,,N,National,,
DATAFLOW,SPC:DF_CLIMATE_CHANGE(1.0),Climate Change indicators,I,A,Annual,FISH_MNGT_MULT_BILAT_ARGMT,Fisheries management measures in place and multilateral and bilateral fisheries management arrangements,NC,New Caledonia,2016,,38,,,,N,units,,,,,N,National,,
DATAFLOW,SPC:DF_CLIMATE_CHANGE(1.0),Climate Change indicators,I,A,Annual,FISH_MNGT_MULT_BILAT_ARGMT,Fisheries management measures in place and multilateral and bilateral fisheries management arrangements,NC,New Caledonia,2017,,38,,,,N,units,,,,,N,National,,
DATAFLOW,SPC:DF_CLIMATE_CHANGE(1.0),Climate Change indicators,I,A,Annual,FISH_MNGT_MULT_BILAT_ARGMT,Fisheries management measures in place and multilateral and bilateral fisheries management arrangements,NC,New Caledonia,2018,,38,,,,N,units,,,,,N,National,,
DATAFLOW,SPC:DF_CLIMATE_CHANGE(1.0),Climate Change indicators,I,A,Annual,FISH_MNGT_MULT_BILAT_ARGMT,Fisheries management measures in place and multilateral and bilateral fisheries management arrangements,NC,New Caledonia,2019,,38,,,,N,units,,,,,N,National,,
DATAFLOW,SPC:DF_CLIMATE_CHANGE(1.0),Climate Change indicators,I,A,Annual,FISH_MNGT_MULT_BILAT_ARGMT,Fisheries management measures in place and multilateral and bilateral fisheries management arrangements,NC,New Caledonia,2020,,38,,,,N,units,,,,,N,National,,
DATAFLOW,SPC:DF_CLIMATE_CHANGE(1.0),Climate Change indicators,I,A,Annual,FISH_MNGT_MULT_BILAT_ARGMT,Fisheries management measures in place and multilateral and bilateral fisheries management arrangements,NC,New Caledonia,2021,,38,,,,N,units,,,,,N,National,,
DATAFLOW,SPC:DF_CLIMATE_CHANGE(1.0),Climate Change indicators,I,A,Annual,FISH_MNGT_MULT_BILAT_ARGMT,Fisheries management measures in place and multilateral and bilateral fisheries management arrangements,NC,New Caledonia,2022,,38,,,,N,units,,,,,N,National,,
DATAFLOW,SPC:DF_CLIMATE_CHANGE(1.0),Climate Change indicators,I,A,Annual,FISH_MNGT_MULT_BILAT_ARGMT,Fisheries management measures in place and multilateral and bilateral fisheries management arrangements,NC,New Caledonia,2023,,38,,,,N,units,,,,,N,National,,
DATAFLOW,SPC:DF_CLIMATE_CHANGE(1.0),Climate Change indicators,I,A,Annual,FISH_MNGT_MULT_BILAT_ARGMT,Fisheries management measures in place and multilateral and bilateral fisheries management arrangements,NC,New Caledonia,2024,,38,,,,N,units,,,,,N,National,,
DATAFLOW,SPC:DF_CLIMATE_CHANGE(1.0),Climate Change indicators,I,A,Annual,FISH_MNGT_MULT_BILAT_ARGMT,Fisheries management measures in place and multilateral and bilateral fisheries management arrangements,NC,New Caledonia,2025,,38,,,,N,units,,,,,N,National,,
DATAFLOW,SPC:DF_CLIMATE_CHANGE(1.0),Climate Change indicators,I,A,Annual,FISH_MNGT_MULT_BILAT_ARGMT,Fisheries management measures in place and multilateral and bilateral fisheries management arrangements,NC,New Caledonia,2026,,38,,,,N,units,,,,,N,National,,
DATAFLOW,SPC:DF_CLIMATE_CHANGE(1.0),Climate Change indicators,I,A,Annual,FISH_MNGT_MULT_BILAT_ARGMT,Fisheries management measures in place and multilateral and bilateral fisheries management arrangements,MH,Marshall Islands,1966,,5,,,,N,units,,,,,N,National,,
DATAFLOW,SPC:DF_CLIMATE_CHANGE(1.0),Climate Change indicators,I,A,Annual,FISH_MNGT_MULT_BILAT_ARGMT,Fisheries management measures in place and multilateral and bilateral fisheries management arrangements,MH,Marshall Islands,1967,,5,,,,N,units,,,,,N,National,,
DATAFLOW,SPC:DF_CLIMATE_CHANGE(1.0),Climate Change indicators,I,A,Annual,FISH_MNGT_MULT_BILAT_ARGMT,Fisheries management measures in place and multilateral and bilateral fisheries management arrangements,MH,Marshall Islands,1968,,5,,,,N,units,,,,,N,National,,
DATAFLOW,SPC:DF_CLIMATE_CHANGE(1.0),Climate Change indicators,I,A,Annual,FISH_MNGT_MULT_BILAT_ARGMT,Fisheries management measures in place and multilateral and bilateral fisheries management arrangements,MH,Marshall Islands,1969,,5,,,,N,units,,,,,N,National,,
DATAFLOW,SPC:DF_CLIMATE_CHANGE(1.0),Climate Change indicators,I,A,Annual,FISH_MNGT_MULT_BILAT_ARGMT,Fisheries management measures in place and multilateral and bilateral fisheries management arrangements,MH,Marshall Islands,1970,,5,,,,N,units,,,,,N,National,,
DATAFLOW,SPC:DF_CLIMATE_CHANGE(1.0),Climate Change indicators,I,A,Annual,FISH_MNGT_MULT_BILAT_ARGMT,Fisheries management measures in place and multilateral and bilateral fisheries management arrangements,MH,Marshall Islands,1971,,5,,,,N,units,,,,,N,National,,
DATAFLOW,SPC:DF_CLIMATE_CHANGE(1.0),Climate Change indicators,I,A,Annual,FISH_MNGT_MULT_BILAT_ARGMT,Fisheries management measures in place and multilateral and bilateral fisheries management arrangements,MH,Marshall Islands,1972,,5,,,,N,units,,,,,N,National,,
DATAFLOW,SPC:DF_CLIMATE_CHANGE(1.0),Climate Change indicators,I,A,Annual,FISH_MNGT_MULT_BILAT_ARGMT,Fisheries management measures in place and multilateral and bilateral fisheries management arrangements,MH,Marshall Islands,1973,,5,,,,N,units,,,,,N,National,,
DATAFLOW,SPC:DF_CLIMATE_CHANGE(1.0),Climate Change indicators,I,A,Annual,FISH_MNGT_MULT_BILAT_ARGMT,Fisheries management measures in place and multilateral and bilateral fisheries management arrangements,MH,Marshall Islands,1974,,5,,,,N,units,,,,,N,National,,
DATAFLOW,SPC:DF_CLIMATE_CHANGE(1.0),Climate Change indicators,I,A,Annual,FISH_MNGT_MULT_BILAT_ARGMT,Fisheries management measures in place and multilateral and bilateral fisheries management arrangements,MH,Marshall Islands,1975,,6,,,,N,units,,,,,N,National,,
DATAFLOW,SPC:DF_CLIMATE_CHANGE(1.0),Climate Change indicators,I,A,Annual,FISH_MNGT_MULT_BILAT_ARGMT,Fisheries management measures in place and multilateral and bilateral fisheries management arrangements,MH,Marshall Islands,1976,,6,,,,N,units,,,,,N,National,,
DATAFLOW,SPC:DF_CLIMATE_CHANGE(1.0),Climate Change indicators,I,A,Annual,FISH_MNGT_MULT_BILAT_ARGMT,Fisheries management measures in place and multilateral and bilateral fisheries management arrangements,MH,Marshall Islands,1977,,6,,,,N,units,,,,,N,National,,
DATAFLOW,SPC:DF_CLIMATE_CHANGE(1.0),Climate Change indicators,I,A,Annual,FISH_MNGT_MULT_BILAT_ARGMT,Fisheries management measures in place and multilateral and bilateral fisheries management arrangements,MH,Marshall Islands,1978,,7,,,,N,units,,,,,N,National,,
DATAFLOW,SPC:DF_CLIMATE_CHANGE(1.0),Climate Change indicators,I,A,Annual,FISH_MNGT_MULT_BILAT_ARGMT,Fisheries management measures in place and multilateral and bilateral fisheries management arrangements,MH,Marshall Islands,1979,,8,,,,N,units,,,,,N,National,,
DATAFLOW,SPC:DF_CLIMATE_CHANGE(1.0),Climate Change indicators,I,A,Annual,FISH_MNGT_MULT_BILAT_ARGMT,Fisheries management measures in place and multilateral and bilateral fisheries management arrangements,MH,Marshall Islands,1980,,8,,,,N,units,,,,,N,National,,
DATAFLOW,SPC:DF_CLIMATE_CHANGE(1.0),Climate Change indicators,I,A,Annual,FISH_MNGT_MULT_BILAT_ARGMT,Fisheries management measures in place and multilateral and bilateral fisheries management arrangements,MH,Marshall Islands,1981,,8,,,,N,units,,,,,N,National,,
DATAFLOW,SPC:DF_CLIMATE_CHANGE(1.0),Climate Change indicators,I,A,Annual,FISH_MNGT_MULT_BILAT_ARGMT,Fisheries management measures in place and multilateral and bilateral fisheries management arrangements,MH,Marshall Islands,1982,,9,,,,N,units,,,,,N,National,,
DATAFLOW,SPC:DF_CLIMATE_CHANGE(1.0),Climate Change indicators,I,A,Annual,FISH_MNGT_MULT_BILAT_ARGMT,Fisheries management measures in place and multilateral and bilateral fisheries management arrangements,MH,Marshall Islands,1983,,10,,,,N,units,,,,,N,National,,
DATAFLOW,SPC:DF_CLIMATE_CHANGE(1.0),Climate Change indicators,I,A,Annual,FISH_MNGT_MULT_BILAT_ARGMT,Fisheries management measures in place and multilateral and bilateral fisheries management arrangements,MH,Marshall Islands,1984,,10,,,,N,units,,,,,N,National,,
DATAFLOW,SPC:DF_CLIMATE_CHANGE(1.0),Climate Change indicators,I,A,Annual,FISH_MNGT_MULT_BILAT_ARGMT,Fisheries management measures in place and multilateral and bilateral fisheries management arrangements,MH,Marshall Islands,1985,,10,,,,N,units,,,,,N,National,,
DATAFLOW,SPC:DF_CLIMATE_CHANGE(1.0),Climate Change indicators,I,A,Annual,FISH_MNGT_MULT_BILAT_ARGMT,Fisheries management measures in place and multilateral and bilateral fisheries management arrangements,MH,Marshall Islands,1986,,10,,,,N,units,,,,,N,National,,
DATAFLOW,SPC:DF_CLIMATE_CHANGE(1.0),Climate Change indicators,I,A,Annual,FISH_MNGT_MULT_BILAT_ARGMT,Fisheries management measures in place and multilateral and bilateral fisheries management arrangements,MH,Marshall Islands,1987,,11,,,,N,units,,,,,N,National,,
DATAFLOW,SPC:DF_CLIMATE_CHANGE(1.0),Climate Change indicators,I,A,Annual,FISH_MNGT_MULT_BILAT_ARGMT,Fisheries management measures in place and multilateral and bilateral fisheries management arrangements,MH,Marshall Islands,1988,,12,,,,N,units,,,,,N,National,,
DATAFLOW,SPC:DF_CLIMATE_CHANGE(1.0),Climate Change indicators,I,A,Annual,FISH_MNGT_MULT_BILAT_ARGMT,Fisheries management measures in place and multilateral and bilateral fisheries management arrangements,MH,Marshall Islands,1989,,15,,,,N,units,,,,,N,National,,
DATAFLOW,SPC:DF_CLIMATE_CHANGE(1.0),Climate Change indicators,I,A,Annual,FISH_MNGT_MULT_BILAT_ARGMT,Fisheries management measures in place and multilateral and bilateral fisheries management arrangements,MH,Marshall Islands,1990,,20,,,,N,units,,,,,N,National,,
DATAFLOW,SPC:DF_CLIMATE_CHANGE(1.0),Climate Change indicators,I,A,Annual,FISH_MNGT_MULT_BILAT_ARGMT,Fisheries management measures in place and multilateral and bilateral fisheries management arrangements,MH,Marshall Islands,1991,,20,,,,N,units,,,,,N,National,,
DATAFLOW,SPC:DF_CLIMATE_CHANGE(1.0),Climate Change indicators,I,A,Annual,FISH_MNGT_MULT_BILAT_ARGMT,Fisheries management measures in place and multilateral and bilateral fisheries management arrangements,MH,Marshall Islands,1992,,24,,,,N,units,,,,,N,National,,
DATAFLOW,SPC:DF_CLIMATE_CHANGE(1.0),Climate Change indicators,I,A,Annual,FISH_MNGT_MULT_BILAT_ARGMT,Fisheries management measures in place and multilateral and bilateral fisheries management arrangements,MH,Marshall Islands,1993,,24,,,,N,units,,,,,N,National,,
DATAFLOW,SPC:DF_CLIMATE_CHANGE(1.0),Climate Change indicators,I,A,Annual,FISH_MNGT_MULT_BILAT_ARGMT,Fisheries management measures in place and multilateral and bilateral fisheries management arrangements,MH,Marshall Islands,1994,,26,,,,N,units,,,,,N,National,,
DATAFLOW,SPC:DF_CLIMATE_CHANGE(1.0),Climate Change indicators,I,A,Annual,FISH_MNGT_MULT_BILAT_ARGMT,Fisheries management measures in place and multilateral and bilateral fisheries management arrangements,MH,Marshall Islands,1995,,26,,,,N,units,,,,,N,National,,
DATAFLOW,SPC:DF_CLIMATE_CHANGE(1.0),Climate Change indicators,I,A,Annual,FISH_MNGT_MULT_BILAT_ARGMT,Fisheries management measures in place and multilateral and bilateral fisheries management arrangements,MH,Marshall Islands,1996,,27,,,,N,units,,,,,N,National,,
DATAFLOW,SPC:DF_CLIMATE_CHANGE(1.0),Climate Change indicators,I,A,Annual,FISH_MNGT_MULT_BILAT_ARGMT,Fisheries management measures in place and multilateral and bilateral fisheries management arrangements,MH,Marshall Islands,1997,,32,,,,N,units,,,,,N,National,,
DATAFLOW,SPC:DF_CLIMATE_CHANGE(1.0),Climate Change indicators,I,A,Annual,FISH_MNGT_MULT_BILAT_ARGMT,Fisheries management measures in place and multilateral and bilateral fisheries management arrangements,MH,Marshall Islands,1998,,33,,,,N,units,,,,,N,National,,
DATAFLOW,SPC:DF_CLIMATE_CHANGE(1.0),Climate Change indicators,I,A,Annual,FISH_MNGT_MULT_BILAT_ARGMT,Fisheries management measures in place and multilateral and bilateral fisheries management arrangements,MH,Marshall Islands,1999,,33,,,,N,units,,,,,N,National,,
DATAFLOW,SPC:DF_CLIMATE_CHANGE(1.0),Climate Change indicators,I,A,Annual,FISH_MNGT_MULT_BILAT_ARGMT,Fisheries management measures in place and multilateral and bilateral fisheries management arrangements,MH,Marshall Islands,2000,,35,,,,N,units,,,,,N,National,,
DATAFLOW,SPC:DF_CLIMATE_CHANGE(1.0),Climate Change indicators,I,A,Annual,FISH_MNGT_MULT_BILAT_ARGMT,Fisheries management measures in place and multilateral and bilateral fisheries management arrangements,MH,Marshall Islands,2001,,35,,,,N,units,,,,,N,National,,
DATAFLOW,SPC:DF_CLIMATE_CHANGE(1.0),Climate Change indicators,I,A,Annual,FISH_MNGT_MULT_BILAT_ARGMT,Fisheries management measures in place and multilateral and bilateral fisheries management arrangements,MH,Marshall Islands,2002,,35,,,,N,units,,,,,N,National,,
DATAFLOW,SPC:DF_CLIMATE_CHANGE(1.0),Climate Change indicators,I,A,Annual,FISH_MNGT_MULT_BILAT_ARGMT,Fisheries management measures in place and multilateral and bilateral fisheries management arrangements,MH,Marshall Islands,2003,,35,,,,N,units,,,,,N,National,,
DATAFLOW,SPC:DF_CLIMATE_CHANGE(1.0),Climate Change indicators,I,A,Annual,FISH_MNGT_MULT_BILAT_ARGMT,Fisheries management measures in place and multilateral and bilateral fisheries management arrangements,MH,Marshall Islands,2004,,36,,,,N,units,,,,,N,National,,
DATAFLOW,SPC:DF_CLIMATE_CHANGE(1.0),Climate Change indicators,I,A,Annual,FISH_MNGT_MULT_BILAT_ARGMT,Fisheries management measures in place and multilateral and bilateral fisheries management arrangements,MH,Marshall Islands,2005,,37,,,,N,units,,,,,N,National,,
DATAFLOW,SPC:DF_CLIMATE_CHANGE(1.0),Climate Change indicators,I,A,Annual,FISH_MNGT_MULT_BILAT_ARGMT,Fisheries management measures in place and multilateral and bilateral fisheries management arrangements,MH,Marshall Islands,2006,,37,,,,N,units,,,,,N,National,,
DATAFLOW,SPC:DF_CLIMATE_CHANGE(1.0),Climate Change indicators,I,A,Annual,FISH_MNGT_MULT_BILAT_ARGMT,Fisheries management measures in place and multilateral and bilateral fisheries management arrangements,MH,Marshall Islands,2007,,37,,,,N,units,,,,,N,National,,
DATAFLOW,SPC:DF_CLIMATE_CHANGE(1.0),Climate Change indicators,I,A,Annual,FISH_MNGT_MULT_BILAT_ARGMT,Fisheries management measures in place and multilateral and bilateral fisheries management arrangements,MH,Marshall Islands,2008,,37,,,,N,units,,,,,N,National,,
DATAFLOW,SPC:DF_CLIMATE_CHANGE(1.0),Climate Change indicators,I,A,Annual,FISH_MNGT_MULT_BILAT_ARGMT,Fisheries management measures in place and multilateral and bilateral fisheries management arrangements,MH,Marshall Islands,2009,,38,,,,N,units,,,,,N,National,,
DATAFLOW,SPC:DF_CLIMATE_CHANGE(1.0),Climate Change indicators,I,A,Annual,FISH_MNGT_MULT_BILAT_ARGMT,Fisheries management measures in place and multilateral and bilateral fisheries management arrangements,MH,Marshall Islands,2010,,39,,,,N,units,,,,,N,National,,
DATAFLOW,SPC:DF_CLIMATE_CHANGE(1.0),Climate Change indicators,I,A,Annual,FISH_MNGT_MULT_BILAT_ARGMT,Fisheries management measures in place and multilateral and bilateral fisheries management arrangements,MH,Marshall Islands,2011,,40,,,,N,units,,,,,N,National,,
DATAFLOW,SPC:DF_CLIMATE_CHANGE(1.0),Climate Change indicators,I,A,Annual,FISH_MNGT_MULT_BILAT_ARGMT,Fisheries management measures in place and multilateral and bilateral fisheries management arrangements,MH,Marshall Islands,2012,,42,,,,N,units,,,,,N,National,,
DATAFLOW,SPC:DF_CLIMATE_CHANGE(1.0),Climate Change indicators,I,A,Annual,FISH_MNGT_MULT_BILAT_ARGMT,Fisheries management measures in place and multilateral and bilateral fisheries management arrangements,MH,Marshall Islands,2013,,45,,,,N,units,,,,,N,National,,
DATAFLOW,SPC:DF_CLIMATE_CHANGE(1.0),Climate Change indicators,I,A,Annual,FISH_MNGT_MULT_BILAT_ARGMT,Fisheries management measures in place and multilateral and bilateral fisheries management arrangements,MH,Marshall Islands,2014,,46,,,,N,units,,,,,N,National,,
DATAFLOW,SPC:DF_CLIMATE_CHANGE(1.0),Climate Change indicators,I,A,Annual,FISH_MNGT_MULT_BILAT_ARGMT,Fisheries management measures in place and multilateral and bilateral fisheries management arrangements,MH,Marshall Islands,2015,,47,,,,N,units,,,,,N,National,,
DATAFLOW,SPC:DF_CLIMATE_CHANGE(1.0),Climate Change indicators,I,A,Annual,FISH_MNGT_MULT_BILAT_ARGMT,Fisheries management measures in place and multilateral and bilateral fisheries management arrangements,MH,Marshall Islands,2016,,50,,,,N,units,,,,,N,National,,
DATAFLOW,SPC:DF_CLIMATE_CHANGE(1.0),Climate Change indicators,I,A,Annual,FISH_MNGT_MULT_BILAT_ARGMT,Fisheries management measures in place and multilateral and bilateral fisheries management arrangements,MH,Marshall Islands,2017,,51,,,,N,units,,,,,N,National,,
DATAFLOW,SPC:DF_CLIMATE_CHANGE(1.0),Climate Change indicators,I,A,Annual,FISH_MNGT_MULT_BILAT_ARGMT,Fisheries management measures in place and multilateral and bilateral fisheries management arrangements,MH,Marshall Islands,2018,,55,,,,N,units,,,,,N,National,,
DATAFLOW,SPC:DF_CLIMATE_CHANGE(1.0),Climate Change indicators,I,A,Annual,FISH_MNGT_MULT_BILAT_ARGMT,Fisheries management measures in place and multilateral and bilateral fisheries management arrangements,MH,Marshall Islands,2019,,57,,,,N,units,,,,,N,National,,
DATAFLOW,SPC:DF_CLIMATE_CHANGE(1.0),Climate Change indicators,I,A,Annual,FISH_MNGT_MULT_BILAT_ARGMT,Fisheries management measures in place and multilateral and bilateral fisheries management arrangements,MH,Marshall Islands,2020,,61,,,,N,units,,,,,N,National,,
DATAFLOW,SPC:DF_CLIMATE_CHANGE(1.0),Climate Change indicators,I,A,Annual,FISH_MNGT_MULT_BILAT_ARGMT,Fisheries management measures in place and multilateral and bilateral fisheries management arrangements,MH,Marshall Islands,2021,,61,,,,N,units,,,,,N,National,,
DATAFLOW,SPC:DF_CLIMATE_CHANGE(1.0),Climate Change indicators,I,A,Annual,FISH_MNGT_MULT_BILAT_ARGMT,Fisheries management measures in place and multilateral and bilateral fisheries management arrangements,MH,Marshall Islands,2022,,61,,,,N,units,,,,,N,National,,
DATAFLOW,SPC:DF_CLIMATE_CHANGE(1.0),Climate Change indicators,I,A,Annual,FISH_MNGT_MULT_BILAT_ARGMT,Fisheries management measures in place and multilateral and bilateral fisheries management arrangements,MH,Marshall Islands,2023,,63,,,,N,units,,,,,N,National,,
DATAFLOW,SPC:DF_CLIMATE_CHANGE(1.0),Climate Change indicators,I,A,Annual,FISH_MNGT_MULT_BILAT_ARGMT,Fisheries management measures in place and multilateral and bilateral fisheries management arrangements,MH,Marshall Islands,2024,,64,,,,N,units,,,,,N,National,,
DATAFLOW,SPC:DF_CLIMATE_CHANGE(1.0),Climate Change indicators,I,A,Annual,FISH_MNGT_MULT_BILAT_ARGMT,Fisheries management measures in place and multilateral and bilateral fisheries management arrangements,MH,Marshall Islands,2025,,65,,,,N,units,,,,,N,National,,
DATAFLOW,SPC:DF_CLIMATE_CHANGE(1.0),Climate Change indicators,I,A,Annual,FISH_MNGT_MULT_BILAT_ARGMT,Fisheries management measures in place and multilateral and bilateral fisheries management arrangements,MH,Marshall Islands,2026,,65,,,,N,units,,,,,N,National,,
DATAFLOW,SPC:DF_CLIMATE_CHANGE(1.0),Climate Change indicators,I,A,Annual,FISH_MNGT_MULT_BILAT_ARGMT,Fisheries management measures in place and multilateral and bilateral fisheries management arrangements,PN,Pitcairn,1980,,1,,,,N,units,,,,,N,National,,
DATAFLOW,SPC:DF_CLIMATE_CHANGE(1.0),Climate Change indicators,I,A,Annual,FISH_MNGT_MULT_BILAT_ARGMT,Fisheries management measures in place and multilateral and bilateral fisheries management arrangements,PN,Pitcairn,1981,,1,,,,N,units,,,,,N,National,,
DATAFLOW,SPC:DF_CLIMATE_CHANGE(1.0),Climate Change indicators,I,A,Annual,FISH_MNGT_MULT_BILAT_ARGMT,Fisheries management measures in place and multilateral and bilateral fisheries management arrangements,PN,Pitcairn,1982,,3,,,,N,units,,,,,N,National,,
DATAFLOW,SPC:DF_CLIMATE_CHANGE(1.0),Climate Change indicators,I,A,Annual,FISH_MNGT_MULT_BILAT_ARGMT,Fisheries management measures in place and multilateral and bilateral fisheries management arrangements,PN,Pitcairn,1983,,4,,,,N,units,,,,,N,National,,
DATAFLOW,SPC:DF_CLIMATE_CHANGE(1.0),Climate Change indicators,I,A,Annual,FISH_MNGT_MULT_BILAT_ARGMT,Fisheries management measures in place and multilateral and bilateral fisheries management arrangements,PN,Pitcairn,1984,,4,,,,N,units,,,,,N,National,,
DATAFLOW,SPC:DF_CLIMATE_CHANGE(1.0),Climate Change indicators,I,A,Annual,FISH_MNGT_MULT_BILAT_ARGMT,Fisheries management measures in place and multilateral and bilateral fisheries management arrangements,PN,Pitcairn,1985,,4,,,,N,units,,,,,N,National,,
DATAFLOW,SPC:DF_CLIMATE_CHANGE(1.0),Climate Change indicators,I,A,Annual,FISH_MNGT_MULT_BILAT_ARGMT,Fisheries management measures in place and multilateral and bilateral fisheries management arrangements,PN,Pitcairn,1986,,5,,,,N,units,,,,,N,National,,
DATAFLOW,SPC:DF_CLIMATE_CHANGE(1.0),Climate Change indicators,I,A,Annual,FISH_MNGT_MULT_BILAT_ARGMT,Fisheries management measures in place and multilateral and bilateral fisheries management arrangements,PN,Pitcairn,1987,,5,,,,N,units,,,,,N,National,,
DATAFLOW,SPC:DF_CLIMATE_CHANGE(1.0),Climate Change indicators,I,A,Annual,FISH_MNGT_MULT_BILAT_ARGMT,Fisheries management measures in place and multilateral and bilateral fisheries management arrangements,PN,Pitcairn,1988,,5,,,,N,units,,,,,N,National,,
DATAFLOW,SPC:DF_CLIMATE_CHANGE(1.0),Climate Change indicators,I,A,Annual,FISH_MNGT_MULT_BILAT_ARGMT,Fisheries management measures in place and multilateral and bilateral fisheries management arrangements,PN,Pitcairn,1989,,6,,,,N,units,,,,,N,National,,
DATAFLOW,SPC:DF_CLIMATE_CHANGE(1.0),Climate Change indicators,I,A,Annual,FISH_MNGT_MULT_BILAT_ARGMT,Fisheries management measures in place and multilateral and bilateral fisheries management arrangements,PN,Pitcairn,1990,,8,,,,N,units,,,,,N,National,,
DATAFLOW,SPC:DF_CLIMATE_CHANGE(1.0),Climate Change indicators,I,A,Annual,FISH_MNGT_MULT_BILAT_ARGMT,Fisheries management measures in place and multilateral and bilateral fisheries management arrangements,PN,Pitcairn,1991,,8,,,,N,units,,,,,N,National,,
DATAFLOW,SPC:DF_CLIMATE_CHANGE(1.0),Climate Change indicators,I,A,Annual,FISH_MNGT_MULT_BILAT_ARGMT,Fisheries management measures in place and multilateral and bilateral fisheries management arrangements,PN,Pitcairn,1992,,8,,,,N,units,,,,,N,National,,
DATAFLOW,SPC:DF_CLIMATE_CHANGE(1.0),Climate Change indicators,I,A,Annual,FISH_MNGT_MULT_BILAT_ARGMT,Fisheries management measures in place and multilateral and bilateral fisheries management arrangements,PN,Pitcairn,1993,,8,,,,N,units,,,,,N,National,,
DATAFLOW,SPC:DF_CLIMATE_CHANGE(1.0),Climate Change indicators,I,A,Annual,FISH_MNGT_MULT_BILAT_ARGMT,Fisheries management measures in place and multilateral and bilateral fisheries management arrangements,PN,Pitcairn,1994,,8,,,,N,units,,,,,N,National,,
DATAFLOW,SPC:DF_CLIMATE_CHANGE(1.0),Climate Change indicators,I,A,Annual,FISH_MNGT_MULT_BILAT_ARGMT,Fisheries management measures in place and multilateral and bilateral fisheries management arrangements,PN,Pitcairn,1995,,8,,,,N,units,,,,,N,National,,
DATAFLOW,SPC:DF_CLIMATE_CHANGE(1.0),Climate Change indicators,I,A,Annual,FISH_MNGT_MULT_BILAT_ARGMT,Fisheries management measures in place and multilateral and bilateral fisheries management arrangements,PN,Pitcairn,1996,,8,,,,N,units,,,,,N,National,,
DATAFLOW,SPC:DF_CLIMATE_CHANGE(1.0),Climate Change indicators,I,A,Annual,FISH_MNGT_MULT_BILAT_ARGMT,Fisheries management measures in place and multilateral and bilateral fisheries management arrangements,PN,Pitcairn,1997,,8,,,,N,units,,,,,N,National,,
DATAFLOW,SPC:DF_CLIMATE_CHANGE(1.0),Climate Change indicators,I,A,Annual,FISH_MNGT_MULT_BILAT_ARGMT,Fisheries management measures in place and multilateral and bilateral fisheries management arrangements,PN,Pitcairn,1998,,8,,,,N,units,,,,,N,National,,
DATAFLOW,SPC:DF_CLIMATE_CHANGE(1.0),Climate Change indicators,I,A,Annual,FISH_MNGT_MULT_BILAT_ARGMT,Fisheries management measures in place and multilateral and bilateral fisheries management arrangements,PN,Pitcairn,1999,,8,,,,N,units,,,,,N,National,,
DATAFLOW,SPC:DF_CLIMATE_CHANGE(1.0),Climate Change indicators,I,A,Annual,FISH_MNGT_MULT_BILAT_ARGMT,Fisheries management measures in place and multilateral and bilateral fisheries management arrangements,PN,Pitcairn,2000,,8,,,,N,units,,,,,N,National,,
DATAFLOW,SPC:DF_CLIMATE_CHANGE(1.0),Climate Change indicators,I,A,Annual,FISH_MNGT_MULT_BILAT_ARGMT,Fisheries management measures in place and multilateral and bilateral fisheries management arrangements,PN,Pitcairn,2001,,8,,,,N,units,,,,,N,National,,
DATAFLOW,SPC:DF_CLIMATE_CHANGE(1.0),Climate Change indicators,I,A,Annual,FISH_MNGT_MULT_BILAT_ARGMT,Fisheries management measures in place and multilateral and bilateral fisheries management arrangements,PN,Pitcairn,2002,,8,,,,N,units,,,,,N,National,,
DATAFLOW,SPC:DF_CLIMATE_CHANGE(1.0),Climate Change indicators,I,A,Annual,FISH_MNGT_MULT_BILAT_ARGMT,Fisheries management measures in place and multilateral and bilateral fisheries management arrangements,PN,Pitcairn,2003,,8,,,,N,units,,,,,N,National,,
DATAFLOW,SPC:DF_CLIMATE_CHANGE(1.0),Climate Change indicators,I,A,Annual,FISH_MNGT_MULT_BILAT_ARGMT,Fisheries management measures in place and multilateral and bilateral fisheries management arrangements,PN,Pitcairn,2004,,8,,,,N,units,,,,,N,National,,
DATAFLOW,SPC:DF_CLIMATE_CHANGE(1.0),Climate Change indicators,I,A,Annual,FISH_MNGT_MULT_BILAT_ARGMT,Fisheries management measures in place and multilateral and bilateral fisheries management arrangements,PN,Pitcairn,2005,,8,,,,N,units,,,,,N,National,,
DATAFLOW,SPC:DF_CLIMATE_CHANGE(1.0),Climate Change indicators,I,A,Annual,FISH_MNGT_MULT_BILAT_ARGMT,Fisheries management measures in place and multilateral and bilateral fisheries management arrangements,PN,Pitcairn,2006,,8,,,,N,units,,,,,N,National,,
DATAFLOW,SPC:DF_CLIMATE_CHANGE(1.0),Climate Change indicators,I,A,Annual,FISH_MNGT_MULT_BILAT_ARGMT,Fisheries management measures in place and multilateral and bilateral fisheries management arrangements,PN,Pitcairn,2007,,8,,,,N,units,,,,,N,National,,
DATAFLOW,SPC:DF_CLIMATE_CHANGE(1.0),Climate Change indicators,I,A,Annual,FISH_MNGT_MULT_BILAT_ARGMT,Fisheries management measures in place and multilateral and bilateral fisheries management arrangements,PN,Pitcairn,2008,,8,,,,N,units,,,,,N,National,,
DATAFLOW,SPC:DF_CLIMATE_CHANGE(1.0),Climate Change indicators,I,A,Annual,FISH_MNGT_MULT_BILAT_ARGMT,Fisheries management measures in place and multilateral and bilateral fisheries management arrangements,PN,Pitcairn,2009,,8,,,,N,units,,,,,N,National,,
DATAFLOW,SPC:DF_CLIMATE_CHANGE(1.0),Climate Change indicators,I,A,Annual,FISH_MNGT_MULT_BILAT_ARGMT,Fisheries management measures in place and multilateral and bilateral fisheries management arrangements,PN,Pitcairn,2010,,8,,,,N,units,,,,,N,National,,
DATAFLOW,SPC:DF_CLIMATE_CHANGE(1.0),Climate Change indicators,I,A,Annual,FISH_MNGT_MULT_BILAT_ARGMT,Fisheries management measures in place and multilateral and bilateral fisheries management arrangements,PN,Pitcairn,2011,,8,,,,N,units,,,,,N,National,,
DATAFLOW,SPC:DF_CLIMATE_CHANGE(1.0),Climate Change indicators,I,A,Annual,FISH_MNGT_MULT_BILAT_ARGMT,Fisheries management measures in place and multilateral and bilateral fisheries management arrangements,PN,Pitcairn,2012,,8,,,,N,units,,,,,N,National,,
DATAFLOW,SPC:DF_CLIMATE_CHANGE(1.0),Climate Change indicators,I,A,Annual,FISH_MNGT_MULT_BILAT_ARGMT,Fisheries management measures in place and multilateral and bilateral fisheries management arrangements,PN,Pitcairn,2013,,8,,,,N,units,,,,,N,National,,
DATAFLOW,SPC:DF_CLIMATE_CHANGE(1.0),Climate Change indicators,I,A,Annual,FISH_MNGT_MULT_BILAT_ARGMT,Fisheries management measures in place and multilateral and bilateral fisheries management arrangements,PN,Pitcairn,2014,,8,,,,N,units,,,,,N,National,,
DATAFLOW,SPC:DF_CLIMATE_CHANGE(1.0),Climate Change indicators,I,A,Annual,FISH_MNGT_MULT_BILAT_ARGMT,Fisheries management measures in place and multilateral and bilateral fisheries management arrangements,PN,Pitcairn,2015,,8,,,,N,units,,,,,N,National,,
DATAFLOW,SPC:DF_CLIMATE_CHANGE(1.0),Climate Change indicators,I,A,Annual,FISH_MNGT_MULT_BILAT_ARGMT,Fisheries management measures in place and multilateral and bilateral fisheries management arrangements,PN,Pitcairn,2016,,8,,,,N,units,,,,,N,National,,
DATAFLOW,SPC:DF_CLIMATE_CHANGE(1.0),Climate Change indicators,I,A,Annual,FISH_MNGT_MULT_BILAT_ARGMT,Fisheries management measures in place and multilateral and bilateral fisheries management arrangements,PN,Pitcairn,2017,,8,,,,N,units,,,,,N,National,,
DATAFLOW,SPC:DF_CLIMATE_CHANGE(1.0),Climate Change indicators,I,A,Annual,FISH_MNGT_MULT_BILAT_ARGMT,Fisheries management measures in place and multilateral and bilateral fisheries management arrangements,PN,Pitcairn,2018,,8,,,,N,units,,,,,N,National,,
DATAFLOW,SPC:DF_CLIMATE_CHANGE(1.0),Climate Change indicators,I,A,Annual,FISH_MNGT_MULT_BILAT_ARGMT,Fisheries management measures in place and multilateral and bilateral fisheries management arrangements,PN,Pitcairn,2019,,8,,,,N,units,,,,,N,National,,
DATAFLOW,SPC:DF_CLIMATE_CHANGE(1.0),Climate Change indicators,I,A,Annual,FISH_MNGT_MULT_BILAT_ARGMT,Fisheries management measures in place and multilateral and bilateral fisheries management arrangements,PN,Pitcairn,2020,,8,,,,N,units,,,,,N,National,,
DATAFLOW,SPC:DF_CLIMATE_CHANGE(1.0),Climate Change indicators,I,A,Annual,FISH_MNGT_MULT_BILAT_ARGMT,Fisheries management measures in place and multilateral and bilateral fisheries management arrangements,PN,Pitcairn,2021,,8,,,,N,units,,,,,N,National,,
DATAFLOW,SPC:DF_CLIMATE_CHANGE(1.0),Climate Change indicators,I,A,Annual,FISH_MNGT_MULT_BILAT_ARGMT,Fisheries management measures in place and multilateral and bilateral fisheries management arrangements,PN,Pitcairn,2022,,8,,,,N,units,,,,,N,National,,
DATAFLOW,SPC:DF_CLIMATE_CHANGE(1.0),Climate Change indicators,I,A,Annual,FISH_MNGT_MULT_BILAT_ARGMT,Fisheries management measures in place and multilateral and bilateral fisheries management arrangements,PN,Pitcairn,2023,,8,,,,N,units,,,,,N,National,,
DATAFLOW,SPC:DF_CLIMATE_CHANGE(1.0),Climate Change indicators,I,A,Annual,FISH_MNGT_MULT_BILAT_ARGMT,Fisheries management measures in place and multilateral and bilateral fisheries management arrangements,PN,Pitcairn,2024,,8,,,,N,units,,,,,N,National,,
DATAFLOW,SPC:DF_CLIMATE_CHANGE(1.0),Climate Change indicators,I,A,Annual,FISH_MNGT_MULT_BILAT_ARGMT,Fisheries management measures in place and multilateral and bilateral fisheries management arrangements,PN,Pitcairn,2025,,8,,,,N,units,,,,,N,National,,
DATAFLOW,SPC:DF_CLIMATE_CHANGE(1.0),Climate Change indicators,I,A,Annual,FISH_MNGT_MULT_BILAT_ARGMT,Fisheries management measures in place and multilateral and bilateral fisheries management arrangements,PN,Pitcairn,2026,,8,,,,N,units,,,,,N,National,,
DATAFLOW,SPC:DF_CLIMATE_CHANGE(1.0),Climate Change indicators,I,A,Annual,FISH_MNGT_MULT_BILAT_ARGMT,Fisheries management measures in place and multilateral and bilateral fisheries management arrangements,MP,Northern Mariana Islands,1978,,1,,,,N,units,,,,,N,National,,
DATAFLOW,SPC:DF_CLIMATE_CHANGE(1.0),Climate Change indicators,I,A,Annual,FISH_MNGT_MULT_BILAT_ARGMT,Fisheries management measures in place and multilateral and bilateral fisheries management arrangements,MP,Northern Mariana Islands,1979,,2,,,,N,units,,,,,N,National,,
DATAFLOW,SPC:DF_CLIMATE_CHANGE(1.0),Climate Change indicators,I,A,Annual,FISH_MNGT_MULT_BILAT_ARGMT,Fisheries management measures in place and multilateral and bilateral fisheries management arrangements,MP,Northern Mariana Islands,1980,,2,,,,N,units,,,,,N,National,,
DATAFLOW,SPC:DF_CLIMATE_CHANGE(1.0),Climate Change indicators,I,A,Annual,FISH_MNGT_MULT_BILAT_ARGMT,Fisheries management measures in place and multilateral and bilateral fisheries management arrangements,MP,Northern Mariana Islands,1981,,3,,,,N,units,,,,,N,National,,
DATAFLOW,SPC:DF_CLIMATE_CHANGE(1.0),Climate Change indicators,I,A,Annual,FISH_MNGT_MULT_BILAT_ARGMT,Fisheries management measures in place and multilateral and bilateral fisheries management arrangements,MP,Northern Mariana Islands,1982,,3,,,,N,units,,,,,N,National,,
DATAFLOW,SPC:DF_CLIMATE_CHANGE(1.0),Climate Change indicators,I,A,Annual,FISH_MNGT_MULT_BILAT_ARGMT,Fisheries management measures in place and multilateral and bilateral fisheries management arrangements,MP,Northern Mariana Islands,1983,,4,,,,N,units,,,,,N,National,,
DATAFLOW,SPC:DF_CLIMATE_CHANGE(1.0),Climate Change indicators,I,A,Annual,FISH_MNGT_MULT_BILAT_ARGMT,Fisheries management measures in place and multilateral and bilateral fisheries management arrangements,MP,Northern Mariana Islands,1984,,4,,,,N,units,,,,,N,National,,
DATAFLOW,SPC:DF_CLIMATE_CHANGE(1.0),Climate Change indicators,I,A,Annual,FISH_MNGT_MULT_BILAT_ARGMT,Fisheries management measures in place and multilateral and bilateral fisheries management arrangements,MP,Northern Mariana Islands,1985,,5,,,,N,units,,,,,N,National,,
DATAFLOW,SPC:DF_CLIMATE_CHANGE(1.0),Climate Change indicators,I,A,Annual,FISH_MNGT_MULT_BILAT_ARGMT,Fisheries management measures in place and multilateral and bilateral fisheries management arrangements,MP,Northern Mariana Islands,1986,,5,,,,N,units,,,,,N,National,,
DATAFLOW,SPC:DF_CLIMATE_CHANGE(1.0),Climate Change indicators,I,A,Annual,FISH_MNGT_MULT_BILAT_ARGMT,Fisheries management measures in place and multilateral and bilateral fisheries management arrangements,MP,Northern Mariana Islands,1987,,5,,,,N,units,,,,,N,National,,
DATAFLOW,SPC:DF_CLIMATE_CHANGE(1.0),Climate Change indicators,I,A,Annual,FISH_MNGT_MULT_BILAT_ARGMT,Fisheries management measures in place and multilateral and bilateral fisheries management arrangements,MP,Northern Mariana Islands,1988,,5,,,,N,units,,,,,N,National,,
DATAFLOW,SPC:DF_CLIMATE_CHANGE(1.0),Climate Change indicators,I,A,Annual,FISH_MNGT_MULT_BILAT_ARGMT,Fisheries management measures in place and multilateral and bilateral fisheries management arrangements,MP,Northern Mariana Islands,1989,,5,,,,N,units,,,,,N,National,,
DATAFLOW,SPC:DF_CLIMATE_CHANGE(1.0),Climate Change indicators,I,A,Annual,FISH_MNGT_MULT_BILAT_ARGMT,Fisheries management measures in place and multilateral and bilateral fisheries management arrangements,MP,Northern Mariana Islands,1990,,6,,,,N,units,,,,,N,National,,
DATAFLOW,SPC:DF_CLIMATE_CHANGE(1.0),Climate Change indicators,I,A,Annual,FISH_MNGT_MULT_BILAT_ARGMT,Fisheries management measures in place and multilateral and bilateral fisheries management arrangements,MP,Northern Mariana Islands,1991,,7,,,,N,units,,,,,N,National,,
DATAFLOW,SPC:DF_CLIMATE_CHANGE(1.0),Climate Change indicators,I,A,Annual,FISH_MNGT_MULT_BILAT_ARGMT,Fisheries management measures in place and multilateral and bilateral fisheries management arrangements,MP,Northern Mariana Islands,1992,,7,,,,N,units,,,,,N,National,,
DATAFLOW,SPC:DF_CLIMATE_CHANGE(1.0),Climate Change indicators,I,A,Annual,FISH_MNGT_MULT_BILAT_ARGMT,Fisheries management measures in place and multilateral and bilateral fisheries management arrangements,MP,Northern Mariana Islands,1993,,7,,,,N,units,,,,,N,National,,
DATAFLOW,SPC:DF_CLIMATE_CHANGE(1.0),Climate Change indicators,I,A,Annual,FISH_MNGT_MULT_BILAT_ARGMT,Fisheries management measures in place and multilateral and bilateral fisheries management arrangements,MP,Northern Mariana Islands,1994,,7,,,,N,units,,,,,N,National,,
DATAFLOW,SPC:DF_CLIMATE_CHANGE(1.0),Climate Change indicators,I,A,Annual,FISH_MNGT_MULT_BILAT_ARGMT,Fisheries management measures in place and multilateral and bilateral fisheries management arrangements,MP,Northern Mariana Islands,1995,,8,,,,N,units,,,,,N,National,,
DATAFLOW,SPC:DF_CLIMATE_CHANGE(1.0),Climate Change indicators,I,A,Annual,FISH_MNGT_MULT_BILAT_ARGMT,Fisheries management measures in place and multilateral and bilateral fisheries management arrangements,MP,Northern Mariana Islands,1996,,8,,,,N,units,,,,,N,National,,
DATAFLOW,SPC:DF_CLIMATE_CHANGE(1.0),Climate Change indicators,I,A,Annual,FISH_MNGT_MULT_BILAT_ARGMT,Fisheries management measures in place and multilateral and bilateral fisheries management arrangements,MP,Northern Mariana Islands,1997,,8,,,,N,units,,,,,N,National,,
DATAFLOW,SPC:DF_CLIMATE_CHANGE(1.0),Climate Change indicators,I,A,Annual,FISH_MNGT_MULT_BILAT_ARGMT,Fisheries management measures in place and multilateral and bilateral fisheries management arrangements,MP,Northern Mariana Islands,1998,,8,,,,N,units,,,,,N,National,,
DATAFLOW,SPC:DF_CLIMATE_CHANGE(1.0),Climate Change indicators,I,A,Annual,FISH_MNGT_MULT_BILAT_ARGMT,Fisheries management measures in place and multilateral and bilateral fisheries management arrangements,MP,Northern Mariana Islands,1999,,9,,,,N,units,,,,,N,National,,
DATAFLOW,SPC:DF_CLIMATE_CHANGE(1.0),Climate Change indicators,I,A,Annual,FISH_MNGT_MULT_BILAT_ARGMT,Fisheries management measures in place and multilateral and bilateral fisheries management arrangements,MP,Northern Mariana Islands,2000,,12,,,,N,units,,,,,N,National,,
DATAFLOW,SPC:DF_CLIMATE_CHANGE(1.0),Climate Change indicators,I,A,Annual,FISH_MNGT_MULT_BILAT_ARGMT,Fisheries management measures in place and multilateral and bilateral fisheries management arrangements,MP,Northern Mariana Islands,2001,,14,,,,N,units,,,,,N,National,,
DATAFLOW,SPC:DF_CLIMATE_CHANGE(1.0),Climate Change indicators,I,A,Annual,FISH_MNGT_MULT_BILAT_ARGMT,Fisheries management measures in place and multilateral and bilateral fisheries management arrangements,MP,Northern Mariana Islands,2002,,16,,,,N,units,,,,,N,National,,
DATAFLOW,SPC:DF_CLIMATE_CHANGE(1.0),Climate Change indicators,I,A,Annual,FISH_MNGT_MULT_BILAT_ARGMT,Fisheries management measures in place and multilateral and bilateral fisheries management arrangements,MP,Northern Mariana Islands,2003,,16,,,,N,units,,,,,N,National,,
DATAFLOW,SPC:DF_CLIMATE_CHANGE(1.0),Climate Change indicators,I,A,Annual,FISH_MNGT_MULT_BILAT_ARGMT,Fisheries management measures in place and multilateral and bilateral fisheries management arrangements,MP,Northern Mariana Islands,2004,,17,,,,N,units,,,,,N,National,,
DATAFLOW,SPC:DF_CLIMATE_CHANGE(1.0),Climate Change indicators,I,A,Annual,FISH_MNGT_MULT_BILAT_ARGMT,Fisheries management measures in place and multilateral and bilateral fisheries management arrangements,MP,Northern Mariana Islands,2005,,17,,,,N,units,,,,,N,National,,
DATAFLOW,SPC:DF_CLIMATE_CHANGE(1.0),Climate Change indicators,I,A,Annual,FISH_MNGT_MULT_BILAT_ARGMT,Fisheries management measures in place and multilateral and bilateral fisheries management arrangements,MP,Northern Mariana Islands,2006,,18,,,,N,units,,,,,N,National,,
DATAFLOW,SPC:DF_CLIMATE_CHANGE(1.0),Climate Change indicators,I,A,Annual,FISH_MNGT_MULT_BILAT_ARGMT,Fisheries management measures in place and multilateral and bilateral fisheries management arrangements,MP,Northern Mariana Islands,2007,,20,,,,N,units,,,,,N,National,,
DATAFLOW,SPC:DF_CLIMATE_CHANGE(1.0),Climate Change indicators,I,A,Annual,FISH_MNGT_MULT_BILAT_ARGMT,Fisheries management measures in place and multilateral and bilateral fisheries management arrangements,MP,Northern Mariana Islands,2008,,21,,,,N,units,,,,,N,National,,
DATAFLOW,SPC:DF_CLIMATE_CHANGE(1.0),Climate Change indicators,I,A,Annual,FISH_MNGT_MULT_BILAT_ARGMT,Fisheries management measures in place and multilateral and bilateral fisheries management arrangements,MP,Northern Mariana Islands,2009,,22,,,,N,units,,,,,N,National,,
DATAFLOW,SPC:DF_CLIMATE_CHANGE(1.0),Climate Change indicators,I,A,Annual,FISH_MNGT_MULT_BILAT_ARGMT,Fisheries management measures in place and multilateral and bilateral fisheries management arrangements,MP,Northern Mariana Islands,2010,,27,,,,N,units,,,,,N,National,,
DATAFLOW,SPC:DF_CLIMATE_CHANGE(1.0),Climate Change indicators,I,A,Annual,FISH_MNGT_MULT_BILAT_ARGMT,Fisheries management measures in place and multilateral and bilateral fisheries management arrangements,MP,Northern Mariana Islands,2011,,31,,,,N,units,,,,,N,National,,
DATAFLOW,SPC:DF_CLIMATE_CHANGE(1.0),Climate Change indicators,I,A,Annual,FISH_MNGT_MULT_BILAT_ARGMT,Fisheries management measures in place and multilateral and bilateral fisheries management arrangements,MP,Northern Mariana Islands,2012,,32,,,,N,units,,,,,N,National,,
DATAFLOW,SPC:DF_CLIMATE_CHANGE(1.0),Climate Change indicators,I,A,Annual,FISH_MNGT_MULT_BILAT_ARGMT,Fisheries management measures in place and multilateral and bilateral fisheries management arrangements,MP,Northern Mariana Islands,2013,,33,,,,N,units,,,,,N,National,,
DATAFLOW,SPC:DF_CLIMATE_CHANGE(1.0),Climate Change indicators,I,A,Annual,FISH_MNGT_MULT_BILAT_ARGMT,Fisheries management measures in place and multilateral and bilateral fisheries management arrangements,MP,Northern Mariana Islands,2014,,35,,,,N,units,,,,,N,National,,
DATAFLOW,SPC:DF_CLIMATE_CHANGE(1.0),Climate Change indicators,I,A,Annual,FISH_MNGT_MULT_BILAT_ARGMT,Fisheries management measures in place and multilateral and bilateral fisheries management arrangements,MP,Northern Mariana Islands,2015,,35,,,,N,units,,,,,N,National,,
DATAFLOW,SPC:DF_CLIMATE_CHANGE(1.0),Climate Change indicators,I,A,Annual,FISH_MNGT_MULT_BILAT_ARGMT,Fisheries management measures in place and multilateral and bilateral fisheries management arrangements,MP,Northern Mariana Islands,2016,,35,,,,N,units,,,,,N,National,,
DATAFLOW,SPC:DF_CLIMATE_CHANGE(1.0),Climate Change indicators,I,A,Annual,FISH_MNGT_MULT_BILAT_ARGMT,Fisheries management measures in place and multilateral and bilateral fisheries management arrangements,MP,Northern Mariana Islands,2017,,35,,,,N,units,,,,,N,National,,
DATAFLOW,SPC:DF_CLIMATE_CHANGE(1.0),Climate Change indicators,I,A,Annual,FISH_MNGT_MULT_BILAT_ARGMT,Fisheries management measures in place and multilateral and bilateral fisheries management arrangements,MP,Northern Mariana Islands,2018,,35,,,,N,units,,,,,N,National,,
DATAFLOW,SPC:DF_CLIMATE_CHANGE(1.0),Climate Change indicators,I,A,Annual,FISH_MNGT_MULT_BILAT_ARGMT,Fisheries management measures in place and multilateral and bilateral fisheries management arrangements,MP,Northern Mariana Islands,2019,,36,,,,N,units,,,,,N,National,,
DATAFLOW,SPC:DF_CLIMATE_CHANGE(1.0),Climate Change indicators,I,A,Annual,FISH_MNGT_MULT_BILAT_ARGMT,Fisheries management measures in place and multilateral and bilateral fisheries management arrangements,MP,Northern Mariana Islands,2020,,36,,,,N,units,,,,,N,National,,
DATAFLOW,SPC:DF_CLIMATE_CHANGE(1.0),Climate Change indicators,I,A,Annual,FISH_MNGT_MULT_BILAT_ARGMT,Fisheries management measures in place and multilateral and bilateral fisheries management arrangements,MP,Northern Mariana Islands,2021,,36,,,,N,units,,,,,N,National,,
DATAFLOW,SPC:DF_CLIMATE_CHANGE(1.0),Climate Change indicators,I,A,Annual,FISH_MNGT_MULT_BILAT_ARGMT,Fisheries management measures in place and multilateral and bilateral fisheries management arrangements,MP,Northern Mariana Islands,2022,,36,,,,N,units,,,,,N,National,,
DATAFLOW,SPC:DF_CLIMATE_CHANGE(1.0),Climate Change indicators,I,A,Annual,FISH_MNGT_MULT_BILAT_ARGMT,Fisheries management measures in place and multilateral and bilateral fisheries management arrangements,MP,Northern Mariana Islands,2023,,36,,,,N,units,,,,,N,National,,
DATAFLOW,SPC:DF_CLIMATE_CHANGE(1.0),Climate Change indicators,I,A,Annual,FISH_MNGT_MULT_BILAT_ARGMT,Fisheries management measures in place and multilateral and bilateral fisheries management arrangements,MP,Northern Mariana Islands,2024,,36,,,,N,units,,,,,N,National,,
DATAFLOW,SPC:DF_CLIMATE_CHANGE(1.0),Climate Change indicators,I,A,Annual,FISH_MNGT_MULT_BILAT_ARGMT,Fisheries management measures in place and multilateral and bilateral fisheries management arrangements,MP,Northern Mariana Islands,2025,,36,,,,N,units,,,,,N,National,,
DATAFLOW,SPC:DF_CLIMATE_CHANGE(1.0),Climate Change indicators,I,A,Annual,FISH_MNGT_MULT_BILAT_ARGMT,Fisheries management measures in place and multilateral and bilateral fisheries management arrangements,MP,Northern Mariana Islands,2026,,36,,,,N,units,,,,,N,National,,
DATAFLOW,SPC:DF_CLIMATE_CHANGE(1.0),Climate Change indicators,I,A,Annual,FISH_MNGT_MULT_BILAT_ARGMT,Fisheries management measures in place and multilateral and bilateral fisheries management arrangements,PF,French Polynesia,1978,,1,,,,N,units,,,,,N,National,,
DATAFLOW,SPC:DF_CLIMATE_CHANGE(1.0),Climate Change indicators,I,A,Annual,FISH_MNGT_MULT_BILAT_ARGMT,Fisheries management measures in place and multilateral and bilateral fisheries management arrangements,PF,French Polynesia,1979,,1,,,,N,units,,,,,N,National,,
DATAFLOW,SPC:DF_CLIMATE_CHANGE(1.0),Climate Change indicators,I,A,Annual,FISH_MNGT_MULT_BILAT_ARGMT,Fisheries management measures in place and multilateral and bilateral fisheries management arrangements,PF,French Polynesia,1980,,1,,,,N,units,,,,,N,National,,
DATAFLOW,SPC:DF_CLIMATE_CHANGE(1.0),Climate Change indicators,I,A,Annual,FISH_MNGT_MULT_BILAT_ARGMT,Fisheries management measures in place and multilateral and bilateral fisheries management arrangements,PF,French Polynesia,1981,,1,,,,N,units,,,,,N,National,,
DATAFLOW,SPC:DF_CLIMATE_CHANGE(1.0),Climate Change indicators,I,A,Annual,FISH_MNGT_MULT_BILAT_ARGMT,Fisheries management measures in place and multilateral and bilateral fisheries management arrangements,PF,French Polynesia,1982,,1,,,,N,units,,,,,N,National,,
DATAFLOW,SPC:DF_CLIMATE_CHANGE(1.0),Climate Change indicators,I,A,Annual,FISH_MNGT_MULT_BILAT_ARGMT,Fisheries management measures in place and multilateral and bilateral fisheries management arrangements,PF,French Polynesia,1983,,1,,,,N,units,,,,,N,National,,
DATAFLOW,SPC:DF_CLIMATE_CHANGE(1.0),Climate Change indicators,I,A,Annual,FISH_MNGT_MULT_BILAT_ARGMT,Fisheries management measures in place and multilateral and bilateral fisheries management arrangements,PF,French Polynesia,1984,,1,,,,N,units,,,,,N,National,,
DATAFLOW,SPC:DF_CLIMATE_CHANGE(1.0),Climate Change indicators,I,A,Annual,FISH_MNGT_MULT_BILAT_ARGMT,Fisheries management measures in place and multilateral and bilateral fisheries management arrangements,PF,French Polynesia,1985,,1,,,,N,units,,,,,N,National,,
DATAFLOW,SPC:DF_CLIMATE_CHANGE(1.0),Climate Change indicators,I,A,Annual,FISH_MNGT_MULT_BILAT_ARGMT,Fisheries management measures in place and multilateral and bilateral fisheries management arrangements,PF,French Polynesia,1986,,1,,,,N,units,,,,,N,National,,
DATAFLOW,SPC:DF_CLIMATE_CHANGE(1.0),Climate Change indicators,I,A,Annual,FISH_MNGT_MULT_BILAT_ARGMT,Fisheries management measures in place and multilateral and bilateral fisheries management arrangements,PF,French Polynesia,1987,,1,,,,N,units,,,,,N,National,,
DATAFLOW,SPC:DF_CLIMATE_CHANGE(1.0),Climate Change indicators,I,A,Annual,FISH_MNGT_MULT_BILAT_ARGMT,Fisheries management measures in place and multilateral and bilateral fisheries management arrangements,PF,French Polynesia,1988,,1,,,,N,units,,,,,N,National,,
DATAFLOW,SPC:DF_CLIMATE_CHANGE(1.0),Climate Change indicators,I,A,Annual,FISH_MNGT_MULT_BILAT_ARGMT,Fisheries management measures in place and multilateral and bilateral fisheries management arrangements,PF,French Polynesia,1989,,2,,,,N,units,,,,,N,National,,
DATAFLOW,SPC:DF_CLIMATE_CHANGE(1.0),Climate Change indicators,I,A,Annual,FISH_MNGT_MULT_BILAT_ARGMT,Fisheries management measures in place and multilateral and bilateral fisheries management arrangements,PF,French Polynesia,1990,,4,,,,N,units,,,,,N,National,,
DATAFLOW,SPC:DF_CLIMATE_CHANGE(1.0),Climate Change indicators,I,A,Annual,FISH_MNGT_MULT_BILAT_ARGMT,Fisheries management measures in place and multilateral and bilateral fisheries management arrangements,PF,French Polynesia,1991,,5,,,,N,units,,,,,N,National,,
DATAFLOW,SPC:DF_CLIMATE_CHANGE(1.0),Climate Change indicators,I,A,Annual,FISH_MNGT_MULT_BILAT_ARGMT,Fisheries management measures in place and multilateral and bilateral fisheries management arrangements,PF,French Polynesia,1992,,5,,,,N,units,,,,,N,National,,
DATAFLOW,SPC:DF_CLIMATE_CHANGE(1.0),Climate Change indicators,I,A,Annual,FISH_MNGT_MULT_BILAT_ARGMT,Fisheries management measures in place and multilateral and bilateral fisheries management arrangements,PF,French Polynesia,1993,,5,,,,N,units,,,,,N,National,,
DATAFLOW,SPC:DF_CLIMATE_CHANGE(1.0),Climate Change indicators,I,A,Annual,FISH_MNGT_MULT_BILAT_ARGMT,Fisheries management measures in place and multilateral and bilateral fisheries management arrangements,PF,French Polynesia,1994,,6,,,,N,units,,,,,N,National,,
DATAFLOW,SPC:DF_CLIMATE_CHANGE(1.0),Climate Change indicators,I,A,Annual,FISH_MNGT_MULT_BILAT_ARGMT,Fisheries management measures in place and multilateral and bilateral fisheries management arrangements,PF,French Polynesia,1995,,6,,,,N,units,,,,,N,National,,
DATAFLOW,SPC:DF_CLIMATE_CHANGE(1.0),Climate Change indicators,I,A,Annual,FISH_MNGT_MULT_BILAT_ARGMT,Fisheries management measures in place and multilateral and bilateral fisheries management arrangements,PF,French Polynesia,1996,,7,,,,N,units,,,,,N,National,,
DATAFLOW,SPC:DF_CLIMATE_CHANGE(1.0),Climate Change indicators,I,A,Annual,FISH_MNGT_MULT_BILAT_ARGMT,Fisheries management measures in place and multilateral and bilateral fisheries management arrangements,PF,French Polynesia,1997,,7,,,,N,units,,,,,N,National,,
DATAFLOW,SPC:DF_CLIMATE_CHANGE(1.0),Climate Change indicators,I,A,Annual,FISH_MNGT_MULT_BILAT_ARGMT,Fisheries management measures in place and multilateral and bilateral fisheries management arrangements,PF,French Polynesia,1998,,7,,,,N,units,,,,,N,National,,
DATAFLOW,SPC:DF_CLIMATE_CHANGE(1.0),Climate Change indicators,I,A,Annual,FISH_MNGT_MULT_BILAT_ARGMT,Fisheries management measures in place and multilateral and bilateral fisheries management arrangements,PF,French Polynesia,1999,,7,,,,N,units,,,,,N,National,,
DATAFLOW,SPC:DF_CLIMATE_CHANGE(1.0),Climate Change indicators,I,A,Annual,FISH_MNGT_MULT_BILAT_ARGMT,Fisheries management measures in place and multilateral and bilateral fisheries management arrangements,PF,French Polynesia,2000,,7,,,,N,units,,,,,N,National,,
DATAFLOW,SPC:DF_CLIMATE_CHANGE(1.0),Climate Change indicators,I,A,Annual,FISH_MNGT_MULT_BILAT_ARGMT,Fisheries management measures in place and multilateral and bilateral fisheries management arrangements,PF,French Polynesia,2001,,7,,,,N,units,,,,,N,National,,
DATAFLOW,SPC:DF_CLIMATE_CHANGE(1.0),Climate Change indicators,I,A,Annual,FISH_MNGT_MULT_BILAT_ARGMT,Fisheries management measures in place and multilateral and bilateral fisheries management arrangements,PF,French Polynesia,2002,,7,,,,N,units,,,,,N,National,,
DATAFLOW,SPC:DF_CLIMATE_CHANGE(1.0),Climate Change indicators,I,A,Annual,FISH_MNGT_MULT_BILAT_ARGMT,Fisheries management measures in place and multilateral and bilateral fisheries management arrangements,PF,French Polynesia,2003,,7,,,,N,units,,,,,N,National,,
DATAFLOW,SPC:DF_CLIMATE_CHANGE(1.0),Climate Change indicators,I,A,Annual,FISH_MNGT_MULT_BILAT_ARGMT,Fisheries management measures in place and multilateral and bilateral fisheries management arrangements,PF,French Polynesia,2004,,7,,,,N,units,,,,,N,National,,
DATAFLOW,SPC:DF_CLIMATE_CHANGE(1.0),Climate Change indicators,I,A,Annual,FISH_MNGT_MULT_BILAT_ARGMT,Fisheries management measures in place and multilateral and bilateral fisheries management arrangements,PF,French Polynesia,2005,,8,,,,N,units,,,,,N,National,,
DATAFLOW,SPC:DF_CLIMATE_CHANGE(1.0),Climate Change indicators,I,A,Annual,FISH_MNGT_MULT_BILAT_ARGMT,Fisheries management measures in place and multilateral and bilateral fisheries management arrangements,PF,French Polynesia,2006,,8,,,,N,units,,,,,N,National,,
DATAFLOW,SPC:DF_CLIMATE_CHANGE(1.0),Climate Change indicators,I,A,Annual,FISH_MNGT_MULT_BILAT_ARGMT,Fisheries management measures in place and multilateral and bilateral fisheries management arrangements,PF,French Polynesia,2007,,8,,,,N,units,,,,,N,National,,
DATAFLOW,SPC:DF_CLIMATE_CHANGE(1.0),Climate Change indicators,I,A,Annual,FISH_MNGT_MULT_BILAT_ARGMT,Fisheries management measures in place and multilateral and bilateral fisheries management arrangements,PF,French Polynesia,2008,,8,,,,N,units,,,,,N,National,,
DATAFLOW,SPC:DF_CLIMATE_CHANGE(1.0),Climate Change indicators,I,A,Annual,FISH_MNGT_MULT_BILAT_ARGMT,Fisheries management measures in place and multilateral and bilateral fisheries management arrangements,PF,French Polynesia,2009,,8,,,,N,units,,,,,N,National,,
DATAFLOW,SPC:DF_CLIMATE_CHANGE(1.0),Climate Change indicators,I,A,Annual,FISH_MNGT_MULT_BILAT_ARGMT,Fisheries management measures in place and multilateral and bilateral fisheries management arrangements,PF,French Polynesia,2010,,9,,,,N,units,,,,,N,National,,
DATAFLOW,SPC:DF_CLIMATE_CHANGE(1.0),Climate Change indicators,I,A,Annual,FISH_MNGT_MULT_BILAT_ARGMT,Fisheries management measures in place and multilateral and bilateral fisheries management arrangements,PF,French Polynesia,2011,,11,,,,N,units,,,,,N,National,,
DATAFLOW,SPC:DF_CLIMATE_CHANGE(1.0),Climate Change indicators,I,A,Annual,FISH_MNGT_MULT_BILAT_ARGMT,Fisheries management measures in place and multilateral and bilateral fisheries management arrangements,PF,French Polynesia,2012,,11,,,,N,units,,,,,N,National,,
DATAFLOW,SPC:DF_CLIMATE_CHANGE(1.0),Climate Change indicators,I,A,Annual,FISH_MNGT_MULT_BILAT_ARGMT,Fisheries management measures in place and multilateral and bilateral fisheries management arrangements,PF,French Polynesia,2013,,14,,,,N,units,,,,,N,National,,
DATAFLOW,SPC:DF_CLIMATE_CHANGE(1.0),Climate Change indicators,I,A,Annual,FISH_MNGT_MULT_BILAT_ARGMT,Fisheries management measures in place and multilateral and bilateral fisheries management arrangements,PF,French Polynesia,2014,,14,,,,N,units,,,,,N,National,,
DATAFLOW,SPC:DF_CLIMATE_CHANGE(1.0),Climate Change indicators,I,A,Annual,FISH_MNGT_MULT_BILAT_ARGMT,Fisheries management measures in place and multilateral and bilateral fisheries management arrangements,PF,French Polynesia,2015,,16,,,,N,units,,,,,N,National,,
DATAFLOW,SPC:DF_CLIMATE_CHANGE(1.0),Climate Change indicators,I,A,Annual,FISH_MNGT_MULT_BILAT_ARGMT,Fisheries management measures in place and multilateral and bilateral fisheries management arrangements,PF,French Polynesia,2016,,16,,,,N,units,,,,,N,National,,
DATAFLOW,SPC:DF_CLIMATE_CHANGE(1.0),Climate Change indicators,I,A,Annual,FISH_MNGT_MULT_BILAT_ARGMT,Fisheries management measures in place and multilateral and bilateral fisheries management arrangements,PF,French Polynesia,2017,,20,,,,N,units,,,,,N,National,,
DATAFLOW,SPC:DF_CLIMATE_CHANGE(1.0),Climate Change indicators,I,A,Annual,FISH_MNGT_MULT_BILAT_ARGMT,Fisheries management measures in place and multilateral and bilateral fisheries management arrangements,PF,French Polynesia,2018,,20,,,,N,units,,,,,N,National,,
DATAFLOW,SPC:DF_CLIMATE_CHANGE(1.0),Climate Change indicators,I,A,Annual,FISH_MNGT_MULT_BILAT_ARGMT,Fisheries management measures in place and multilateral and bilateral fisheries management arrangements,PF,French Polynesia,2019,,20,,,,N,units,,,,,N,National,,
DATAFLOW,SPC:DF_CLIMATE_CHANGE(1.0),Climate Change indicators,I,A,Annual,FISH_MNGT_MULT_BILAT_ARGMT,Fisheries management measures in place and multilateral and bilateral fisheries management arrangements,PF,French Polynesia,2020,,21,,,,N,units,,,,,N,National,,
DATAFLOW,SPC:DF_CLIMATE_CHANGE(1.0),Climate Change indicators,I,A,Annual,FISH_MNGT_MULT_BILAT_ARGMT,Fisheries management measures in place and multilateral and bilateral fisheries management arrangements,PF,French Polynesia,2021,,21,,,,N,units,,,,,N,National,,
DATAFLOW,SPC:DF_CLIMATE_CHANGE(1.0),Climate Change indicators,I,A,Annual,FISH_MNGT_MULT_BILAT_ARGMT,Fisheries management measures in place and multilateral and bilateral fisheries management arrangements,PF,French Polynesia,2022,,21,,,,N,units,,,,,N,National,,
DATAFLOW,SPC:DF_CLIMATE_CHANGE(1.0),Climate Change indicators,I,A,Annual,FISH_MNGT_MULT_BILAT_ARGMT,Fisheries management measures in place and multilateral and bilateral fisheries management arrangements,PF,French Polynesia,2023,,23,,,,N,units,,,,,N,National,,
DATAFLOW,SPC:DF_CLIMATE_CHANGE(1.0),Climate Change indicators,I,A,Annual,FISH_MNGT_MULT_BILAT_ARGMT,Fisheries management measures in place and multilateral and bilateral fisheries management arrangements,PF,French Polynesia,2024,,25,,,,N,units,,,,,N,National,,
DATAFLOW,SPC:DF_CLIMATE_CHANGE(1.0),Climate Change indicators,I,A,Annual,FISH_MNGT_MULT_BILAT_ARGMT,Fisheries management measures in place and multilateral and bilateral fisheries management arrangements,PF,French Polynesia,2025,,25,,,,N,units,,,,,N,National,,
DATAFLOW,SPC:DF_CLIMATE_CHANGE(1.0),Climate Change indicators,I,A,Annual,FISH_MNGT_MULT_BILAT_ARGMT,Fisheries management measures in place and multilateral and bilateral fisheries management arrangements,PF,French Polynesia,2026,,25,,,,N,units,,,,,N,National,,
